od_key,src,dst,is_diag,class,flow_scale,sum_mse,rmse,mae,mean_true,max_true,mean_pred,rank,mse_share_pct,cum_mse_pct,rank_pct,tier
41_47-41_47,41_47,41_47,True,Partial Recovery,Hub (≥500人),27768.126671457732,31.491567279113294,25.168756890394544,633.7353032271884,703.8619344319953,637.5248678571427,1,5.617471578598378,5.617471578598378,0.06451612903225806,🔴 Top 1% 核心幹線 (極高誤差)
30_69-30_69,30_69,30_69,True,True Stable,Hub (≥500人),27730.713965309707,31.470345432139823,26.34235178125528,583.8497821983971,667.8327384978645,590.7534071428571,2,5.609903015693448,11.227374594291826,0.12903225806451613,🔴 Top 1% 核心幹線 (極高誤差)
34_70-34_70,34_70,34_70,True,True Stable,Large (200~500人),24798.798545309586,29.760231461099213,27.109337946520043,243.5056179730789,307.0714752544799,236.1568964285714,3,5.016778685140962,16.244153279432787,0.1935483870967742,🔴 Top 1% 核心幹線 (極高誤差)
31_69-31_69,31_69,31_69,True,True Stable,Hub (≥500人),21574.45251923905,27.758172875774708,20.812427974697275,563.7173129646015,639.188874593579,565.0989107142858,4,4.36449585831147,20.608649137744255,0.25806451612903225,🔴 Top 1% 核心幹線 (極高誤差)
32_48-32_48,32_48,32_48,True,True Stable,Large (200~500人),16672.856140804703,24.402031634392294,17.584056008882186,374.3584670520754,434.72324331988534,375.81920714285707,5,3.3729065202407136,23.98155565798497,0.3225806451612903,🔴 Top 1% 核心幹線 (極高誤差)
30_68-30_68,30_68,30_68,True,True Stable,Medium (50~200人),15468.956147639756,23.50452551230428,19.104409667892096,151.72882540726602,173.5673016918357,151.23315714285715,6,3.129358438114227,27.110914096099197,0.3870967741935484,🔴 Top 1% 核心幹線 (極高誤差)
58_44-58_44,58_44,58_44,True,Persistent Decrease,Large (200~500人),13573.808997181854,22.017694991903554,17.242329510620433,350.3928747277599,405.28078140743776,359.1305464285714,7,2.7459715650666587,29.856885661165855,0.4516129032258065,🔴 Top 1% 核心幹線 (極高誤差)
31_70-31_70,31_70,31_70,True,True Stable,Large (200~500人),12216.031288524777,20.88748026289978,16.930282692060903,260.7614632963649,306.89116940328523,263.14811428571426,8,2.471294134403845,32.3281797955697,0.5161290322580645,🔴 Top 1% 核心幹線 (極高誤差)
33_70-33_70,33_70,33_70,True,True Stable,Large (200~500人),10981.318989921987,19.80378660574248,15.155356384466788,319.5321975900538,346.0760300272908,322.40965714285716,9,2.2215127455758985,34.549692541145596,0.5806451612903226,🔴 Top 1% 核心幹線 (極高誤差)
32_70-32_70,32_70,32_70,True,True Stable,Large (200~500人),10812.912837449096,19.651347497826322,15.670147140024335,244.2430370199705,278.3018237734205,245.07581785714288,10,2.1874443049363665,36.73713684608196,0.6451612903225806,🔴 Top 1% 核心幹線 (極高誤差)
34_38-34_38,34_38,34_38,True,True Stable,Large (200~500人),9875.097241252251,18.779830785458042,15.468455459243547,379.416071529257,423.28250319647793,378.00441428571423,11,1.9977249003854975,38.73486174646746,0.7096774193548387,🔴 Top 1% 核心幹線 (極高誤差)
34_37-34_37,34_37,34_37,True,True Stable,Medium (50~200人),7676.064787949775,16.557329826943903,13.554491623341011,125.943891434148,141.62538763665046,127.88395,12,1.5528622543381674,40.28772400080563,0.7741935483870968,🔴 Top 1% 核心幹線 (極高誤差)
31_49-31_49,31_49,31_49,True,True Stable,Large (200~500人),6550.628016091007,15.295456860606643,12.323854053513108,186.2317224724689,230.7266570691761,186.34321785714286,13,1.3251872241055915,41.61291122491122,0.8387096774193548,🔴 Top 1% 核心幹線 (極高誤差)
39_38-39_38,39_38,39_38,True,True Stable,Medium (50~200人),6355.959054341305,15.066470643619448,11.59816283060388,155.05669529053324,180.81712002575532,158.98340714285715,14,1.2858058364879588,42.898717061399175,0.903225806451613,🔴 Top 1% 核心幹線 (極高誤差)
41_48-41_48,41_48,41_48,True,True Stable,Large (200~500人),5997.5389802984155,14.635498649685408,12.08956545374592,243.96126631084354,274.59942885360977,245.2518535714286,15,1.2132977194314125,44.11201478083059,0.967741935483871,🔴 Top 1% 核心幹線 (極高誤差)
41_46-41_46,41_46,41_46,True,Recovered,Large (200~500人),5895.804497975121,14.510838926686986,12.238718053063792,183.7410309025769,213.59357815000106,186.29737142857144,16,1.1927169085695135,45.30473168940011,1.032258064516129,🟠 Top 1%~5% 次級幹線 (高度誤差)
43_45-43_45,43_45,43_45,True,Partial Recovery,Large (200~500人),5893.933286058424,14.50853601709109,11.207036779834407,207.73406298253585,235.69706762412352,210.35021071428568,17,1.192338363776631,46.497070053176735,1.096774193548387,🟠 Top 1%~5% 次級幹線 (高度誤差)
30_37-30_37,30_37,30_37,True,Partial Dissipation,Medium (50~200人),5888.369753009613,14.501686789830462,11.841790277077909,97.51206719718725,124.01339074565259,95.74009642857143,18,1.1912128651375598,47.68828291831429,1.1612903225806452,🟠 Top 1%~5% 次級幹線 (高度誤差)
40_46-40_46,40_46,40_46,True,Partial Dissipation,Medium (50~200人),5416.941484758885,13.90906883598776,10.933083681413018,130.51258631985326,156.17574208389425,130.29156785714287,19,1.0958432736062598,48.784126191920556,1.2258064516129032,🟠 Top 1%~5% 次級幹線 (高度誤差)
34_39-34_39,34_39,34_39,True,Delayed Increase,Large (200~500人),5100.776857534073,13.497059015014653,11.227936522487363,165.27649349894645,200.70079904164024,168.69134285714287,20,1.0318834023262469,49.81600959424681,1.2903225806451613,🟠 Top 1%~5% 次級幹線 (高度誤差)
30_70-30_70,30_70,30_70,True,True Stable,Large (200~500人),5015.7419199911565,13.384081589697672,10.873660162812836,200.02278383930053,229.32467217379047,203.19122142857145,21,1.014680897076722,50.83069049132353,1.3548387096774193,🟠 Top 1%~5% 次級幹線 (高度誤差)
38_44-38_44,38_44,38_44,True,True Stable,Medium (50~200人),5002.5355187029045,13.3664498955713,11.114086413975818,142.62665303400465,182.369415707123,141.2622607142857,22,1.0120092518206316,51.84269974314416,1.4193548387096775,🟠 Top 1%~5% 次級幹線 (高度誤差)
31_48-31_48,31_48,31_48,True,True Stable,Large (200~500人),4454.942854739816,12.613687088040253,9.388360329816175,348.4280204592938,376.6564922444023,348.37042142857155,23,0.9012316591203119,52.743931402264465,1.4838709677419355,🟠 Top 1%~5% 次級幹線 (高度誤差)
42_43-42_43,42_43,42_43,True,True Stable,Medium (50~200人),3971.5599336201853,11.909719820412272,9.29553599448811,122.84984771161204,140.79934020801284,119.7692107142857,24,0.803443650116432,53.5473750523809,1.5483870967741935,🟠 Top 1%~5% 次級幹線 (高度誤差)
32_47-32_47,32_47,32_47,True,Partial Dissipation,Large (200~500人),3896.9443009587303,11.797312498069106,9.203559577118455,177.7297418693018,204.7199446491457,177.22842500000004,25,0.7883489625721803,54.33572401495308,1.6129032258064515,🟠 Top 1%~5% 次級幹線 (高度誤差)
38_43-38_43,38_43,38_43,True,Partial Dissipation,Medium (50~200人),3821.0621549222196,11.68188792674097,10.354835974214465,106.53652207671037,131.53856718915023,107.19535357142857,26,0.7729980603047508,55.10872207525783,1.6774193548387095,🟠 Top 1%~5% 次級幹線 (高度誤差)
37_42-37_42,37_42,37_42,True,Temporary Increase,Medium (50~200人),3473.4608595799323,11.137871141130434,9.07999927216912,93.60971977712362,118.96843255129393,92.21523928571426,27,0.7026785742129376,55.81140064947077,1.7419354838709675,🟠 Top 1%~5% 次級幹線 (高度誤差)
42_49-42_49,42_49,42_49,True,Delayed Increase,Medium (50~200人),3430.0875072556214,11.06811299450495,9.49687821239492,46.68236082060825,66.81324047702869,44.51482142857143,28,0.6939041769756622,56.50530482644642,1.806451612903226,🟠 Top 1%~5% 次級幹線 (高度誤差)
50_44-50_44,50_44,50_44,True,True Stable,Medium (50~200人),3429.048507451338,11.06643655940168,8.48101691527922,139.4091372278363,167.1170313785171,134.61975714285714,29,0.6936939880803223,57.19899881452674,1.870967741935484,🟠 Top 1%~5% 次級幹線 (高度誤差)
30_50-30_50,30_50,30_50,True,True Stable,Medium (50~200人),3220.1492814644334,10.72405387346001,8.26831739547809,56.51700172037791,71.18292260833275,58.25117857142857,30,0.6514338284859469,57.850432643012695,1.935483870967742,🟠 Top 1%~5% 次級幹線 (高度誤差)
32_37-32_37,32_37,32_37,True,True Stable,Medium (50~200人),3215.2932433815436,10.715964797877083,8.666549184974437,88.1710680336962,104.13536153887236,85.83806071428572,31,0.650451455557518,58.500884098570204,2.0,🟠 Top 1%~5% 次級幹線 (高度誤差)
40_47-40_47,40_47,40_47,True,True Stable,Medium (50~200人),3127.885158680931,10.569303867266031,8.912402506565089,133.9181722583246,152.61248442808818,129.43217857142855,32,0.6327688643854562,59.133652962955665,2.064516129032258,🟠 Top 1%~5% 次級幹線 (高度誤差)
30_48-30_48,30_48,30_48,True,True Stable,Medium (50~200人),2896.9243199067782,10.171606699721215,8.363980225469588,100.11711509932061,119.77482497687316,100.96276785714285,33,0.5860456567692711,59.71969861972494,2.129032258064516,🟠 Top 1%~5% 次級幹線 (高度誤差)
33_48-33_48,33_48,33_48,True,True Stable,Medium (50~200人),2877.5704436007572,10.137572341825301,8.973405579272685,130.502027419162,148.19231232026914,130.466325,34,0.5821303818437742,60.301829001568706,2.193548387096774,🟠 Top 1%~5% 次級幹線 (高度誤差)
30_49-30_49,30_49,30_49,True,Temporary Increase,Medium (50~200人),2834.0515259416397,10.06062254169627,6.859878413032185,77.11396259281436,95.28576072462589,77.80652857142857,35,0.5733265368464544,60.87515553841517,2.258064516129032,🟠 Top 1%~5% 次級幹線 (高度誤差)
42_46-42_46,42_46,42_46,True,True Stable,Medium (50~200人),2831.840255822701,10.056696872913486,8.408678587095116,116.23549716941861,132.57960053856948,118.63258571428571,36,0.57287919852966,61.44803473694482,2.3225806451612905,🟠 Top 1%~5% 次級幹線 (高度誤差)
33_47-33_47,33_47,33_47,True,Temporary Increase,Medium (50~200人),2804.4080713465173,10.007868460342516,7.78931029000518,101.31049980401228,134.2836483010136,100.93879642857141,37,0.5673296878097949,62.01536442475463,2.3870967741935485,🟠 Top 1%~5% 次級幹線 (高度誤差)
60_62-60_62,60_62,60_62,True,Delayed Decrease,Medium (50~200人),2764.278561812006,9.936006962076304,8.019417857532405,86.2787296866225,107.0280104705077,80.02535714285715,38,0.559211517580295,62.57457594233492,2.4516129032258065,🟠 Top 1%~5% 次級幹線 (高度誤差)
40_38-40_38,40_38,40_38,True,True Stable,Medium (50~200人),2674.9017052384784,9.774057691589357,8.15788646881191,72.50121416503796,91.7216465680498,70.44039642857143,39,0.5411306453080461,63.115706587642975,2.5161290322580645,🟠 Top 1%~5% 次級幹線 (高度誤差)
37_43-37_43,37_43,37_43,True,Temporary Increase,Medium (50~200人),2663.0928217694513,9.752459070426164,8.12112199171708,82.23582398634996,95.86339919539272,82.24475714285714,40,0.5387417168777237,63.65444830452069,2.5806451612903225,🟠 Top 1%~5% 次級幹線 (高度誤差)
54_56-54_56,54_56,54_56,True,True Stable,Medium (50~200人),2595.1208545910845,9.627195212727708,8.070901818203039,151.40686169940403,175.19393299922498,151.400425,41,0.5249910379686429,64.17943934248935,2.6451612903225805,🟠 Top 1%~5% 次級幹線 (高度誤差)
39_45-39_45,39_45,39_45,True,Partial Dissipation,Medium (50~200人),2402.5181604751883,9.26305673182298,7.562613851030056,84.67571808721638,101.30419639073796,85.37431785714287,42,0.48602765477183446,64.66546699726116,2.7096774193548385,🟠 Top 1%~5% 次級幹線 (高度誤差)
58_43-58_43,58_43,58_43,True,Delayed Decrease,Medium (50~200人),2349.613199337727,9.160499829114377,6.4073524816529615,68.90033662599467,84.7527944194922,72.19585714285715,43,0.47532502009025124,65.14079201735143,2.7741935483870965,🟠 Top 1%~5% 次級幹線 (高度誤差)
42_47-42_47,42_47,42_47,True,Partial Recovery,Medium (50~200人),2336.1092583653644,9.134137808958695,7.9434998993440535,81.19128348179825,101.57559512829935,80.11630714285715,44,0.47259318277515827,65.61338520012659,2.838709677419355,🟠 Top 1%~5% 次級幹線 (高度誤差)
30_36-30_36,30_36,30_36,True,True Stable,Medium (50~200人),2269.428931444807,9.002834735009078,7.542373876936316,55.91896708366403,73.86359522635658,58.514889285714276,45,0.45910380173913407,66.07248900186572,2.903225806451613,🟠 Top 1%~5% 次級幹線 (高度誤差)
35_38-35_38,35_38,35_38,True,True Stable,Medium (50~200人),2250.174534401404,8.964562244115523,7.325098173589026,70.8913488938471,85.80586803075516,69.46811785714286,46,0.4552086513952132,66.52769765326093,2.967741935483871,🟠 Top 1%~5% 次級幹線 (高度誤差)
54_60-54_60,54_60,54_60,True,Partial Recovery,Medium (50~200人),2247.823660880503,8.959878149842105,7.389464701201449,63.046072885645195,75.09962864329702,62.02580714285714,47,0.45473307141299885,66.98243072467392,3.032258064516129,🟠 Top 1%~5% 次級幹線 (高度誤差)
38_45-38_45,38_45,38_45,True,Partial Dissipation,Medium (50~200人),2235.744379927724,8.935771570986317,6.724060704505351,108.90969694005831,123.97552146338542,108.50436071428571,48,0.45228944177082026,67.43472016644473,3.096774193548387,🟠 Top 1%~5% 次級幹線 (高度誤差)
33_38-33_38,33_38,33_38,True,True Stable,Medium (50~200人),2219.8503890178677,8.90395255133092,6.057230223403624,87.01217598590323,95.89072183840558,90.26163214285715,49,0.44907409911328366,67.88379426555802,3.1612903225806455,🟠 Top 1%~5% 次級幹線 (高度誤差)
31_37-31_37,31_37,31_37,True,True Stable,Medium (50~200人),2169.096056312352,8.801574648713133,7.275024324262306,75.68910232066936,95.12201585166376,75.22644642857142,50,0.43880653497986954,68.32260080053788,3.225806451612903,🟠 Top 1%~5% 次級幹線 (高度誤差)
32_69-32_69,32_69,32_69,True,True Stable,Medium (50~200人),2096.993322218389,8.654052152064763,7.453373300193657,84.55921545788627,106.7211930541825,87.47312142857143,51,0.4242202049654505,68.74682100550335,3.2903225806451615,🟠 Top 1%~5% 次級幹線 (高度誤差)
31_47-31_47,31_47,31_47,True,Partial Dissipation,Medium (50~200人),2063.0874425721195,8.583804190309545,7.561567027254504,70.76759923775789,85.07313730050922,71.42617142857144,52,0.41736107047957705,69.16418207598292,3.354838709677419,🟠 Top 1%~5% 次級幹線 (高度誤差)
46_35-46_35,46_35,46_35,True,True Stable,Medium (50~200人),2043.120505315322,8.542165385635379,7.158438506248943,98.54933721582381,120.34321251486224,99.29330714285716,53,0.41332177377516494,69.57750384975809,3.4193548387096775,🟠 Top 1%~5% 次級幹線 (高度誤差)
30_47-30_47,30_47,30_47,True,True Stable,Medium (50~200人),2007.25683240667,8.466861520925208,7.059054249806417,70.71407849757063,93.42177032518441,69.511375,54,0.406066579153931,69.98357042891202,3.483870967741935,🟠 Top 1%~5% 次級幹線 (高度誤差)
35_37-35_37,35_37,35_37,True,True Stable,Medium (50~200人),1992.3368449389884,8.435335637616893,7.006423345716341,64.39980488824347,82.19204729006192,64.387725,55,0.40304827667553983,70.38661870558755,3.5483870967741935,🟠 Top 1%~5% 次級幹線 (高度誤差)
35_39-35_39,35_39,35_39,True,True Stable,Small (10~50人),1876.3220349210808,8.186055292213794,6.861418537169446,32.232071606976845,45.393260678192185,33.489953571428565,56,0.37957856603632817,70.76619727162388,3.612903225806452,🟠 Top 1%~5% 次級幹線 (高度誤差)
61_62-61_62,61_62,61_62,True,Temporary Increase,Medium (50~200人),1852.8615005972686,8.134717267448883,6.544094911647426,68.10754954902747,85.71818543516615,67.98241785714285,57,0.3748325172177664,71.14102978884165,3.6774193548387095,🟠 Top 1%~5% 次級幹線 (高度誤差)
33_37-33_37,33_37,33_37,True,Delayed Increase,Medium (50~200人),1828.389953334083,8.08081933905857,6.769683600669433,37.910774652323894,51.465604760143336,38.18025,58,0.36988194122602785,71.51091173006768,3.741935483870968,🟠 Top 1%~5% 次級幹線 (高度誤差)
42_44-42_44,42_44,42_44,True,True Stable,Medium (50~200人),1741.3412032659796,7.886111669225796,6.1634772361841295,48.2601179538967,65.94585070105748,48.90031428571429,59,0.35227204318552696,71.8631837732532,3.8064516129032255,🟠 Top 1%~5% 次級幹線 (高度誤差)
36_41-36_41,36_41,36_41,True,Temporary Increase,Medium (50~200人),1729.2794253975876,7.858751776108294,6.055457122406667,54.311292787135514,69.51688561510744,55.326457142857144,60,0.3498319544044316,72.21301572765762,3.870967741935484,🟠 Top 1%~5% 次級幹線 (高度誤差)
51_44-51_44,51_44,51_44,True,Temporary Increase,Small (10~50人),1697.9266108594309,7.7871840932472205,6.5020486448843355,32.87206479356337,49.53461273913313,34.17580357142857,61,0.34348930310998205,72.55650503076761,3.9354838709677415,🟠 Top 1%~5% 次級幹線 (高度誤差)
30_51-30_51,30_51,30_51,True,True Stable,Medium (50~200人),1668.0787979548907,7.718435254901296,6.488918025032942,41.564969320970036,54.859287927668134,40.49357500000001,62,0.3374511125378063,72.89395614330542,4.0,🟠 Top 1%~5% 次級幹線 (高度誤差)
40_45-40_45,40_45,40_45,True,True Stable,Medium (50~200人),1652.3158297784382,7.681879954473659,6.2701530810879,65.17695843779236,85.43957811522519,64.35897142857144,63,0.3342622756827588,73.22821841898816,4.064516129032258,🟠 Top 1%~5% 次級幹線 (高度誤差)
34_49-34_49,34_49,34_49,True,Partial Recovery,Small (10~50人),1634.5687425258245,7.640514059289991,5.818794751594228,32.28426019327642,45.343370098766336,32.47203928571429,64,0.33067205299960833,73.55889047198778,4.129032258064516,🟠 Top 1%~5% 次級幹線 (高度誤差)
40_37-40_37,40_37,40_37,True,True Stable,Medium (50~200人),1549.6722162216975,7.43945134358926,5.551034396250025,46.819271931818896,62.21040758027541,47.05150357142857,65,0.3134975482417716,73.87238802022955,4.193548387096775,🟠 Top 1%~5% 次級幹線 (高度誤差)
42_35-42_35,42_35,42_35,True,True Stable,Medium (50~200人),1519.3268567075063,7.366252334385479,5.670289921311,33.63270170205756,53.78265263740696,33.07702142857143,66,0.3073587043568316,74.17974672458638,4.258064516129032,🟠 Top 1%~5% 次級幹線 (高度誤差)
35_40-35_40,35_40,35_40,True,True Stable,Medium (50~200人),1475.1967587203837,7.258484588791795,5.900772185286331,44.79236655852821,57.79209438230781,44.01217142857143,67,0.29843121802919853,74.47817794261557,4.322580645161291,🟠 Top 1%~5% 次級幹線 (高度誤差)
39_44-39_44,39_44,39_44,True,Temporary Increase,Medium (50~200人),1465.5781704389858,7.234782478808749,6.512232361436909,91.25539927235106,106.65424238678703,91.81740357142857,68,0.29648538470251135,74.7746633273181,4.387096774193548,🟠 Top 1%~5% 次級幹線 (高度誤差)
56_61-56_61,56_61,56_61,True,True Stable,Medium (50~200人),1459.1587671555342,7.218920494969982,6.307148132717066,50.50158470816657,63.785544946407356,50.22093214285714,69,0.29518674414519147,75.06985007146328,4.451612903225807,🟠 Top 1%~5% 次級幹線 (高度誤差)
35_70-35_70,35_70,35_70,True,True Stable,Medium (50~200人),1411.0278482699155,7.098862706372447,5.694002583942719,67.0609569522045,84.0087314073902,66.22294642857143,70,0.28544989469579385,75.35529996615908,4.516129032258064,🟠 Top 1%~5% 次級幹線 (高度誤差)
34_40-34_40,34_40,34_40,True,Partial Dissipation,Medium (50~200人),1387.2790778293645,7.038869323339419,5.932542446849859,45.82265222041723,58.779585231954066,45.722264285714296,71,0.2806455359230582,75.63594550208215,4.580645161290323,🟠 Top 1%~5% 次級幹線 (高度誤差)
41_44-41_44,41_44,41_44,True,Partial Dissipation,Small (10~50人),1367.8515884525505,6.989409305852244,5.118973898046332,29.847522573702385,38.01795856951779,30.227550000000004,72,0.2767153691275448,75.91266087120968,4.645161290322581,🟠 Top 1%~5% 次級幹線 (高度誤差)
32_38-32_38,32_38,32_38,True,Temporary Increase,Medium (50~200人),1295.0003528696557,6.800736180920982,5.2898713152396,55.44063162581221,69.21520600545816,54.00890714285714,73,0.2619776178130733,76.17463848902275,4.709677419354839,🟠 Top 1%~5% 次級幹線 (高度誤差)
34_69-34_69,34_69,34_69,True,True Stable,Medium (50~200人),1274.1491895954448,6.745763722502984,5.460280328133166,56.21091193184333,70.75049363059041,57.024914285714296,74,0.2577594428364376,76.4323979318592,4.774193548387097,🟠 Top 1%~5% 次級幹線 (高度誤差)
39_37-39_37,39_37,39_37,True,True Stable,Medium (50~200人),1270.8480013473666,6.737019268159236,5.955059572250468,67.34685425259883,79.67596420975391,66.38941428571428,75,0.25709161488467863,76.68948954674387,4.838709677419355,🟠 Top 1%~5% 次級幹線 (高度誤差)
34_48-34_48,34_48,34_48,True,True Stable,Small (10~50人),1257.5177964455993,6.701593084711807,5.4989681298413675,22.937533397200383,32.467059044306126,22.14281071428571,76,0.25439492424873666,76.9438844709926,4.903225806451613,🟠 Top 1%~5% 次級幹線 (高度誤差)
56_60-56_60,56_60,56_60,True,Recovered,Small (10~50人),1225.13086325889,6.614731565817127,5.068389152883492,25.02239776626939,37.1648650153472,24.777160714285714,77,0.24784307151315735,77.19172754250577,4.967741935483871,🟠 Top 1%~5% 次級幹線 (高度誤差)
33_39-33_39,33_39,33_39,True,True Stable,Small (10~50人),1215.6593551659375,6.589112652067851,5.173302682385225,35.94387451097632,46.84225044132072,36.179139285714285,78,0.24592699240029037,77.43765453490606,5.032258064516129,🟡 Top 5%~10% 中級路線
36_37-36_37,36_37,36_37,True,Partial Dissipation,Small (10~50人),1182.6922923506136,6.499154594337123,5.478129570357474,28.283141532052582,38.02081099132116,28.382025,79,0.23925777986802027,77.6769123147741,5.096774193548387,🟡 Top 5%~10% 中級路線
36_42-36_42,36_42,36_42,True,True Stable,Medium (50~200人),1166.7296601475027,6.4551465075425964,5.190286182096801,45.866564774488744,58.48778189410009,45.47585714285714,80,0.2360285511274022,77.91294086590149,5.161290322580645,🟡 Top 5%~10% 中級路線
53_37-53_37,53_37,53_37,True,Partial Dissipation,Medium (50~200人),1150.0590502435814,6.408863979575424,5.2355328399844145,45.20619800942705,55.046171441041004,43.67571428571428,81,0.23265609901922893,78.14559696492073,5.225806451612904,🟡 Top 5%~10% 中級路線
32_45-32_45,32_45,32_45,True,True Stable,Small (10~50人),1125.7449175435202,6.3407551306255545,5.486478864972595,21.170717375950062,35.38312963250087,22.41230714285714,82,0.22773736787769844,78.37333433279842,5.290322580645161,🟡 Top 5%~10% 中級路線
38_38-38_38,38_38,38_38,True,True Stable,Small (10~50人),1100.1591515794883,6.26828511402409,4.99342206050584,25.910932831978123,37.59262536415046,25.004392857142857,83,0.22256138626323274,78.59589571906166,5.35483870967742,🟡 Top 5%~10% 中級路線
60_61-60_61,60_61,60_61,True,Temporary Increase,Medium (50~200人),1055.9969973050934,6.141187057498078,5.089275311642865,50.06479153435676,67.42402975234276,48.43648928571429,84,0.21362741497228913,78.80952313403394,5.419354838709677,🟡 Top 5%~10% 中級路線
35_41-35_41,35_41,35_41,True,Partial Dissipation,Small (10~50人),1026.219220231045,6.053981040342217,4.771759380606654,32.017886751408604,49.81378500812489,31.988235714285715,85,0.2076033925970511,79.017126526631,5.483870967741936,🟡 Top 5%~10% 中級路線
43_42-43_42,43_42,43_42,True,Partial Dissipation,Small (10~50人),1005.6058189752058,5.992870225094881,5.1954729152146495,24.563536733123517,31.94508060307934,23.70528214285714,86,0.2034333167016561,79.22055984333265,5.548387096774193,🟡 Top 5%~10% 中級路線
50_46-50_46,50_46,50_46,True,Recovered,Small (10~50人),984.6725926939855,5.9301668029238,4.927817306673778,15.638734906204627,23.276656674222952,16.846292857142853,87,0.19919854043912938,79.41975838377179,5.612903225806452,🟡 Top 5%~10% 中級路線
40_44-40_44,40_44,40_44,True,Partial Dissipation,Small (10~50人),976.3025127604062,5.904908710920113,4.674163617929787,31.996166792331206,42.70714475366174,31.92572857142857,88,0.19750527943186788,79.61726366320366,5.67741935483871,🟡 Top 5%~10% 中級路線
61_65-61_65,61_65,61_65,True,Persistent Increase,Small (10~50人),963.8892808670591,5.867249540783445,4.221226251831437,15.39166523025076,33.348119138584174,15.867735714285715,89,0.19499409176031698,79.81225775496397,5.741935483870968,🟡 Top 5%~10% 中級路線
45_41-45_41,45_41,45_41,True,True Stable,Medium (50~200人),962.2642083812541,5.862301499476044,4.251318737609892,67.42595991369531,81.75118867563357,66.56703928571429,90,0.19466534079305942,80.00692309575702,5.806451612903226,🟡 Top 5%~10% 中級路線
37_37-37_37,37_37,37_37,True,Partial Dissipation,Small (10~50人),961.5553747194109,5.860141925144484,4.8494623671875825,17.6870017227127,29.554593121627484,18.697746428571428,91,0.19452194426521763,80.20144504002225,5.870967741935484,🟡 Top 5%~10% 中級路線
44_41-44_41,44_41,44_41,True,True Stable,Medium (50~200人),954.9389425416186,5.839945396459562,4.222644224014524,42.256251726404344,55.20923630918332,42.00286785714286,92,0.1931834449076547,80.3946284849299,5.935483870967742,🟡 Top 5%~10% 中級路線
49_44-49_44,49_44,49_44,True,Partial Dissipation,Small (10~50人),935.8316402806198,5.78122466104291,4.582649799070408,18.679662847937017,24.935302782215647,19.371117857142856,93,0.18931805172990115,80.5839465366598,6.0,🟡 Top 5%~10% 中級路線
33_46-33_46,33_46,33_46,True,Delayed Increase,Medium (50~200人),928.0040257915769,5.756995824310431,4.866942543343269,38.81523130376244,50.1312278679641,37.44743928571428,94,0.18773453108262533,80.77168106774243,6.064516129032258,🟡 Top 5%~10% 中級路線
53_36-53_36,53_36,53_36,True,Delayed Increase,Small (10~50人),925.5711144534769,5.749444427984439,4.502872627489382,30.41924012729507,43.15764467582019,30.980150000000005,95,0.18724235491039998,80.95892342265283,6.129032258064516,🟡 Top 5%~10% 中級路線
57_54-57_54,57_54,57_54,True,Partial Recovery,Small (10~50人),892.8259727037721,5.646825823617864,4.484947770356817,23.21943526561741,33.80427317833209,23.23614285714286,96,0.18061803684629327,81.13954145949911,6.193548387096774,🟡 Top 5%~10% 中級路線
60_53-60_53,60_53,60_53,True,Partial Recovery,Small (10~50人),884.938933874198,5.621829055038805,4.50576450094986,16.951688849355044,24.13575991851025,16.487385714285715,97,0.17902249469868506,81.3185639541978,6.258064516129032,🟡 Top 5%~10% 中級路線
57_44-57_44,57_44,57_44,True,Partial Recovery,Small (10~50人),871.3010233634736,5.578341482156917,4.314188069141432,26.106165029942563,41.340692545161495,24.02416428571429,98,0.17626355544462985,81.49482750964243,6.322580645161291,🟡 Top 5%~10% 中級路線
61_63-61_63,61_63,61_63,True,Persistent Decrease,Medium (50~200人),863.1933912908613,5.552327025963533,4.6099853895212,43.27280375741811,58.879168170381526,44.24696071428571,99,0.17462338744638867,81.66945089708881,6.387096774193549,🟡 Top 5%~10% 中級路線
42_40-42_40,42_40,42_40,True,Temporary Increase,Small (10~50人),861.8168611455231,5.547898125627409,4.395210685348951,29.327071113681637,41.880745353288276,28.447674999999997,100,0.1743449164115936,81.84379581350042,6.451612903225806,🟡 Top 5%~10% 中級路線
59_61-59_61,59_61,59_61,True,Persistent Decrease,Small (10~50人),853.4942693914563,5.5210450272164975,4.4411509673255365,29.46365324766279,46.08128270444249,29.435739285714284,101,0.17266126222807957,82.0164570757285,6.516129032258064,🟡 Top 5%~10% 中級路線
44_42-44_42,44_42,44_42,True,Partial Dissipation,Small (10~50人),794.8957388972959,5.328145412059086,4.208241867054558,16.262636436209768,26.307713437830046,16.46556428571429,102,0.16080682265809124,82.17726389838658,6.580645161290323,🟡 Top 5%~10% 中級路線
61_61-61_61,61_61,61_61,True,Persistent Decrease,Small (10~50人),792.0575561889515,5.318624809468245,4.555031090810763,25.638134183101066,36.86903533885261,23.94078571428571,103,0.1602326603860867,82.33749655877268,6.645161290322581,🟡 Top 5%~10% 中級路線
42_45-42_45,42_45,42_45,True,Partial Recovery,Small (10~50人),790.6070169518698,5.3137524303582495,4.270072904960041,35.004327122998674,49.274764851808655,35.47555,104,0.15993921736652847,82.49743577613921,6.709677419354838,🟡 Top 5%~10% 中級路線
31_46-31_46,31_46,31_46,True,True Stable,Small (10~50人),788.472508816022,5.306574456060621,4.567296229128478,20.09638315216596,28.003471921937493,20.214317857142856,105,0.1595074079423898,82.65694318408161,6.774193548387098,🟡 Top 5%~10% 中級路線
37_44-37_44,37_44,37_44,True,Temporary Increase,Small (10~50人),773.3821531610835,5.255548609262824,4.181978000584468,33.40056888891565,48.97375938559473,31.309557142857138,106,0.15645464010516685,82.81339782418678,6.838709677419355,🟡 Top 5%~10% 中級路線
32_46-32_46,32_46,32_46,True,Partial Dissipation,Medium (50~200人),770.3233422693427,5.245145177989911,4.176845559925609,46.49672110616751,56.93000940258786,46.55683571428572,107,0.1558358449141206,82.9692336691009,6.903225806451613,🟡 Top 5%~10% 中級路線
35_49-35_49,35_49,35_49,True,Delayed Decrease,Small (10~50人),767.1171523267213,5.234218294504516,3.944969540129933,20.183574228972244,31.34437658969276,19.621714285714287,108,0.15518723504960366,83.12442090415051,6.96774193548387,🟡 Top 5%~10% 中級路線
38_37-38_37,38_37,38_37,True,True Stable,Small (10~50人),764.132251103499,5.2240250324257325,3.9962380766357994,17.452526200533956,32.85038601711277,18.52290357142857,109,0.1545833917300754,83.27900429588058,7.03225806451613,🟡 Top 5%~10% 中級路線
42_42-42_42,42_42,42_42,True,Recovered,Small (10~50人),763.3197040019326,5.221246785976413,4.3477550504052305,20.934037732636625,34.9725555621947,20.781289285714283,110,0.1544190140497469,83.43342330993033,7.096774193548387,🟡 Top 5%~10% 中級路線
31_36-31_36,31_36,31_36,True,True Stable,Medium (50~200人),761.7707765848003,5.215946622018181,3.873382359895817,55.58554387545523,67.45672621123131,55.9105,111,0.1541056671738125,83.58752897710416,7.161290322580645,🟡 Top 5%~10% 中級路線
36_39-36_39,36_39,36_39,True,Delayed Increase,Small (10~50人),757.474541237238,5.201217375484725,4.002655340040678,23.85305686061339,32.761699516129624,23.24445,112,0.15323654192653002,83.74076551903067,7.225806451612904,🟡 Top 5%~10% 中級路線
41_43-41_43,41_43,41_43,True,True Stable,Small (10~50人),745.9523013062706,5.161506913497365,3.8945077701050903,30.4489750124528,40.275376901041376,28.862503571428572,113,0.15090560127288732,83.89167112030356,7.290322580645162,🟡 Top 5%~10% 中級路線
57_53-57_53,57_53,57_53,True,True Stable,Small (10~50人),738.2635060799437,5.1348372699209675,3.6602447751658787,25.129391261405903,38.147941719454955,23.484571428571428,114,0.14935016366023954,84.0410212839638,7.354838709677419,🟡 Top 5%~10% 中級路線
36_38-36_38,36_38,36_38,True,Delayed Increase,Small (10~50人),724.4566807318658,5.08659541179372,3.944051408349911,14.042398579731724,23.71909487951295,13.427689285714285,115,0.14655705305896802,84.18757833702277,7.419354838709677,🟡 Top 5%~10% 中級路線
37_41-37_41,37_41,37_41,True,True Stable,Small (10~50人),719.1261324686618,5.067847290476999,4.020424363903939,17.581681292248458,26.426078458518298,17.068674999999995,116,0.1454786870704667,84.33305702409322,7.483870967741936,🟡 Top 5%~10% 中級路線
36_40-36_40,36_40,36_40,True,True Stable,Small (10~50人),710.1474525360081,5.03611050505677,3.6994096733556012,18.998963619138237,29.633867390294437,18.37950714285714,117,0.14366230673153454,84.47671933082475,7.548387096774194,🟡 Top 5%~10% 中級路線
59_60-59_60,59_60,59_60,True,Delayed Increase,Small (10~50人),704.6815861397057,5.016692087919039,4.2505748530958885,25.75383741230649,32.59705643309135,25.16364642857143,118,0.14255656598434885,84.61927589680911,7.612903225806451,🟡 Top 5%~10% 中級路線
53_38-53_38,53_38,53_38,True,Partial Recovery,Small (10~50人),694.5298111469212,4.980425294328793,4.089000989296614,19.574797314800726,29.276412333562646,21.062246428571427,119,0.14050286937855985,84.75977876618767,7.677419354838709,🟡 Top 5%~10% 中級路線
39_39-39_39,39_39,39_39,True,True Stable,Small (10~50人),671.490988634259,4.897123749983464,3.849051179536993,31.52629523161937,41.206893766999144,30.95350714285714,120,0.13584213254886648,84.89562089873652,7.741935483870968,🟡 Top 5%~10% 中級路線
42_41-42_41,42_41,42_41,True,Recovered,Small (10~50人),644.5196011167468,4.797765853263471,3.5744490597994862,19.529580024493875,30.50319106848568,18.9676,121,0.13038584071443307,85.02600673945096,7.806451612903226,🟡 Top 5%~10% 中級路線
40_39-40_39,40_39,40_39,True,Delayed Increase,Small (10~50人),639.2515027569981,4.778117915325022,3.7486811816005465,25.667326063741,37.554324928426105,25.148303571428574,122,0.12932010829541588,85.15532684774638,7.870967741935483,🟡 Top 5%~10% 中級路線
35_50-35_50,35_50,35_50,True,Delayed Decrease,Small (10~50人),635.496858924496,4.764065111872482,3.8883250374895715,15.585177701703216,24.90450410021932,14.86825357142857,123,0.12856054661282965,85.28388739435921,7.935483870967743,🟡 Top 5%~10% 中級路線
42_48-42_48,42_48,42_48,True,Partial Recovery,Small (10~50人),635.145695871562,4.76274866569251,3.625404018069659,20.533776767726994,35.104522312559915,20.17773928571429,124,0.12848950658579972,85.41237690094502,8.0,🟡 Top 5%~10% 中級路線
53_47-53_47,53_47,53_47,True,Partial Dissipation,Small (10~50人),608.7877269665883,4.662876667920275,3.9361901415627574,9.680630104640317,20.50687220017374,9.035007142857143,125,0.12315730888499252,85.53553420983,8.064516129032258,🟡 Top 5%~10% 中級路線
45_42-45_42,45_42,45_42,True,Delayed Increase,Small (10~50人),595.0452675953204,4.609947581028755,3.4464673609714054,19.952001238806254,32.08344796354428,18.51337142857143,126,0.12037721947343383,85.65591142930344,8.129032258064516,🟡 Top 5%~10% 中級路線
40_48-40_48,40_48,40_48,True,True Stable,Small (10~50人),583.5868413639735,4.565346338622129,3.3195011809236368,29.884569493424465,40.574886923564364,29.85596785714285,127,0.11805918828423519,85.77397061758768,8.193548387096774,🟡 Top 5%~10% 中級路線
30_46-30_46,30_46,30_46,True,True Stable,Small (10~50人),583.2487702562122,4.564023797422199,3.8859724884234015,22.836689184397887,31.077650847833198,22.643425,128,0.11799079674807346,85.89196141433575,8.258064516129032,🟡 Top 5%~10% 中級路線
31_68-31_68,31_68,31_68,True,Delayed Increase,Small (10~50人),579.4278642036741,4.549049603267518,3.6811920886639284,17.284476357425458,31.954466398464238,16.979139285714286,129,0.11721783026716608,86.00917924460293,8.32258064516129,🟡 Top 5%~10% 中級路線
43_44-43_44,43_44,43_44,True,Partial Recovery,Small (10~50人),568.7613537848184,4.506984079438815,3.6730880321137613,30.837919817781124,40.955276031319904,31.643157142857145,130,0.11506000306370787,86.12423924766665,8.38709677419355,🟡 Top 5%~10% 中級路線
50_45-50_45,50_45,50_45,True,Partial Recovery,Small (10~50人),566.999837615446,4.499999355616803,3.7312867192078096,13.051872592463566,22.51658999050756,12.623239285714288,131,0.11470364963973483,86.23894289730639,8.451612903225806,🟡 Top 5%~10% 中級路線
61_64-61_64,61_64,61_64,True,True Stable,Small (10~50人),564.8835135584116,4.491593391939513,3.9181046717865082,21.23226856281496,32.439015097903145,20.564578571428576,132,0.11427551884135026,86.35321841614774,8.516129032258064,🟡 Top 5%~10% 中級路線
33_69-33_69,33_69,33_69,True,True Stable,Small (10~50人),564.2248253907203,4.488973894009315,3.9054673359800263,16.062260520201995,23.08895532636568,15.958625,133,0.11414226671005082,86.46736068285779,8.580645161290322,🟡 Top 5%~10% 中級路線
55_55-55_55,55_55,55_55,True,Temporary Increase,Small (10~50人),544.9626763108155,4.411683661073884,3.57428658164697,13.265365790733265,24.9434898907324,13.417667857142856,134,0.11024554813485389,86.57760623099264,8.645161290322582,🟡 Top 5%~10% 中級路線
41_38-41_38,41_38,41_38,True,Recovered,Small (10~50人),527.9589499241793,4.342312377409806,3.3702990589031923,22.381037114445622,34.15191964446889,22.316400000000005,135,0.1068057068075175,86.68441193780015,8.709677419354838,🟡 Top 5%~10% 中級路線
43_43-43_43,43_43,43_43,True,Recovered,Small (10~50人),522.7503134821367,4.320839507888884,3.554991264609121,10.515482360638098,19.93970618535584,10.13192142857143,136,0.10575200349066749,86.79016394129081,8.774193548387096,🟡 Top 5%~10% 中級路線
39_46-39_46,39_46,39_46,True,Partial Dissipation,Small (10~50人),516.3303588779113,4.294225187379605,3.5224806804503794,34.18297758581218,42.87302040715788,35.71229642857143,137,0.10445325140156106,86.89461719269237,8.838709677419356,🟡 Top 5%~10% 中級路線
43_46-43_46,43_46,43_46,True,Partial Recovery,Small (10~50人),510.83884514441206,4.271328185640069,3.2846535405140664,8.437828952105148,15.13108689273073,8.646528571428572,138,0.10334232221694585,86.99795951490933,8.903225806451614,🟡 Top 5%~10% 中級路線
32_39-32_39,32_39,32_39,True,Partial Dissipation,Small (10~50人),510.05012390937844,4.268029504807385,3.5879233852159893,21.364514308941576,28.504768746589214,22.35745357142857,139,0.10318276449187279,87.1011422794012,8.96774193548387,🟡 Top 5%~10% 中級路線
36_50-36_50,36_50,36_50,True,True Stable,Small (10~50人),505.29386017540105,4.248083013781464,3.6427595034527784,14.939366352530806,23.31014576839296,14.070864285714288,140,0.10222057584076011,87.20336285524196,9.032258064516128,🟡 Top 5%~10% 中級路線
46_42-46_42,46_42,46_42,True,Partial Dissipation,Small (10~50人),491.99403719584114,4.191803384479905,3.658355177189598,10.47887609400408,18.503095502171945,11.927682142857142,141,0.09953003144530899,87.30289288668727,9.096774193548388,🟡 Top 5%~10% 中級路線
37_39-37_39,37_39,37_39,True,Persistent Increase,Small (10~50人),486.7235550416033,4.169290600165535,3.498684452562657,6.174405577154744,14.509038005698192,5.948678571428573,142,0.0984638167864219,87.4013567034737,9.161290322580646,🟡 Top 5%~10% 中級路線
58_60-58_60,58_60,58_60,True,Partial Recovery,Small (10~50人),481.7371769361904,4.147878876762497,3.1346836905512956,16.347622035794515,25.312868053235167,17.52085357142857,143,0.09745507616741235,87.4988117796411,9.225806451612902,🟡 Top 5%~10% 中級路線
52_53-52_53,52_53,52_53,True,Partial Dissipation,Small (10~50人),481.4708057698252,4.146731956655855,3.3661295385151684,12.457177911256073,22.113775167305523,13.92985,144,0.09740118947659886,87.5962129691177,9.290322580645162,🟡 Top 5%~10% 中級路線
45_43-45_43,45_43,45_43,True,Delayed Increase,Small (10~50人),470.843992509106,4.1007141908849505,3.175040446721962,11.17300256952804,22.1805231438654,10.349385714285717,145,0.09525139297900068,87.69146436209671,9.35483870967742,🟡 Top 5%~10% 中級路線
41_39-41_39,41_39,41_39,True,Delayed Increase,Small (10~50人),465.78717080185476,4.078634097350023,3.4132451306663616,17.905736252966395,26.95664901358644,18.744621428571428,146,0.09422840167121031,87.78569276376793,9.419354838709678,🟡 Top 5%~10% 中級路線
41_45-41_45,41_45,41_45,True,Recovered,Small (10~50人),456.63489646378054,4.0383646639971404,3.1979322743090206,16.926459582255458,23.074852552255678,16.686253571428573,147,0.09237690331188768,87.8780696670798,9.483870967741934,🟡 Top 5%~10% 中級路線
61_60-61_60,61_60,61_60,True,Delayed Increase,Small (10~50人),450.7391819302432,4.012209855688024,3.250827747988517,8.399982870620915,15.66341272185631,8.288307142857144,148,0.09118420460305768,87.96925387168287,9.548387096774194,🟡 Top 5%~10% 中級路線
40_43-40_43,40_43,40_43,True,Delayed Decrease,Small (10~50人),437.9154273973039,3.9547233395979617,3.1138969870500732,14.212750696685417,18.913858615913412,15.150017857142858,149,0.0885899685038053,88.05784384018666,9.612903225806452,🟡 Top 5%~10% 中級路線
39_42-39_42,39_42,39_42,True,Delayed Increase,Small (10~50人),434.7932270424626,3.9406001493720226,3.0921978603477536,6.280278684474204,13.677432762828971,5.841999999999999,150,0.0879583496710506,88.14580218985772,9.67741935483871,🟡 Top 5%~10% 中級路線
40_36-40_36,40_36,40_36,True,True Stable,Small (10~50人),433.348455523502,3.9340476044921964,3.219776989517098,16.11089612826008,22.61104600499981,16.38677857142857,151,0.0876660734566212,88.23346826331434,9.741935483870968,🟡 Top 5%~10% 中級路線
39_43-39_43,39_43,39_43,True,Persistent Increase,Small (10~50人),431.0148500075897,3.9234407731315457,3.1125199565250523,9.399540119607083,17.329684248729315,10.452375,152,0.08719398677910066,88.32066225009343,9.806451612903226,🟡 Top 5%~10% 中級路線
41_36-41_36,41_36,41_36,True,True Stable,Small (10~50人),425.6324237911687,3.898866244505156,3.000148941918485,13.968456180891627,22.644747722772163,13.493285714285715,153,0.08610512591886386,88.40676737601231,9.870967741935484,🟡 Top 5%~10% 中級路線
55_44-55_44,55_44,55_44,True,Recovered,Small (10~50人),424.7304480176897,3.8947329269232758,3.28066011837896,11.788586779057026,19.113092904646095,11.527667857142859,154,0.0859226568840582,88.49269003289638,9.935483870967742,🟡 Top 5%~10% 中級路線
41_40-41_40,41_40,41_40,True,Partial Recovery,Small (10~50人),414.4516956180933,3.8473167626379245,2.9391404776376713,7.874817199648179,13.321013821047544,8.317832142857144,155,0.08384327284237082,88.57653330573874,10.0,🟡 Top 5%~10% 中級路線
33_45-33_45,33_45,33_45,True,True Stable,Small (10~50人),413.6480656860278,3.8435849415711396,3.2290294208998453,15.921726527779596,22.68177755256027,16.08281071428571,156,0.08368069909886622,88.66021400483761,10.064516129032258,🟢 Top 10%~100% 一般微網格 (低誤差)
57_43-57_43,57_43,57_43,True,Partial Recovery,Small (10~50人),408.9585451447959,3.8217355123817573,3.24834142364258,11.967246244839501,19.909324858856223,12.909989285714287,157,0.08273201254649964,88.74294601738411,10.129032258064516,🟢 Top 10%~100% 一般微網格 (低誤差)
54_47-54_47,54_47,54_47,True,Persistent Increase,Small (10~50人),403.48688606099097,3.796082972058129,3.291232096403405,8.351316251593866,15.203923146071245,9.38300357142857,158,0.08162509994289763,88.82457111732701,10.193548387096774,🟢 Top 10%~100% 一般微網格 (低誤差)
54_44-54_44,54_44,54_44,True,Partial Recovery,Small (10~50人),402.3748832973367,3.7908483940054176,2.835108540135457,13.7668942445048,25.315769761666502,12.192989285714289,159,0.0814001426026327,88.90597125992966,10.258064516129032,🟢 Top 10%~100% 一般微網格 (低誤差)
56_54-56_54,56_54,56_54,True,Partial Recovery,Small (10~50人),397.2359037151425,3.766562963930789,3.1497505130956367,20.866654996021975,28.292745675005754,21.171121428571432,160,0.08036053081723826,88.98633179074689,10.32258064516129,🟢 Top 10%~100% 一般微網格 (低誤差)
48_44-48_44,48_44,48_44,True,Partial Dissipation,Small (10~50人),396.8035100452589,3.7645124425598353,3.1132990979938135,13.309630881513682,22.201689701745906,13.08350357142857,161,0.08027305789621354,89.06660484864311,10.387096774193548,🟢 Top 10%~100% 一般微網格 (低誤差)
34_47-34_47,34_47,34_47,True,True Stable,Small (10~50人),389.51370258262824,3.729772602138808,2.9790194314306997,8.451847739445293,16.60300273347955,7.834260714285715,162,0.07879833521436716,89.14540318385747,10.451612903225808,🟢 Top 10%~100% 一般微網格 (低誤差)
31_50-31_50,31_50,31_50,True,Partial Dissipation,Small (10~50人),388.1155354430253,3.7230725379671545,2.8391179213204865,8.712084701293522,16.49679263492814,8.355310714285716,163,0.07851548703156473,89.22391867088903,10.516129032258064,🟢 Top 10%~100% 一般微網格 (低誤差)
32_44-32_44,32_44,32_44,True,True Stable,Small (10~50人),388.0041146178729,3.7225380868140454,2.9233065932208464,24.997839197998182,29.217565619629386,26.59585357142857,164,0.07849294668068103,89.3024116175697,10.580645161290322,🟢 Top 10%~100% 一般微網格 (低誤差)
37_38-37_38,37_38,37_38,True,Partial Dissipation,Small (10~50人),387.203533212849,3.7186956873001327,3.170218338410635,10.05974122861785,17.11065861361649,11.00846785714286,165,0.07833098965195215,89.38074260722166,10.64516129032258,🟢 Top 10%~100% 一般微網格 (低誤差)
46_36-46_36,46_36,46_36,True,Partial Dissipation,Small (10~50人),380.89324805344205,3.6882692807905078,3.328594750670447,15.614863663536529,21.36011288619825,14.883921428571428,166,0.0770544236107775,89.45779703083244,10.70967741935484,🟢 Top 10%~100% 一般微網格 (低誤差)
36_43-36_43,36_43,36_43,True,Delayed Decrease,Small (10~50人),367.08279562203546,3.6207871856329974,3.0065003050388635,6.798728408375153,12.162664793130366,6.729532142857143,167,0.07426057925321937,89.53205761008567,10.774193548387096,🟢 Top 10%~100% 一般微網格 (低誤差)
50_43-50_43,50_43,50_43,True,Temporary Increase,Small (10~50人),366.4229987656726,3.6175317096333233,3.127595543067451,9.209137400713786,13.780230848387166,9.709171428571429,168,0.07412710283501804,89.60618471292068,10.838709677419354,🟢 Top 10%~100% 一般微網格 (低誤差)
31_44-31_44,31_44,31_44,True,Recovered,Small (10~50人),364.39544393558793,3.6075092512285494,2.8619547289074885,6.90714847786177,14.533807146965042,7.511953571428573,169,0.07371692998588025,89.67990164290656,10.903225806451614,🟢 Top 10%~100% 一般微網格 (低誤差)
53_54-53_54,53_54,53_54,True,Persistent Increase,Small (10~50人),361.5596261493056,3.593444557948074,2.8443359612957075,10.72828184536031,15.570178122321451,10.798089285714287,170,0.07314324613586747,89.75304488904243,10.967741935483872,🟢 Top 10%~100% 一般微網格 (低誤差)
42_38-42_38,42_38,42_38,True,Partial Dissipation,Small (10~50人),361.4265732480698,3.5927833084833796,2.8482372957595823,12.117969533701046,18.17654581379036,12.019639285714286,171,0.07311632963192087,89.82616121867434,11.032258064516128,🟢 Top 10%~100% 一般微網格 (低誤差)
53_55-53_55,53_55,53_55,True,Persistent Increase,Small (10~50人),356.13716858676014,3.5663965837220473,2.4157824308731715,8.48971910584203,15.521975627483634,8.431325,172,0.07204628696378675,89.89820750563814,11.096774193548386,🟢 Top 10%~100% 一般微網格 (低誤差)
38_40-38_40,38_40,38_40,True,Delayed Increase,Small (10~50人),349.4855996295306,3.5329348363927577,2.760715690292767,10.157535854744694,15.900161007462858,10.609414285714283,173,0.07070067946161661,89.96890818509975,11.161290322580646,🟢 Top 10%~100% 一般微網格 (低誤差)
58_61-58_61,58_61,58_61,True,Partial Recovery,Small (10~50人),348.23435952632553,3.5266047994713676,2.8657143731953747,9.432192469238146,16.03148310038227,9.483714285714287,174,0.07044755451008786,90.03935573960985,11.225806451612904,🟢 Top 10%~100% 一般微網格 (低誤差)
38_41-38_41,38_41,38_41,True,Delayed Increase,Small (10~50人),348.1768659011198,3.526313665557438,2.8428483875851014,10.983260219251676,19.05069618535905,11.618385714285713,175,0.07043592359204413,90.10979166320188,11.29032258064516,🟢 Top 10%~100% 一般微網格 (低誤差)
46_43-46_43,46_43,46_43,True,True Stable,Small (10~50人),346.82876450389955,3.5194803010423263,2.880938885265458,6.981578756574001,16.912101495747887,6.9469071428571425,176,0.07016320367205983,90.17995486687394,11.35483870967742,🟢 Top 10%~100% 一般微網格 (低誤差)
56_53-56_53,56_53,56_53,True,Delayed Increase,Small (10~50人),344.86997092172703,3.509527699816026,2.5357088816422944,10.546777248596047,18.187764453065267,9.781385714285717,177,0.0697669411727424,90.24972180804667,11.419354838709678,🟢 Top 10%~100% 一般微網格 (低誤差)
54_58-54_58,54_58,54_58,True,Partial Recovery,Small (10~50人),343.9061648725099,3.504620240648203,2.964998419632694,5.953323860942215,12.107542059927457,6.657792857142858,178,0.06957196391868357,90.31929377196536,11.483870967741936,🟢 Top 10%~100% 一般微網格 (低誤差)
39_40-39_40,39_40,39_40,True,Partial Dissipation,Small (10~50人),336.39461332667867,3.466135215639411,2.75697816536129,13.1686483685285,20.10336322127871,12.430382142857143,179,0.06805238257208679,90.38734615453745,11.548387096774192,🟢 Top 10%~100% 一般微網格 (低誤差)
34_46-34_46,34_46,34_46,True,True Stable,Small (10~50人),326.0146705458801,3.412239893519254,2.7206371188155223,10.601785643810633,18.72651253122219,11.225757142857143,180,0.06595252779079368,90.45329868232824,11.612903225806452,🟢 Top 10%~100% 一般微網格 (低誤差)
45_35-45_35,45_35,45_35,True,Recovered,Small (10~50人),324.09706097740366,3.402189741167778,2.5261026695924516,7.6455582388567365,15.032979107331453,7.8157250000000005,181,0.06556459678712113,90.51886327911537,11.67741935483871,🟢 Top 10%~100% 一般微網格 (低誤差)
43_35-43_35,43_35,43_35,True,Partial Dissipation,Small (10~50人),322.5359529810172,3.3939860308925067,2.7113994852281786,14.314637175174337,17.615219254245304,14.738642857142855,182,0.06524878578897277,90.58411206490435,11.741935483870968,🟢 Top 10%~100% 一般微網格 (低誤差)
44_50-44_50,44_50,44_50,True,True Stable,Small (10~50人),320.0181986889206,3.3807131469184375,2.811179879005556,8.437313397491577,13.804789114224198,9.176825,183,0.06473944594962797,90.64885151085397,11.806451612903226,🟢 Top 10%~100% 一般微網格 (低誤差)
41_49-41_49,41_49,41_49,True,Partial Dissipation,Small (10~50人),313.59866006734137,3.3466329564597,2.856915951839984,11.26143507064757,18.92013041964933,11.260132142857142,184,0.06344077801350452,90.71229228886747,11.870967741935484,🟢 Top 10%~100% 一般微網格 (低誤差)
58_45-58_45,58_45,58_45,True,Partial Recovery,Small (10~50人),312.34348225749477,3.3399287965971816,2.5151841571681977,16.395894842131238,22.81077514171067,17.32304642857143,185,0.06318685646682172,90.7754791453343,11.935483870967742,🟢 Top 10%~100% 一般微網格 (低誤差)
36_70-36_70,36_70,36_70,True,True Stable,Small (10~50人),310.49752529623595,3.3300446441464455,2.7895197410677604,13.92985803984229,20.214665658888492,13.663174999999999,186,0.06281342073282797,90.83829256606714,12.0,🟢 Top 10%~100% 一般微網格 (低誤差)
37_45-37_45,37_45,37_45,True,Recovered,Small (10~50人),308.07155936543774,3.317010052987898,2.957540132096068,9.496827706418433,13.406444931898625,9.119760714285714,187,0.06232264961138553,90.90061521567851,12.064516129032258,🟢 Top 10%~100% 一般微網格 (低誤差)
40_40-40_40,40_40,40_40,True,Persistent Increase,Small (10~50人),307.1661568231899,3.312132226609091,2.7605510168794223,11.893525807303575,16.796060904799077,11.564539285714288,188,0.062139487343781226,90.9627547030223,12.129032258064516,🟢 Top 10%~100% 一般微網格 (低誤差)
56_51-56_51,56_51,56_51,True,Recovered,Tiny (<10人),302.26334451957257,3.285592708649018,2.5896443613269016,3.5585853675579413,7.326682737874935,3.650392857142857,189,0.06114765202494129,91.02390235504724,12.193548387096774,🟢 Top 10%~100% 一般微網格 (低誤差)
47_35-47_35,47_35,47_35,True,Partial Dissipation,Small (10~50人),300.99742891344056,3.2787052590130785,2.5570526360280437,11.91675429051365,21.919766498937072,11.71001785714286,190,0.06089155822997671,91.08479391327721,12.258064516129032,🟢 Top 10%~100% 一般微網格 (低誤差)
57_52-57_52,57_52,57_52,True,Temporary Increase,Tiny (<10人),300.6272698446282,3.276688604175978,2.7687318237330616,5.419615263016439,9.286910664698391,4.535835714285715,191,0.06081667532292231,91.14561058860014,12.32258064516129,🟢 Top 10%~100% 一般微網格 (低誤差)
52_45-52_45,52_45,52_45,True,Temporary Increase,Small (10~50人),292.60900044976336,3.2326956931691555,2.6413074330170074,7.936998781852863,13.995139340941444,6.922839285714285,192,0.059194585328587304,91.20480517392873,12.387096774193548,🟢 Top 10%~100% 一般微網格 (低誤差)
44_47-44_47,44_47,44_47,True,Delayed Increase,Small (10~50人),292.2044273162305,3.230460091713112,2.6715793238588588,13.678109366038829,21.110882362977147,14.117471428571431,193,0.0591127404815807,91.2639179144103,12.451612903225806,🟢 Top 10%~100% 一般微網格 (低誤差)
53_51-53_51,53_51,53_51,True,Temporary Increase,Small (10~50人),291.91805894551584,3.2288767338410196,2.7506183884890443,7.032430702281912,14.075171373755612,6.366249999999999,194,0.059054808371052245,91.32297272278134,12.516129032258064,🟢 Top 10%~100% 一般微網格 (低誤差)
37_51-37_51,37_51,37_51,True,Delayed Decrease,Small (10~50人),291.0641120594454,3.224150563988274,2.462575867507051,11.160661437295131,17.375235418757665,11.679735714285714,195,0.058882055544803295,91.38185477832614,12.580645161290322,🟢 Top 10%~100% 一般微網格 (低誤差)
59_44-59_44,59_44,59_44,True,Partial Recovery,Small (10~50人),290.9582731932986,3.2235643160577183,2.5189833081606765,7.293452422894001,14.434260522670762,7.595,196,0.05886064442011616,91.44071542274625,12.645161290322582,🟢 Top 10%~100% 一般微網格 (低誤差)
55_48-55_48,55_48,55_48,True,Emergent / Temporary Activity,Tiny (<10人),290.2573786738367,3.2196793245037654,2.3113210938930306,1.8805721298220968,4.6875681580065125,2.8226714285714287,197,0.058718853974932116,91.49943427672119,12.70967741935484,🟢 Top 10%~100% 一般微網格 (低誤差)
52_35-52_35,52_35,52_35,True,Persistent Increase,Small (10~50人),288.0629122333438,3.2074851755216036,2.5368152528399626,10.791528857278632,20.25276351959932,11.061750000000004,198,0.05827491502991399,91.5577091917511,12.774193548387098,🟢 Top 10%~100% 一般微網格 (低誤差)
51_46-51_46,51_46,51_46,True,Partial Recovery,Small (10~50人),282.44470766690955,3.176052736984056,2.308023800795655,11.522100397808499,20.22235592508608,11.253232142857142,199,0.05713835638308471,91.6148475481342,12.838709677419354,🟢 Top 10%~100% 一般微網格 (低誤差)
54_57-54_57,54_57,54_57,True,Delayed Increase,Small (10~50人),282.25111244305907,3.1749640742796434,2.5839045555355957,13.793051378421245,19.223905075925668,12.773492857142859,200,0.05709919221185345,91.67194674034604,12.903225806451612,🟢 Top 10%~100% 一般微網格 (低誤差)
42_39-42_39,42_39,42_39,True,True Stable,Small (10~50人),281.3152378088224,3.169696007330437,2.184851863263407,10.819433287799926,17.924334081773047,11.514792857142856,201,0.05690986546247791,91.72885660580852,12.96774193548387,🟢 Top 10%~100% 一般微網格 (低誤差)
55_58-55_58,55_58,55_58,True,Recovered,Small (10~50人),280.53408515886406,3.1652921618642775,2.7475552359755553,4.95086475049725,11.004315765213189,4.971807142857143,202,0.05675183885659245,91.7856084446651,13.032258064516128,🟢 Top 10%~100% 一般微網格 (低誤差)
43_37-43_37,43_37,43_37,True,Delayed Increase,Small (10~50人),280.24762106758897,3.1636756486019153,2.587196965154189,17.29835326882692,27.81801846550082,17.866846428571428,203,0.05669388738186509,91.84230233204697,13.096774193548388,🟢 Top 10%~100% 一般微網格 (低誤差)
53_43-53_43,53_43,53_43,True,Temporary Increase,Small (10~50人),279.98955027686816,3.1622186508213557,2.6795900257390897,5.653621323414291,10.29507319107787,5.170867857142857,204,0.05664167985093249,91.8989440118979,13.161290322580646,🟢 Top 10%~100% 一般微網格 (低誤差)
42_36-42_36,42_36,42_36,True,True Stable,Small (10~50人),279.51070725455173,3.1595134529055473,2.49646930722605,10.547323703118865,23.701058988237975,10.588442857142857,205,0.05654481026011354,91.95548882215803,13.225806451612904,🟢 Top 10%~100% 一般微網格 (低誤差)
60_50-60_50,60_50,60_50,True,Partial Recovery,Small (10~50人),273.5561027988163,3.1256776568039513,2.3790997880061977,9.466933660760779,15.95176494828467,7.795624999999999,206,0.05534019816338643,92.01082902032141,13.290322580645162,🟢 Top 10%~100% 一般微網格 (低誤差)
54_59-54_59,54_59,54_59,True,Partial Recovery,Small (10~50人),273.36426282746567,3.1245814738449695,2.7287632666814097,18.460858821906537,23.380399863849743,18.102525000000004,207,0.055301389078443404,92.06613040939985,13.35483870967742,🟢 Top 10%~100% 一般微網格 (低誤差)
62_64-62_64,62_64,62_64,True,Persistent Decrease,Small (10~50人),269.9022884944622,3.104733071655403,2.4565906616005875,5.574014701841952,10.786074133717493,6.683782142857145,208,0.05460103422009879,92.12073144361995,13.419354838709676,🟢 Top 10%~100% 一般微網格 (低誤差)
39_51-39_51,39_51,39_51,True,Temporary Increase,Small (10~50人),268.5121602490388,3.0967273061886225,2.380984117784471,6.5991059895239825,10.817367417066269,6.123057142857143,209,0.05431981229966944,92.17505125591963,13.483870967741934,🟢 Top 10%~100% 一般微網格 (低誤差)
56_44-56_44,56_44,56_44,True,Recovered,Small (10~50人),268.20224144650456,3.0949396569613934,2.41013803264361,13.969305679474255,24.846173802395043,14.460185714285712,210,0.054257115954125225,92.22930837187376,13.548387096774196,🟢 Top 10%~100% 一般微網格 (低誤差)
53_46-53_46,53_46,53_46,True,Partial Dissipation,Small (10~50人),263.5752994487696,3.0681270429598855,2.428639614686304,5.146139905413711,12.210910264648907,5.361282142857143,211,0.05332108899502842,92.28262946086878,13.612903225806452,🟢 Top 10%~100% 一般微網格 (低誤差)
38_39-38_39,38_39,38_39,True,Partial Dissipation,Small (10~50人),259.32107415973,3.0432658336524057,2.3523016189690367,7.414877964741839,16.110035302878682,7.296321428571429,212,0.05246046235165105,92.33508992322044,13.67741935483871,🟢 Top 10%~100% 一般微網格 (低誤差)
38_51-38_51,38_51,38_51,True,Temporary Increase,Small (10~50人),256.19232752391224,3.024851398498258,2.4306748311596946,9.401882002196393,15.763748925048954,9.018671428571428,213,0.05182751921107516,92.38691744243151,13.741935483870968,🟢 Top 10%~100% 一般微網格 (低誤差)
41_51-41_51,41_51,41_51,True,Temporary Increase,Small (10~50人),255.76257166499929,3.0223132795036753,2.4486699473175304,6.3768790388256225,14.133240279670435,6.442714285714286,214,0.05174057991726744,92.43865802234878,13.806451612903226,🟢 Top 10%~100% 一般微網格 (低誤差)
57_42-57_42,57_42,57_42,True,Persistent Decrease,Small (10~50人),254.73777587397097,3.0162522622925088,2.538701604325252,10.243918280290464,14.075171373755612,9.397328571428572,215,0.05153326448334996,92.49019128683213,13.870967741935484,🟢 Top 10%~100% 一般微網格 (低誤差)
55_61-55_61,55_61,55_61,True,Delayed Increase,Small (10~50人),253.48483801552234,3.0088253404153917,2.3001469933424787,7.296660470895811,13.508414694960386,7.323121428571428,216,0.05127979607718558,92.54147108290931,13.93548387096774,🟢 Top 10%~100% 一般微網格 (低誤差)
57_61-57_61,57_61,57_61,True,True Stable,Small (10~50人),251.5410354701823,2.997266823232354,2.5223169776674736,9.304138677207334,14.364442726963016,9.234107142857143,217,0.050886566253580706,92.59235764916289,14.000000000000002,🟢 Top 10%~100% 一般微網格 (低誤差)
33_44-33_44,33_44,33_44,True,True Stable,Small (10~50人),244.3218471913781,2.9539431708878445,2.3656033841825805,6.303188476902943,11.650817153152481,6.030614285714286,218,0.04942612978062205,92.6417837789435,14.06451612903226,🟢 Top 10%~100% 一般微網格 (低誤差)
45_40-45_40,45_40,45_40,True,Partial Dissipation,Small (10~50人),243.40664537668803,2.9484054127169923,2.4396231544889657,10.224215822643027,14.102359274628348,10.305364285714287,219,0.04924098512741836,92.69102476407093,14.129032258064516,🟢 Top 10%~100% 一般微網格 (低誤差)
55_59-55_59,55_59,55_59,True,Temporary Increase,Small (10~50人),243.38859101626628,2.9482960636870184,2.495382419806402,7.128520242220526,11.930739025174354,7.383089285714286,220,0.04923733274359935,92.74026209681455,14.193548387096774,🟢 Top 10%~100% 一般微網格 (低誤差)
42_37-42_37,42_37,42_37,True,True Stable,Small (10~50人),237.2183187528092,2.91068425161513,2.2145891494728223,6.07252899177287,11.224335169428514,6.3087928571428575,221,0.04798909120817696,92.78825118802271,14.258064516129032,🟢 Top 10%~100% 一般微網格 (低誤差)
58_54-58_54,58_54,58_54,True,Partial Recovery,Small (10~50人),236.036948222904,2.903427458704773,2.0240628044047617,6.5259529469112465,14.036074025493637,6.090825000000001,222,0.04775010081987836,92.8360012888426,14.32258064516129,🟢 Top 10%~100% 一般微網格 (低誤差)
62_66-62_66,62_66,62_66,True,Persistent Decrease,Small (10~50人),235.85171112896518,2.902287959087286,2.4987668552168523,9.431140732126128,14.37828058893735,8.726099999999999,223,0.047712627492173726,92.88371391633477,14.387096774193548,🟢 Top 10%~100% 一般微網格 (低誤差)
47_43-47_43,47_43,47_43,True,Partial Dissipation,Small (10~50人),231.79197405696772,2.8772008598199825,2.226073229646486,10.513070532189513,18.048903839696898,10.127985714285716,224,0.04689134567189273,92.93060526200667,14.451612903225808,🟢 Top 10%~100% 一般微網格 (低誤差)
61_52-61_52,61_52,61_52,True,Persistent Decrease,Small (10~50人),228.99965839683392,2.8598180411449876,2.439318824601633,10.25140384704694,15.098759360781688,9.341400000000002,225,0.04632646226996704,92.97693172427662,14.516129032258066,🟢 Top 10%~100% 一般微網格 (低誤差)
51_53-51_53,51_53,51_53,True,Persistent Decrease,Small (10~50人),228.40429401033722,2.8560980751113747,2.2673845796903502,8.73857323039277,14.187189417405419,7.317417857142856,226,0.04620602049297484,93.02313774476958,14.580645161290324,🟢 Top 10%~100% 一般微網格 (低誤差)
45_49-45_49,45_49,45_49,True,Delayed Increase,Small (10~50人),228.25410398053674,2.8551588896275404,2.392490875954666,11.930357337626528,19.012277990688123,11.442492857142856,227,0.046175637160538505,93.06931338193014,14.64516129032258,🟢 Top 10%~100% 一般微網格 (低誤差)
32_43-32_43,32_43,32_43,True,Delayed Decrease,Tiny (<10人),227.66581272232864,2.851477140525645,2.300941767169236,5.4150582864259205,8.740293330848822,5.762778571428571,228,0.046056626272190794,93.11537000820233,14.709677419354838,🟢 Top 10%~100% 一般微網格 (低誤差)
57_60-57_60,57_60,57_60,True,Partial Recovery,Small (10~50人),224.41103481559716,2.83102098452886,2.3508497070901133,4.1157955034788,11.486961193512013,4.151260714285714,229,0.04539818709831209,93.16076819530065,14.774193548387096,🟢 Top 10%~100% 一般微網格 (低誤差)
44_40-44_40,44_40,44_40,True,Persistent Decrease,Small (10~50人),224.05736221653038,2.8287892552451432,2.338981703670509,7.4111768940509455,12.102024625744894,7.5947249999999995,230,0.04532663939194741,93.20609483469259,14.838709677419354,🟢 Top 10%~100% 一般微網格 (低誤差)
41_37-41_37,41_37,41_37,True,Partial Recovery,Small (10~50人),220.67288011737944,2.807342923460974,2.1563494667182725,10.259386871012376,16.609403542938423,10.407971428571429,231,0.044641961155449814,93.25073679584803,14.903225806451612,🟢 Top 10%~100% 一般微網格 (低誤差)
46_49-46_49,46_49,46_49,True,Temporary Increase,Small (10~50人),220.60935798463134,2.8069388383625786,2.164049055777782,7.349410944339287,12.39733637555958,6.631942857142858,232,0.04462911067476935,93.2953659065228,14.967741935483872,🟢 Top 10%~100% 一般微網格 (低誤差)
62_65-62_65,62_65,62_65,True,Delayed Decrease,Small (10~50人),219.522239735861,2.8000142839932916,2.284412779945621,6.853588295256142,11.523999961824593,7.059310714285713,233,0.04440918745354175,93.33977509397636,15.03225806451613,🟢 Top 10%~100% 一般微網格 (低誤差)
45_36-45_36,45_36,45_36,True,Persistent Increase,Tiny (<10人),215.72631443725544,2.775700133282048,2.314524210413214,4.06881412297605,8.29787935860245,3.9786,234,0.043641274560760356,93.38341636853711,15.096774193548388,🟢 Top 10%~100% 一般微網格 (低誤差)
52_44-52_44,52_44,52_44,True,Partial Dissipation,Small (10~50人),214.9694270113512,2.770826507762564,2.2663917310080524,4.692431130159963,10.54396451278109,5.0192428571428565,235,0.04348815679183337,93.42690452532894,15.161290322580644,🟢 Top 10%~100% 一般微網格 (低誤差)
32_36-32_36,32_36,32_36,True,Recovered,Small (10~50人),213.07416225270035,2.758585055608221,2.136700997106878,6.734527718128288,11.816729832535929,6.3624285714285715,236,0.04310474612673497,93.47000927145567,15.225806451612902,🟢 Top 10%~100% 一般微網格 (低誤差)
40_42-40_42,40_42,40_42,True,Persistent Increase,Tiny (<10人),212.3998029018009,2.754216267197057,2.2365979801202935,3.9762482572966573,9.937644494973807,4.554057142857142,237,0.042968323726611975,93.51297759518228,15.29032258064516,🟢 Top 10%~100% 一般微網格 (低誤差)
50_47-50_47,50_47,50_47,True,Recovered,Small (10~50人),210.27482560322952,2.7404042037836938,2.2973391123452522,7.45047348604785,12.213732539066529,7.570639285714286,238,0.042538442383836285,93.55551603756611,15.354838709677418,🟢 Top 10%~100% 一般微網格 (低誤差)
46_45-46_45,46_45,46_45,True,Partial Recovery,Small (10~50人),208.44203005215215,2.7284351222171823,2.0042937403816294,6.5383713988612575,13.637887528316513,6.626175000000001,239,0.042167669193430846,93.59768370675954,15.419354838709678,🟢 Top 10%~100% 一般微網格 (低誤差)
43_47-43_47,43_47,43_47,True,Recovered,Tiny (<10人),203.2561744049651,2.795987333558887,2.2637924419293123,2.986869078933791,7.99643857928722,3.19863076923077,240,0.0411185744146055,93.63880228117415,15.483870967741936,🟢 Top 10%~100% 一般微網格 (低誤差)
33_41-33_41,33_41,33_41,True,Delayed Decrease,Small (10~50人),201.89452356515181,2.685240901437974,1.9793969113788292,6.2514477204158245,12.30205809063324,5.710385714285714,241,0.040843113452361766,93.6796453946265,15.548387096774194,🟢 Top 10%~100% 一般微網格 (低誤差)
53_45-53_45,53_45,53_45,True,Delayed Decrease,Small (10~50人),200.3684628572807,2.675073182291873,2.236270250628125,6.144093333054738,13.049461030669665,6.149639285714285,242,0.040534392494873,93.72017978712138,15.612903225806452,🟢 Top 10%~100% 一般微網格 (低誤差)
44_46-44_46,44_46,44_46,True,Recovered,Tiny (<10人),198.95403603043837,2.6656146170820287,2.3424058093591147,4.917831828362637,9.984304376934894,5.077692857142857,243,0.04024825498931484,93.7604280421107,15.67741935483871,🟢 Top 10%~100% 一般微網格 (低誤差)
30_67-30_67,30_67,30_67,True,Partial Dissipation,Tiny (<10人),196.61070387368616,2.6498699690044507,2.1470159124606285,3.694864255956627,9.112220706629623,4.261171428571429,244,0.0397742006195146,93.80020224273021,15.741935483870966,🟢 Top 10%~100% 一般微網格 (低誤差)
51_48-51_48,51_48,51_48,True,Delayed Increase,Small (10~50人),195.96275829235628,2.6454999412233455,2.1725408528467156,4.335841708882048,11.277468411448051,4.98755,245,0.03964312170552577,93.83984536443573,15.806451612903224,🟢 Top 10%~100% 一般微網格 (低誤差)
45_51-45_51,45_51,45_51,True,Recovered,Small (10~50人),195.60689854849272,2.643096793998693,2.2274018011184142,6.410217440122558,12.430255476887774,6.415664285714285,246,0.03957113154137921,93.87941649597711,15.870967741935486,🟢 Top 10%~100% 一般微網格 (低誤差)
43_40-43_40,43_40,43_40,True,Partial Recovery,Tiny (<10人),195.46158247959286,2.6421148352868014,1.9910132037688355,3.471270790940161,9.84485663983467,3.244164285714285,247,0.03954173420764413,93.91895823018476,15.935483870967742,🟢 Top 10%~100% 一般微網格 (低誤差)
43_41-43_41,43_41,43_41,True,Persistent Increase,Small (10~50人),193.85624441106893,2.6312425392569416,2.0807468679166243,9.167625074016877,14.093246506325663,9.305475000000001,248,0.03921697549847113,93.95817520568322,16.0,🟢 Top 10%~100% 一般微網格 (低誤差)
31_43-31_43,31_43,31_43,True,Partial Dissipation,Small (10~50人),193.3885132081742,2.6280663261374606,1.8862345895432024,9.801646022396838,17.480878768438696,9.741782142857144,249,0.03912235382053902,93.99729755950376,16.064516129032256,🟢 Top 10%~100% 一般微網格 (低誤差)
50_52-50_52,50_52,50_52,True,Partial Dissipation,Small (10~50人),192.06046727819427,2.6190269954302976,2.19590663377366,16.7985037268622,24.533152532931936,16.505125,250,0.03885369110680961,94.03615125061057,16.129032258064516,🟢 Top 10%~100% 一般微網格 (低誤差)
60_65-60_65,60_65,60_65,True,Persistent Decrease,Tiny (<10人),191.71888727257664,2.6166969860642513,2.266926092017757,4.016283340431004,8.784146795038598,3.365364285714285,251,0.03878458972319533,94.07493584033378,16.193548387096772,🟢 Top 10%~100% 一般微網格 (低誤差)
30_38-30_38,30_38,30_38,True,True Stable,Small (10~50人),190.89796977077714,2.6110887833757417,2.105585289896674,6.592257305545367,10.648360201026447,6.798707142857142,252,0.038618518717063226,94.11355435905084,16.258064516129032,🟢 Top 10%~100% 一般微網格 (低誤差)
31_45-31_45,31_45,31_45,True,True Stable,Tiny (<10人),189.47245120848996,2.601321444467421,2.240319230354133,3.7093981878385383,8.735935454931546,3.833821428571428,253,0.038330137361591965,94.15188449641244,16.322580645161292,🟢 Top 10%~100% 一般微網格 (低誤差)
45_45-45_45,45_45,45_45,True,Temporary Increase,Small (10~50人),189.22252976732386,2.5996052568976964,2.0793060292259646,5.1385552664993535,10.306420100599405,4.732974999999999,254,0.03827957843807351,94.1901640748505,16.387096774193548,🟢 Top 10%~100% 一般微網格 (低誤差)
43_49-43_49,43_49,43_49,True,Delayed Decrease,Tiny (<10人),187.5374396139887,2.58800419251971,1.9656060612007036,4.8340745612730185,9.61361071121567,4.573557142857143,255,0.03793868594086858,94.22810276079137,16.451612903225808,🟢 Top 10%~100% 一般微網格 (低誤差)
43_36-43_36,43_36,43_36,True,Partial Recovery,Small (10~50人),186.20732197392311,2.5788100936417715,1.9709141149553016,6.900388350254533,13.85452625796471,6.659567857142858,256,0.03766960412171435,94.26577236491309,16.516129032258064,🟢 Top 10%~100% 一般微網格 (低誤差)
55_60-55_60,55_60,55_60,True,Partial Dissipation,Small (10~50人),185.9800242683058,2.577235674878816,2.0855395266225942,7.556664621573073,12.768703903870934,7.5850607142857145,257,0.03762362196323845,94.30339598687634,16.580645161290324,🟢 Top 10%~100% 一般微網格 (低誤差)
63_57-63_57,63_57,63_57,True,Persistent Decrease,Small (10~50人),185.6066375565137,2.5746472543168326,2.0882702408694684,7.293637324654884,12.014450036260424,6.956667857142857,258,0.03754808610638591,94.34094407298271,16.64516129032258,🟢 Top 10%~100% 一般微網格 (低誤差)
53_40-53_40,53_40,53_40,True,Recovered,Tiny (<10人),184.7427746509486,2.56864871820455,1.9872234570301894,6.41733068687426,9.888816568306657,5.5073928571428565,259,0.03737332727669484,94.3783174002594,16.709677419354836,🟢 Top 10%~100% 一般微網格 (低誤差)
37_40-37_40,37_40,37_40,True,Recovered,Small (10~50人),184.30631684038806,2.5656126867836635,1.7571466320231275,3.354975545972753,11.09491734464822,2.9947357142857145,260,0.037285032183003795,94.41560243244241,16.7741935483871,🟢 Top 10%~100% 一般微網格 (低誤差)
55_50-55_50,55_50,55_50,True,Recovered,Small (10~50人),183.1130021760885,2.6042202371456282,2.0452538063045784,2.848794416692417,11.69231708348002,2.8099925925925926,261,0.037043625505112275,94.45264605794753,16.838709677419356,🟢 Top 10%~100% 一般微網格 (低誤差)
47_51-47_51,47_51,47_51,True,Partial Recovery,Small (10~50人),182.199853062887,2.5509091730966866,1.9025614677995095,7.211047850051095,12.93389051314804,7.072567857142857,262,0.03685889611190822,94.48950495405943,16.903225806451612,🟢 Top 10%~100% 一般微網格 (低誤差)
52_50-52_50,52_50,52_50,True,True Stable,Small (10~50人),181.85937646147582,2.5485246184345547,1.9985120853323566,6.556484710585965,12.045141539608014,5.55737857142857,263,0.03679001794615241,94.52629497200559,16.967741935483872,🟢 Top 10%~100% 一般微網格 (低誤差)
44_35-44_35,44_35,44_35,True,Recovered,Small (10~50人),181.7849016555173,2.5480027308204507,1.8835349189280364,5.74858431863442,10.628167339768837,5.069682142857142,264,0.03677495174774646,94.56306992375333,17.032258064516128,🟢 Top 10%~100% 一般微網格 (低誤差)
33_49-33_49,33_49,33_49,True,Persistent Increase,Small (10~50人),181.71383924260138,2.547504656119405,2.015381500855884,4.074484190049962,12.836920912725601,4.255939285714287,265,0.03676057587394033,94.59983049962727,17.096774193548388,🟢 Top 10%~100% 一般微網格 (低誤差)
45_46-45_46,45_46,45_46,True,Partial Dissipation,Small (10~50人),181.4616695578249,2.5457364185593647,2.208466093478187,7.275627526429963,12.102024625744894,7.053035714285714,266,0.036709562132394985,94.63654006175966,17.161290322580644,🟢 Top 10%~100% 一般微網格 (低誤差)
45_48-45_48,45_48,45_48,True,True Stable,Small (10~50人),181.11848201280387,2.543327980175383,2.14635197311962,6.576521994087122,10.308470837815213,6.424535714285715,267,0.036640135544743095,94.67318019730442,17.225806451612904,🟢 Top 10%~100% 一般微網格 (低誤差)
54_61-54_61,54_61,54_61,True,True Stable,Small (10~50人),180.6843611428929,2.540278114293878,1.9806102898274098,13.666856618620772,17.852514037478443,13.683925000000002,268,0.03655231321242466,94.70973251051684,17.290322580645164,🟢 Top 10%~100% 一般微網格 (低誤差)
46_40-46_40,46_40,46_40,True,Temporary Increase,Small (10~50人),176.35973122348585,2.509693572811272,2.099083843775098,7.359751555792817,11.00685641811587,6.830582142857142,269,0.035677443764166344,94.74540995428102,17.35483870967742,🟢 Top 10%~100% 一般微網格 (低誤差)
54_39-54_39,54_39,54_39,True,Temporary Increase,Tiny (<10人),174.5272994278073,2.496621284197386,2.017311161122154,5.6087756280508865,9.552510405077447,6.102964285714285,270,0.035306744161210234,94.78071669844222,17.419354838709676,🟢 Top 10%~100% 一般微網格 (低誤差)
32_49-32_49,32_49,32_49,True,Partial Recovery,Tiny (<10人),174.27778650643546,2.4948359988071607,2.1980258985045245,6.0673207614384115,9.51346893297384,6.066657142857143,271,0.035256267880945345,94.81597296632319,17.483870967741936,🟢 Top 10%~100% 一般微網格 (低誤差)
56_52-56_52,56_52,56_52,True,Partial Recovery,Tiny (<10人),173.51886486327504,2.4893979827551758,2.0049774207023523,4.665893089418709,9.645253224544218,5.500549999999999,272,0.03510273859136533,94.85107570491455,17.548387096774192,🟢 Top 10%~100% 一般微網格 (低誤差)
60_64-60_64,60_64,60_64,True,Persistent Decrease,Tiny (<10人),172.5935582733089,2.482751629265033,2.0103054324667777,6.0915999659506985,9.414518600988853,5.614767857142858,273,0.034915549749563936,94.88599125466412,17.612903225806452,🟢 Top 10%~100% 一般微網格 (低誤差)
55_54-55_54,55_54,55_54,True,True Stable,Tiny (<10人),171.671575410498,2.4761114056584916,2.09253378673612,4.72528190601531,8.211625815830052,4.631232142857143,274,0.03472903329531863,94.92072028795944,17.67741935483871,🟢 Top 10%~100% 一般微網格 (低誤差)
49_50-49_50,49_50,49_50,True,Recovered,Small (10~50人),170.68311969509935,2.4689726007787947,1.9188327347182799,8.19361209698509,11.631196504629532,8.296264285714289,275,0.03452906943194204,94.95524935739138,17.741935483870968,🟢 Top 10%~100% 一般微網格 (低誤差)
31_38-31_38,31_38,31_38,True,True Stable,Small (10~50人),170.53113157963756,2.467873083530761,2.038986535205019,6.495559396506278,10.714728508233895,6.663575,276,0.03449832234810045,94.98974767973948,17.806451612903228,🟢 Top 10%~100% 一般微網格 (低誤差)
46_48-46_48,46_48,46_48,True,Persistent Decrease,Small (10~50人),169.72442648072422,2.4620289722149624,1.8440020754351714,9.74359099205056,12.9246922809201,10.733521428571427,277,0.034335126500606925,95.02408280624009,17.870967741935484,🟢 Top 10%~100% 一般微網格 (低誤差)
46_51-46_51,46_51,46_51,True,Delayed Decrease,Small (10~50人),169.50105642761807,2.460408331584255,1.9180108985285411,6.704213728885486,12.202041358189067,6.748917857142858,278,0.03428993890334191,95.05837274514343,17.93548387096774,🟢 Top 10%~100% 一般微網格 (低誤差)
52_52-52_52,52_52,52_52,True,Temporary Increase,Tiny (<10人),168.8930666218305,2.4559917012266035,1.926745256027944,3.3131509087350826,7.975882474142335,3.7369285714285714,279,0.03416694301332388,95.09253968815675,18.0,🟢 Top 10%~100% 一般微網格 (低誤差)
40_51-40_51,40_51,40_51,True,Partial Dissipation,Tiny (<10人),166.869953031514,2.441237632779105,1.763794124655116,4.194435830105292,8.021701782589737,4.490439285714285,280,0.0337576686237209,95.12629735678047,18.064516129032256,🟢 Top 10%~100% 一般微網格 (低誤差)
35_48-35_48,35_48,35_48,True,Delayed Increase,Small (10~50人),166.21312736121206,2.436428353152066,1.821412056056594,7.019784764034088,14.574248555049365,7.436960714285715,281,0.03362479327427186,95.15992215005474,18.129032258064516,🟢 Top 10%~100% 一般微網格 (低誤差)
44_43-44_43,44_43,44_43,True,Recovered,Tiny (<10人),165.63802486922705,2.432209642553359,1.9549914187413873,4.335929541260034,8.926257018739221,4.047892857142857,282,0.033508450463619555,95.19343060051835,18.193548387096776,🟢 Top 10%~100% 一般微網格 (低誤差)
38_42-38_42,38_42,38_42,True,Partial Dissipation,Small (10~50人),165.10780951690487,2.428313711765142,1.818699440543083,8.420497219259882,12.738725485511178,8.272010714285715,283,0.033401188288268414,95.22683178880663,18.258064516129032,🟢 Top 10%~100% 一般微網格 (低誤差)
53_39-53_39,53_39,53_39,True,Persistent Decrease,Small (10~50人),163.32635934241773,2.415177894530588,2.096589004968379,5.033800033336436,10.292666832235303,4.969817857142857,284,0.033040802229739055,95.25987259103637,18.322580645161292,🟢 Top 10%~100% 一般微網格 (低誤差)
55_45-55_45,55_45,55_45,True,Partial Recovery,Small (10~50人),162.20544626694928,2.406875911298928,1.9011100319719778,4.5105316482378175,10.574993465411987,4.854571428571427,285,0.032814042339955225,95.29268663337633,18.387096774193548,🟢 Top 10%~100% 一般微網格 (低誤差)
57_58-57_58,57_58,57_58,True,True Stable,Tiny (<10人),161.22372836182177,2.4436139626761815,2.1574233166538237,1.546958714877849,4.939717568650799,1.964151851851852,286,0.03261544153063511,95.32530207490697,18.451612903225804,🟢 Top 10%~100% 一般微網格 (低誤差)
30_44-30_44,30_44,30_44,True,Emergent / Temporary Activity,Tiny (<10人),159.81827859078743,2.3890993415839143,1.8990967081651218,1.8806740068525116,4.745528173888849,2.6135642857142862,287,0.03233112007685666,95.35763319498383,18.516129032258064,🟢 Top 10%~100% 一般微網格 (低誤差)
52_54-52_54,52_54,52_54,True,Emergent / Temporary Activity,Tiny (<10人),158.94033571814353,2.3825281868977477,1.8753402160637218,2.5340429807359075,8.859649562191018,2.2081964285714286,288,0.03215351288019332,95.38978670786402,18.580645161290324,🟢 Top 10%~100% 一般微網格 (低誤差)
49_52-49_52,49_52,49_52,True,True Stable,Tiny (<10人),158.90643138646416,2.382274059039749,1.749421855167773,3.3772009815267343,7.651522980454779,3.4767535714285716,289,0.03214665405886002,95.42193336192288,18.64516129032258,🟢 Top 10%~100% 一般微網格 (低誤差)
59_53-59_53,59_53,59_53,True,Partial Recovery,Small (10~50人),157.74427158655863,2.3735467101437537,1.7220356549342823,7.864862573182468,13.135374720723327,8.310039285714286,290,0.03191154998709455,95.45384491190998,18.70967741935484,🟢 Top 10%~100% 一般微網格 (低誤差)
41_41-41_41,41_41,41_41,True,Partial Recovery,Tiny (<10人),157.37686399809368,2.3707809442557535,1.830399336904,2.9095574843107177,6.7500981475293775,3.276560714285715,291,0.03183722370248837,95.48568213561246,18.774193548387096,🟢 Top 10%~100% 一般微網格 (低誤差)
51_45-51_45,51_45,51_45,True,Recovered,Tiny (<10人),156.96802443765617,2.3676994895411525,1.908276471225561,6.412518412269637,9.89099312107569,6.194274999999999,292,0.03175451576046054,95.51743665137292,18.838709677419356,🟢 Top 10%~100% 一般微網格 (低誤差)
54_55-54_55,54_55,54_55,True,True Stable,Small (10~50人),156.50663184184194,2.364217114771837,1.8627371769862813,4.737702404699781,11.1564122160555,4.963421428571429,293,0.031661176378073384,95.549097827751,18.903225806451612,🟢 Top 10%~100% 一般微網格 (低誤差)
53_44-53_44,53_44,53_44,True,Delayed Increase,Tiny (<10人),150.8231848751174,2.3208925690278037,1.9924653551617795,5.276061758636587,8.581355395328556,5.5363357142857135,294,0.030511419241706566,95.5796092469927,18.96774193548387,🟢 Top 10%~100% 一般微網格 (低誤差)
51_47-51_47,51_47,51_47,True,Partial Recovery,Small (10~50人),149.79373062390437,2.312958299172484,1.8155859792676896,4.874116595725013,11.348315169548046,4.556464285714285,295,0.030303161404723968,95.60991240839742,19.032258064516128,🟢 Top 10%~100% 一般微網格 (低誤差)
44_36-44_36,44_36,44_36,True,Delayed Increase,Tiny (<10人),142.56736174535143,2.2564776734781598,1.8470359233578724,3.5431690850170185,7.233939918408164,4.368760714285714,296,0.02884127230172357,95.63875368069915,19.096774193548388,🟢 Top 10%~100% 一般微網格 (低誤差)
55_56-55_56,55_56,55_56,True,Partial Recovery,Tiny (<10人),141.61440193321422,2.248923567376292,1.8247854738202043,2.0255205591920165,6.072344081951148,2.0867642857142856,297,0.028648489233439392,95.66740216993259,19.161290322580644,🟢 Top 10%~100% 一般微網格 (低誤差)
56_41-56_41,56_41,56_41,True,Partial Recovery,Tiny (<10人),141.3587504100791,2.2468926988977396,1.7459064759304954,5.746124459206764,8.692527388713966,6.31565,298,0.028596771118557948,95.69599894105114,19.225806451612904,🟢 Top 10%~100% 一般微網格 (低誤差)
33_40-33_40,33_40,33_40,True,Recovered,Tiny (<10人),139.37012863478694,2.23103218132315,1.839456951032568,3.6659156731807845,7.232684801030213,3.839885714285714,299,0.028194474397736372,95.7241934154489,19.29032258064516,🟢 Top 10%~100% 一般微網格 (低誤差)
56_62-56_62,56_62,56_62,True,Delayed Decrease,Tiny (<10人),139.10634885077067,2.228919892577462,1.986524469792069,4.189586385498537,7.336659425111728,3.6428857142857143,300,0.028141111941663913,95.75233452739054,19.35483870967742,🟢 Top 10%~100% 一般微網格 (低誤差)
52_43-52_43,52_43,52_43,True,Partial Recovery,Tiny (<10人),137.08147011385205,2.2126379707897157,1.7574796729827733,5.1602538675407175,9.257836059368143,5.2809035714285715,301,0.02773148046420309,95.78006600785474,19.419354838709676,🟢 Top 10%~100% 一般微網格 (低誤差)
39_48-39_48,39_48,39_48,True,Emergent / Temporary Activity,Tiny (<10人),135.6768225696841,2.201272542430888,1.7548590179886447,1.8009794178084746,6.072344081951148,1.9716928571428571,302,0.027447321300328995,95.80751332915507,19.483870967741936,🟢 Top 10%~100% 一般微網格 (低誤差)
51_43-51_43,51_43,51_43,True,Delayed Decrease,Small (10~50人),134.71199293525245,2.1934316959573747,1.649241044665283,4.379078205242949,12.736273965933593,3.5847214285714286,303,0.027252136975734986,95.83476546613082,19.548387096774196,🟢 Top 10%~100% 一般微網格 (低誤差)
65_62-65_62,65_62,65_62,True,Partial Recovery,Tiny (<10人),133.2209737448176,2.1812592508589552,1.6960872124837394,2.4704560903939035,5.803615202279277,3.0260428571428575,304,0.026950504891420788,95.86171597102224,19.612903225806452,🟢 Top 10%~100% 一般微網格 (低誤差)
58_46-58_46,58_46,58_46,True,Partial Recovery,Tiny (<10人),132.8480131534207,2.178203823873343,1.8355913591186395,5.232902978135393,8.998020755657569,5.019625,305,0.026875055238410422,95.88859102626064,19.67741935483871,🟢 Top 10%~100% 一般微網格 (低誤差)
61_58-61_58,61_58,61_58,True,Persistent Decrease,Tiny (<10人),131.70274994368498,2.1687945132828728,1.7374830724334938,3.9437870382096274,8.345405539650246,4.199467857142857,306,0.02664336933439452,95.91523439559504,19.741935483870968,🟢 Top 10%~100% 一般微網格 (低誤差)
53_56-53_56,53_56,53_56,True,Emergent / Temporary Activity,Tiny (<10人),131.25834880435028,2.1651323681437904,1.6665076622374182,2.2484163570117235,6.375092694888857,2.0798928571428568,307,0.02655346731114153,95.9417878629062,19.806451612903224,🟢 Top 10%~100% 一般微網格 (低誤差)
40_49-40_49,40_49,40_49,True,Partial Dissipation,Tiny (<10人),129.15860096219458,2.147744672260005,1.6891613634399838,2.626493512041386,7.697250983983455,2.589217857142857,308,0.02612868986882105,95.96791655277501,19.870967741935484,🟢 Top 10%~100% 一般微網格 (低誤差)
50_48-50_48,50_48,50_48,True,Persistent Increase,Small (10~50人),128.24408359263975,2.1401275295164717,1.5679407505161778,5.642077032036309,10.521670336914365,5.365042857142859,309,0.02594368367836423,95.99386023645337,19.93548387096774,🟢 Top 10%~100% 一般微網格 (低誤差)
54_38-54_38,54_38,54_38,True,Partial Recovery,Small (10~50人),127.23159195434783,2.131662596880893,1.5199594705607657,6.869953932304152,11.436957917648721,6.6025,310,0.02573885736548517,96.01959909381887,20.0,🟢 Top 10%~100% 一般微網格 (低誤差)
46_44-46_44,46_44,46_44,True,Partial Recovery,Tiny (<10人),127.10043531640281,2.130563601796506,1.530320371247796,4.961280691962024,9.748338437483351,4.88087857142857,311,0.025712324474205975,96.04531141829308,20.06451612903226,🟢 Top 10%~100% 一般微網格 (低誤差)
34_41-34_41,34_41,34_41,True,Delayed Increase,Tiny (<10人),127.06460110483384,2.1302632391396563,1.7807607252600255,3.3367132437032088,6.604113850869522,3.1496357142857145,312,0.025705075239592066,96.07101649353265,20.129032258064516,🟢 Top 10%~100% 一般微網格 (低誤差)
41_42-41_42,41_42,41_42,True,Partial Recovery,Tiny (<10人),125.99198757828712,2.1212528944191646,1.7288411817222016,3.6976745845512755,7.164369542434223,3.3044857142857142,313,0.025488086312989766,96.09650457984566,20.193548387096776,🟢 Top 10%~100% 一般微網格 (低誤差)
44_37-44_37,44_37,44_37,True,Partial Dissipation,Small (10~50人),125.83256097182692,2.119910383650239,1.7129378387146559,6.909733368998969,13.512548329184842,7.097596428571428,314,0.025455834427896513,96.12196041427356,20.258064516129032,🟢 Top 10%~100% 一般微網格 (低誤差)
55_53-55_53,55_53,55_53,True,Recovered,Tiny (<10人),125.34632015095612,2.1158105517993753,1.7236889557596966,1.9920477372001213,7.465996822071084,1.978832142857143,315,0.025357468267877388,96.14731788254143,20.32258064516129,🟢 Top 10%~100% 一般微網格 (低誤差)
32_40-32_40,32_40,32_40,True,Temporary Increase,Small (10~50人),125.10778137227669,2.113796359399335,1.707974145209628,6.290402937806376,10.157122646338062,6.265157142857143,316,0.025309212048598373,96.17262709459003,20.387096774193548,🟢 Top 10%~100% 一般微網格 (低誤差)
61_66-61_66,61_66,61_66,True,Partial Recovery,Small (10~50人),125.06890111860393,2.1134678773337363,1.5411238345504543,5.908914813658892,12.679905536740822,5.732867857142856,317,0.025301346601909816,96.19792844119192,20.451612903225808,🟢 Top 10%~100% 一般微網格 (低誤差)
47_50-47_50,47_50,47_50,True,True Stable,Tiny (<10人),124.3594581372777,2.1074651169565035,1.782498440924314,2.2479445307209462,6.080646748133179,2.3889607142857145,318,0.025157826809185282,96.22308626800113,20.516129032258064,🟢 Top 10%~100% 一般微網格 (低誤差)
63_66-63_66,63_66,63_66,True,Partial Recovery,Tiny (<10人),123.14910366706829,2.097184368104976,1.569085126741778,3.825700333167595,8.405235810197574,3.751878571428571,319,0.02491297299110545,96.24799924099221,20.580645161290324,🟢 Top 10%~100% 一般微網格 (低誤差)
39_41-39_41,39_41,39_41,True,Recovered,Tiny (<10人),119.1840464004609,2.063146404337498,1.7138563334831982,4.129186708976275,8.065950336797872,4.056025,320,0.024110844825737478,96.27211008581796,20.64516129032258,🟢 Top 10%~100% 一般微網格 (低誤差)
42_50-42_50,42_50,42_50,True,Temporary Increase,Tiny (<10人),119.08986570279632,2.06233108141869,1.5154948511792716,4.722070056689037,8.466982186513173,4.237317857142857,321,0.02409179213994981,96.29620187795791,20.70967741935484,🟢 Top 10%~100% 一般微網格 (低誤差)
36_48-36_48,36_48,36_48,True,Emergent / Temporary Activity,Tiny (<10人),118.36416410931153,2.0937664458994707,1.6807156709871707,1.5599312243761458,6.868717076305397,1.9607444444444448,322,0.023944983241957617,96.32014686119986,20.774193548387096,🟢 Top 10%~100% 一般微網格 (低誤差)
44_48-44_48,44_48,44_48,True,Partial Recovery,Tiny (<10人),118.35099262130036,2.093649946167028,1.821988306557311,3.3274778591862257,7.41209386542037,3.141425925925926,323,0.02394231865963177,96.3440891798595,20.838709677419352,🟢 Top 10%~100% 一般微網格 (低誤差)
62_63-62_63,62_63,62_63,True,Partial Dissipation,Tiny (<10人),115.78356035592644,2.0335012061881845,1.6215588190063228,3.489284447828903,8.554329642958422,3.320103571428571,324,0.02342292900287329,96.36751210886237,20.903225806451616,🟢 Top 10%~100% 一般微網格 (低誤差)
65_63-65_63,65_63,65_63,True,Emergent / Temporary Activity,Tiny (<10人),115.75959493886569,2.070601942707283,1.5963171645430423,1.5721835377892346,5.75131223557494,2.043911111111111,325,0.023418080816648815,96.39093018967903,20.967741935483872,🟢 Top 10%~100% 一般微網格 (低誤差)
57_56-57_56,57_56,57_56,True,Emergent / Temporary Activity,Tiny (<10人),114.04514008129736,2.0181775732549383,1.729836892588614,2.534060487310796,5.601850983837889,1.9677892857142858,326,0.023071247861400187,96.41400143754043,21.032258064516128,🟢 Top 10%~100% 一般微網格 (低誤差)
49_51-49_51,49_51,49_51,True,Partial Recovery,Tiny (<10人),113.96372522751349,2.0174570736052275,1.6298479033679762,4.365272914096267,9.65922447739992,4.0894892857142855,327,0.02305477769642947,96.43705621523686,21.096774193548388,🟢 Top 10%~100% 一般微網格 (低誤差)
43_38-43_38,43_38,43_38,True,Temporary Increase,Small (10~50人),113.03332457936769,2.009204929633394,1.6073524480225234,6.689006818656191,10.953759716639086,6.524685714285715,328,0.022866558330409337,96.45992277356726,21.161290322580644,🟢 Top 10%~100% 一般微網格 (低誤差)
54_42-54_42,54_42,54_42,True,Partial Recovery,Tiny (<10人),112.47615794355804,2.004246901167957,1.644953200596946,1.7763233980557838,8.664842124364657,2.5003607142857143,329,0.02275384393025424,96.48267661749752,21.225806451612904,🟢 Top 10%~100% 一般微網格 (低誤差)
54_49-54_49,54_49,54_49,True,Recovered,Tiny (<10人),112.41702625755624,2.003719989148365,1.6664240387436833,5.177727033916384,8.60143899019885,4.613378571428571,330,0.02274188163371765,96.50541849913124,21.29032258064516,🟢 Top 10%~100% 一般微網格 (低誤差)
45_50-45_50,45_50,45_50,True,True Stable,Tiny (<10人),111.85260948605648,1.9986835800279756,1.594526992836636,2.0281579771486853,8.351655059628586,2.111685714285714,331,0.02262770053645108,96.52804619966767,21.35483870967742,🟢 Top 10%~100% 一般微網格 (低誤差)
56_55-56_55,56_55,56_55,True,True Stable,Tiny (<10人),110.74040630455528,1.9887218284307573,1.6029500453008265,4.6201965410419,7.624937985754304,4.538342857142857,332,0.022402702651803295,96.55044890231947,21.41935483870968,🟢 Top 10%~100% 一般微網格 (低誤差)
39_49-39_49,39_49,39_49,True,Emergent / Temporary Activity,Tiny (<10人),110.6912495103971,2.024765642683737,1.6943332570699614,2.21208255862138,8.211625815830052,2.155014814814815,333,0.02239275826854166,96.57284166058801,21.483870967741936,🟢 Top 10%~100% 一般微網格 (低誤差)
56_59-56_59,56_59,56_59,True,Recovered,Tiny (<10人),110.48963200261632,1.9864687980956877,1.5049732698350984,3.6399348520693526,7.504674830533548,4.218264285714286,334,0.022351971195178497,96.59519363178319,21.548387096774192,🟢 Top 10%~100% 一般微網格 (低誤差)
55_57-55_57,55_57,55_57,True,Delayed Increase,Tiny (<10人),110.48522489682999,1.9864291805077017,1.5383658518709677,2.825894430330279,6.156189740127007,3.103282142857143,335,0.022351079640923092,96.6175447114241,21.612903225806452,🟢 Top 10%~100% 一般微網格 (低誤差)
61_53-61_53,61_53,61_53,True,Partial Recovery,Tiny (<10人),110.07024614428352,1.9826951907539134,1.5105172924970944,4.426208010761669,8.364689238160755,5.034921428571428,336,0.022267129744852204,96.63981184116895,21.677419354838708,🟢 Top 10%~100% 一般微網格 (低誤差)
33_43-33_43,33_43,33_43,True,True Stable,Tiny (<10人),109.27999996150535,1.9755650182877642,1.5603497673757423,2.780068937264017,7.307698177175013,3.168296428571428,337,0.022107263523973318,96.66191910469293,21.741935483870968,🟢 Top 10%~100% 一般微網格 (低誤差)
34_45-34_45,34_45,34_45,True,Delayed Increase,Small (10~50人),109.07981020668579,1.9737546725420654,1.6580983093019366,7.814895258266566,11.197373936532719,7.894696428571428,338,0.022066765283982884,96.68398586997691,21.806451612903228,🟢 Top 10%~100% 一般微網格 (低誤差)
52_41-52_41,52_41,52_41,True,Partial Dissipation,Tiny (<10人),108.53575985547668,1.9688263350777273,1.601781884640328,3.6256498884982666,6.584740182140765,3.837214285714286,339,0.021956704298544315,96.70594257427545,21.870967741935484,🟢 Top 10%~100% 一般微網格 (低誤差)
51_52-51_52,51_52,51_52,True,Partial Recovery,Tiny (<10人),107.79576139948222,1.9621031118190704,1.5397784313200853,3.6260093648952645,7.4570444364268145,3.404149999999999,340,0.0218070031557939,96.72774957743124,21.935483870967744,🟢 Top 10%~100% 一般微網格 (低誤差)
35_45-35_45,35_45,35_45,True,True Stable,Tiny (<10人),107.72670941213478,1.9614745675141478,1.5550468237074802,3.359998740120726,6.669623827716834,3.184457142857142,341,0.021793033989599888,96.74954261142085,22.0,🟢 Top 10%~100% 一般微網格 (低誤差)
38_48-38_48,38_48,38_48,True,True Stable,Tiny (<10人),107.01441590292887,1.9549791367440734,1.4751913404294879,2.4332888750139086,9.70162304708475,2.56285,342,0.02164893753718428,96.77119154895803,22.064516129032256,🟢 Top 10%~100% 一般微網格 (低誤差)
58_59-58_59,58_59,58_59,True,Partial Recovery,Tiny (<10人),106.16951657558265,1.94724637607262,1.6363560830273332,3.8302139436338045,8.038467994892514,3.7737285714285718,343,0.02147801502540307,96.79266956398342,22.129032258064516,🟢 Top 10%~100% 一般微網格 (低誤差)
36_49-36_49,36_49,36_49,True,Emergent / Temporary Activity,Tiny (<10人),105.26652536235152,2.0519895259221137,1.6341661548413022,1.9858217513754743,7.465996822071084,2.0040359999999997,344,0.021295340567883257,96.81396490455131,22.193548387096772,🟢 Top 10%~100% 一般微網格 (低誤差)
59_46-59_46,59_46,59_46,True,Partial Recovery,Tiny (<10人),105.19245550167024,1.9382655676593796,1.5855610387680503,2.4709711467640543,5.470876964881828,2.772164285714286,345,0.02128035628960872,96.8352452608409,22.258064516129032,🟢 Top 10%~100% 一般微網格 (低誤差)
39_47-39_47,39_47,39_47,True,Delayed Increase,Tiny (<10人),105.06514418508584,1.9370922998243476,1.455578811542049,4.774697872964592,8.255915951067253,4.380996428571428,346,0.02125460130400928,96.85649986214491,22.322580645161292,🟢 Top 10%~100% 一般微網格 (低誤差)
63_65-63_65,63_65,63_65,True,Emergent / Temporary Activity,Tiny (<10人),104.15078378595946,1.9286448220184431,1.397576721169404,2.6414842184806777,5.6563304213185,2.725042857142857,347,0.021069626868554552,96.87756948901347,22.387096774193548,🟢 Top 10%~100% 一般微網格 (低誤差)
55_51-55_51,55_51,55_51,True,Recovered,Tiny (<10人),103.62755977854407,1.9237942399864767,1.5104948359347286,2.192835372392466,7.004363175164645,2.1431285714285715,348,0.02096377903712999,96.89853326805061,22.451612903225808,🟢 Top 10%~100% 一般微網格 (低誤差)
44_51-44_51,44_51,44_51,True,Persistent Decrease,Tiny (<10人),103.19413466691587,1.9197668633281255,1.5223703038085408,3.849073923950082,8.209609200452078,3.685317857142857,349,0.020876097456199835,96.91940936550681,22.516129032258064,🟢 Top 10%~100% 一般微網格 (低誤差)
51_42-51_42,51_42,51_42,True,Persistent Low Volume,Tiny (<10人),102.7755725705161,1.9158695579899792,1.4762674679806558,1.9967906125963732,6.606519614629574,1.3066214285714288,350,0.02079142265230602,96.94020078815912,22.58064516129032,🟢 Top 10%~100% 一般微網格 (低誤差)
58_53-58_53,58_53,58_53,True,Partial Recovery,Tiny (<10人),102.65183362948206,1.9498512158764552,1.5832323267772566,1.9381522770791193,5.211982926971296,1.6564999999999999,351,0.0207663903556499,96.96096717851476,22.64516129032258,🟢 Top 10%~100% 一般微網格 (低誤差)
36_46-36_46,36_46,36_46,True,True Stable,Tiny (<10人),101.09964683986263,1.9001846417788553,1.6262364612211984,2.4993115756450868,5.1189327955760024,2.2270357142857145,352,0.020452384111061372,96.98141956262583,22.70967741935484,🟢 Top 10%~100% 一般微網格 (低誤差)
47_37-47_37,47_37,47_37,True,Partial Dissipation,Tiny (<10人),100.9479943562186,1.898758940129603,1.6476007353421795,3.3996297698451974,7.62579776712142,3.379403571428571,353,0.020421704925289372,97.00184126755111,22.774193548387096,🟢 Top 10%~100% 一般微網格 (低誤差)
46_41-46_41,46_41,46_41,True,Partial Recovery,Tiny (<10人),100.90528195453477,1.8983572029006588,1.5555956809276241,3.6183259548388804,7.238865176349023,3.4400857142857144,354,0.020413064237879974,97.02225433178899,22.838709677419356,🟢 Top 10%~100% 一般微網格 (低誤差)
46_39-46_39,46_39,46_39,True,True Stable,Tiny (<10人),100.65150620032828,1.8959685255857293,1.3886761619170467,4.534564917774182,8.859649562191018,4.586782142857143,355,0.020361725589671573,97.04261605737867,22.903225806451612,🟢 Top 10%~100% 一般微網格 (低誤差)
49_48-49_48,49_48,49_48,True,True Stable,Tiny (<10人),100.46966978602708,1.894255128634501,1.6124595885770336,2.2269249202947976,6.374520085056909,2.215142857142857,356,0.020324940216953535,97.06294099759563,22.967741935483872,🟢 Top 10%~100% 一般微網格 (低誤差)
55_49-55_49,55_49,55_49,True,Recovered,Tiny (<10人),99.31135002448661,1.8833039928396982,1.5895212682230062,2.9294927760384932,8.301388792866332,3.158471428571429,357,0.020090612982121715,97.08303161057773,23.032258064516128,🟢 Top 10%~100% 一般微網格 (低誤差)
44_38-44_38,44_38,44_38,True,Temporary Increase,Tiny (<10人),98.31457181134616,1.8738288896129436,1.5996532903158656,2.010080253411206,6.927525885585109,2.0397285714285713,358,0.019888965483580226,97.10292057606132,23.096774193548384,🟢 Top 10%~100% 一般微網格 (低誤差)
42_51-42_51,42_51,42_51,True,Partial Dissipation,Tiny (<10人),98.06007891606768,1.8714020614431965,1.4743605553809924,4.15049738058862,8.107528997510906,4.017278571428572,359,0.019837481758261027,97.1227580578196,23.161290322580644,🟢 Top 10%~100% 一般微網格 (低誤差)
47_44-47_44,47_44,47_44,True,Emergent / Temporary Activity,Tiny (<10人),94.688779442369,1.8389513650289258,1.4159261227334097,2.2363054145610133,9.357382683662424,2.0218142857142856,360,0.019155470357185414,97.14191352817679,23.225806451612904,🟢 Top 10%~100% 一般微網格 (低誤差)
50_35-50_35,50_35,50_35,True,Recovered,Tiny (<10人),94.13096684387074,1.833526723127851,1.4032429117826923,2.9533588920692466,6.370919653544478,3.0278107142857142,361,0.01904262527925407,97.16095615345604,23.29032258064516,🟢 Top 10%~100% 一般微網格 (低誤差)
52_46-52_46,52_46,52_46,True,Partial Recovery,Tiny (<10人),94.02409445509754,1.8324855724933664,1.481966576106693,4.291618035055168,7.710916924620903,4.369478571428571,362,0.019021005073700647,97.17997715852974,23.35483870967742,🟢 Top 10%~100% 一般微網格 (低誤差)
60_63-60_63,60_63,60_63,True,Persistent Decrease,Tiny (<10人),93.91324499260614,1.8314050518718266,1.3406582804027567,2.3940795654702067,6.467448739204243,1.9235464285714288,363,0.018998580309062547,97.1989757388388,23.419354838709676,🟢 Top 10%~100% 一般微網格 (低誤差)
52_51-52_51,52_51,52_51,True,Emergent / Temporary Activity,Tiny (<10人),91.5723102285171,1.8084356917011088,1.4873848628237707,1.6116969390205862,5.403365877984155,1.8484107142857145,364,0.018525010930032747,97.21750074976883,23.483870967741936,🟢 Top 10%~100% 一般微網格 (低誤差)
33_36-33_36,33_36,33_36,True,Recovered,Tiny (<10人),91.43360980989631,1.8070655950017847,1.531520079297602,1.7061579172007455,6.24361356965323,1.848225,365,0.018496951937477704,97.23599770170631,23.548387096774192,🟢 Top 10%~100% 一般微網格 (低誤差)
40_41-40_41,40_41,40_41,True,True Stable,Tiny (<10人),90.97186751435314,1.8024969537754438,1.5128346827468324,1.859571737317916,5.576129013786094,1.8383714285714288,366,0.018403541811092883,97.2544012435174,23.612903225806452,🟢 Top 10%~100% 一般微網格 (低誤差)
53_35-53_35,53_35,53_35,True,Persistent Decrease,Tiny (<10人),90.60661547165256,1.7988748018022322,1.5599162952687247,3.6504525887732555,7.150921211817761,3.500314285714286,367,0.018329651591807602,97.27273089510922,23.67741935483871,🟢 Top 10%~100% 一般微網格 (低誤差)
44_44-44_44,44_44,44_44,True,Partial Recovery,Tiny (<10人),90.15508282563019,1.7943869110728738,1.4400797075133727,2.104039042708771,5.873250833362586,1.7844857142857138,368,0.01823830687000297,97.29096920197922,23.741935483870968,🟢 Top 10%~100% 一般微網格 (低誤差)
48_42-48_42,48_42,48_42,True,Partial Recovery,Tiny (<10人),89.65268295258758,1.789380209463876,1.4784752525557578,1.231147455285505,5.607939581542475,0.9751249999999999,369,0.01813667174562819,97.30910587372486,23.806451612903228,🟢 Top 10%~100% 一般微網格 (低誤差)
57_51-57_51,57_51,57_51,True,Partial Dissipation,Tiny (<10人),88.47369185408732,1.7775755143100243,1.472256986702616,4.033708651695405,6.508837839312281,3.823321428571428,370,0.017898162714550726,97.3270040364394,23.870967741935484,🟢 Top 10%~100% 一般微網格 (低誤差)
62_62-62_62,62_62,62_62,True,Delayed Increase,Tiny (<10人),88.08471651543286,1.773663647001322,1.4381133119853922,3.7261807596657155,6.213768904273679,3.582857142857144,371,0.017819473289962605,97.34482350972937,23.93548387096774,🟢 Top 10%~100% 一般微網格 (低誤差)
43_48-43_48,43_48,43_48,True,Persistent Low Volume,Tiny (<10人),88.01878846419179,1.7729997629541354,1.4040756812025001,1.778183853569897,6.469319250294075,1.5135357142857144,372,0.017806136093742604,97.3626296458231,24.0,🟢 Top 10%~100% 一般微網格 (低誤差)
52_49-52_49,52_49,52_49,True,Emergent / Temporary Activity,Tiny (<10人),87.93334561830412,1.7721389982800861,1.4574149262687943,1.8446048953194814,5.022349157923625,1.7704535714285716,373,0.017788851068935296,97.38041849689205,24.064516129032256,🟢 Top 10%~100% 一般微網格 (低誤差)
56_42-56_42,56_42,56_42,True,Temporary Increase,Tiny (<10人),87.47073296889228,1.7674712865812021,1.424556344098751,1.0823136532817637,5.489924750185139,1.993382142857143,374,0.01769526487060373,97.39811376176264,24.129032258064516,🟢 Top 10%~100% 一般微網格 (低誤差)
61_59-61_59,61_59,61_59,True,Persistent Increase,Tiny (<10人),86.90334433782789,1.76172951079561,1.4157629613396854,5.319263478436929,8.810567849343277,4.837675,375,0.01758048256833556,97.41569424433098,24.193548387096776,🟢 Top 10%~100% 一般微網格 (低誤差)
53_53-53_53,53_53,53_53,True,Partial Recovery,Tiny (<10人),85.74057344142892,1.7499038079831388,1.4955095503515812,4.981926331098097,7.883139654675563,4.7161285714285714,376,0.017345254872199456,97.43303949920319,24.258064516129032,🟢 Top 10%~100% 一般微網格 (低誤差)
64_59-64_59,64_59,64_59,True,Emergent / Temporary Activity,Tiny (<10人),83.79593333301099,1.7616904059475986,1.4443918031334064,1.0258634880126218,4.714566227689866,1.1698296296296296,377,0.016951855610200673,97.44999135481338,24.322580645161292,🟢 Top 10%~100% 一般微網格 (低誤差)
44_45-44_45,44_45,44_45,True,Delayed Decrease,Tiny (<10人),81.82878885446262,1.7095194485007288,1.3062982706019464,3.960468497491402,7.266903573482521,3.458175,378,0.016553903730695575,97.46654525854407,24.387096774193548,🟢 Top 10%~100% 一般微網格 (低誤差)
51_49-51_49,51_49,51_49,True,Emergent / Temporary Activity,Tiny (<10人),81.75649597283657,1.708764131228396,1.5135706767273427,1.4970402271643306,4.247279769029651,1.5275357142857142,379,0.016539278933975433,97.48308453747806,24.451612903225804,🟢 Top 10%~100% 一般微網格 (低誤差)
31_69-30_69,31_69,30_69,False,True Stable,Small (10~50人),81.33322901901904,1.7043351135415477,1.2306693880433923,12.931270826971694,19.112951864501973,12.89604642857143,380,0.016453652340890423,97.49953818981895,24.516129032258064,🟢 Top 10%~100% 一般微網格 (低誤差)
49_43-49_43,49_43,49_43,True,Partial Recovery,Tiny (<10人),80.52991921739053,1.7270175449728626,1.447068187468193,1.852216581690027,6.576928359457511,1.4444333333333332,381,0.016291143359537495,97.51582933317849,24.580645161290324,🟢 Top 10%~100% 一般微網格 (低誤差)
52_42-52_42,52_42,52_42,True,True Stable,Tiny (<10人),80.34253155392474,1.6939232942863391,1.2294483368792959,1.8045226695265588,6.000087242248336,1.860082142857143,382,0.016253234973201122,97.5320825681517,24.64516129032258,🟢 Top 10%~100% 一般微網格 (低誤差)
59_43-59_43,59_43,59_43,True,Persistent Decrease,Tiny (<10人),80.0849072898535,1.6912052685442742,1.4309031083133994,3.7817923918802356,8.301388792866332,3.647953571428572,383,0.016201117774280925,97.54828368592597,24.70967741935484,🟢 Top 10%~100% 一般微網格 (低誤差)
45_44-45_44,45_44,45_44,True,Partial Recovery,Tiny (<10人),80.08216199321896,1.6911762811852389,1.3577615606353628,1.6253175155110546,5.200669972231099,1.8042607142857143,384,0.016200562402793255,97.56448424832875,24.774193548387096,🟢 Top 10%~100% 一般微網格 (低誤差)
30_45-30_45,30_45,30_45,True,True Stable,Tiny (<10人),79.52511587768012,1.6852841629580297,1.3483517304493577,2.226910539759323,6.949310569295061,2.251553571428571,385,0.016087872383800203,97.58057212071256,24.838709677419356,🟢 Top 10%~100% 一般微網格 (低誤差)
52_36-52_36,52_36,52_36,True,Partial Recovery,Tiny (<10人),79.38955528554908,1.6838471605814411,1.3620866081740506,2.2440889303055687,7.143152338822596,2.426075,386,0.016060448575832026,97.59663256928839,24.903225806451612,🟢 Top 10%~100% 一般微網格 (低誤差)
49_45-49_45,49_45,49_45,True,Partial Dissipation,Tiny (<10人),78.89537365422413,1.6785981997554658,1.419081625302035,2.4518298696081557,6.081332396565183,2.686092857142857,387,0.01596047599570523,97.61259304528409,24.96774193548387,🟢 Top 10%~100% 一般微網格 (低誤差)
31_41-31_41,31_41,31_41,True,Emergent / Temporary Activity,Tiny (<10人),77.3659222013104,1.6622480711514753,1.3292592304913635,2.572711447040399,5.503428209057935,2.5744785714285716,388,0.015651069092991115,97.62824411437708,25.032258064516128,🟢 Top 10%~100% 一般微網格 (低誤差)
33_42-33_42,33_42,33_42,True,Temporary Increase,Tiny (<10人),77.22884284628182,1.660774806768148,1.3333672801410625,2.222528145438406,6.373096562408195,2.280575,389,0.01562333804040711,97.6438674524175,25.096774193548388,🟢 Top 10%~100% 一般微網格 (低誤差)
31_35-31_35,31_35,31_35,True,Persistent Low Volume,Tiny (<10人),76.75041948957745,1.6556226654470674,1.4377891712009947,1.182487053398822,4.6007696924319434,1.293667857142857,390,0.015526553347632463,97.65939400576512,25.161290322580644,🟢 Top 10%~100% 一般微網格 (低誤差)
48_35-48_35,48_35,48_35,True,Partial Dissipation,Tiny (<10人),75.9729431105671,1.6472156497574832,1.2531753693521739,3.4739853004068633,6.870994731346335,3.161314285714286,391,0.015369270448652772,97.67476327621378,25.225806451612904,🟢 Top 10%~100% 一般微網格 (低誤差)
55_43-55_43,55_43,55_43,True,Persistent Low Volume,Tiny (<10人),75.17591009915145,1.6385523891876488,1.3136751136760927,1.0326955764493662,4.559144254276323,1.2613285714285714,392,0.015208031257337997,97.68997130747113,25.290322580645164,🟢 Top 10%~100% 一般微網格 (低誤差)
38_50-38_50,38_50,38_50,True,Emergent / Temporary Activity,Tiny (<10人),74.92974616461734,1.635867464992824,1.3559825958196612,1.2312009929848837,3.602243918656103,1.4985214285714286,393,0.01515823247464436,97.70512953994576,25.35483870967742,🟢 Top 10%~100% 一般微網格 (低誤差)
30_35-30_35,30_35,30_35,True,Delayed Increase,Tiny (<10人),74.61328488276098,1.632409315822573,1.1855579094053377,5.187484412803539,9.917590383308946,5.062428571428571,394,0.015094212590350823,97.7202237525361,25.41935483870968,🟢 Top 10%~100% 一般微網格 (低誤差)
45_37-45_37,45_37,45_37,True,Persistent Low Volume,Tiny (<10人),73.25826051069843,1.6175186078715318,1.3423199417214136,1.6305971292779762,5.437579063287554,1.4123392857142858,395,0.014820092157653668,97.73504384469376,25.483870967741932,🟢 Top 10%~100% 一般微網格 (低誤差)
59_47-59_47,59_47,59_47,True,Persistent Decrease,Tiny (<10人),73.24631942829826,1.6470660719875594,1.328271077124218,0.8734701100342284,3.9888133246729427,1.7697370370370376,396,0.01481767648547692,97.74986152117924,25.548387096774196,🟢 Top 10%~100% 一般微網格 (低誤差)
45_47-45_47,45_47,45_47,True,Partial Recovery,Tiny (<10人),72.70520275734924,1.6114013727780687,1.227228581259366,2.3384821343596753,6.412548365854008,2.5842428571428573,397,0.014708208981394752,97.76456973016063,25.61290322580645,🟢 Top 10%~100% 一般微網格 (低誤差)
54_48-54_48,54_48,54_48,True,True Stable,Tiny (<10人),71.01529110110323,1.5925640949324371,1.2890851881960426,1.336407627228502,4.489014594550365,1.5112750000000001,398,0.01436634109770126,97.77893607125834,25.677419354838708,🟢 Top 10%~100% 一般微網格 (低誤差)
41_50-41_50,41_50,41_50,True,True Stable,Tiny (<10人),70.7525290814507,1.5896150598881602,1.2500814390404842,1.6766051101472788,6.06158514988697,1.5614249999999998,399,0.014313184534610153,97.79324925579293,25.74193548387097,🟢 Top 10%~100% 一般微網格 (低誤差)
64_66-64_66,64_66,64_66,True,Persistent Decrease,Tiny (<10人),70.51895035296415,1.586988954333738,1.318952127844086,2.4571155426135776,4.850331310403097,2.321678571428571,400,0.014265931729832832,97.80751518752278,25.806451612903224,🟢 Top 10%~100% 一般微網格 (低誤差)
46_50-46_50,46_50,46_50,True,Emergent / Temporary Activity,Tiny (<10人),69.9893107665866,1.5810181028893397,1.296261054159373,1.5427512205892013,4.570504504033687,1.4039142857142857,401,0.014158786031508332,97.82167397355428,25.870967741935484,🟢 Top 10%~100% 一般微網格 (低誤差)
43_50-43_50,43_50,43_50,True,Delayed Decrease,Tiny (<10人),69.65164970863387,1.5771997077623034,1.2842163733949867,2.238392949449341,6.374520085056909,2.4572714285714286,402,0.01409047744812094,97.83576445100239,25.93548387096774,🟢 Top 10%~100% 一般微網格 (低誤差)
63_58-63_58,63_58,63_58,True,Persistent Decrease,Tiny (<10人),69.64046068957656,1.606012553449122,1.34553203088681,1.6641776250097777,5.778537533138671,1.4819,403,0.014088213917804671,97.8498526649202,26.0,🟢 Top 10%~100% 一般微網格 (低誤差)
54_43-54_43,54_43,54_43,True,Partial Recovery,Tiny (<10人),69.08926289317813,1.5708194278007774,1.2627281706677393,3.4441128500257863,8.205111148050012,3.2249357142857136,404,0.013976707009467317,97.86382937192967,26.064516129032256,🟢 Top 10%~100% 一般微網格 (低誤差)
55_52-55_52,55_52,55_52,True,Emergent / Temporary Activity,Tiny (<10人),68.94345517280613,1.5979553506579973,1.3599020671367312,2.020808035392155,5.207070271449824,2.3969037037037033,405,0.01394721021500146,97.87777658214468,26.129032258064516,🟢 Top 10%~100% 一般微網格 (低誤差)
55_46-55_46,55_46,55_46,True,True Stable,Tiny (<10人),68.91117280058332,1.5687935856276782,1.2845020980186261,3.188656747666495,6.305417518846853,2.821107142857142,406,0.013940679514871882,97.89171726165954,26.193548387096776,🟢 Top 10%~100% 一般微網格 (低誤差)
59_54-59_54,59_54,59_54,True,Temporary Increase,Tiny (<10人),68.60334087628732,1.5940089325030555,1.2582442985658393,1.9856513416724886,4.0941811696295956,2.1057407407407402,407,0.013878405343258592,97.9055956670028,26.258064516129032,🟢 Top 10%~100% 一般微網格 (低誤差)
50_51-50_51,50_51,50_51,True,Persistent Low Volume,Tiny (<10人),68.52199665940766,1.5643574292364952,1.0949764515176255,0.7970251674828542,7.697250983983455,0.8381785714285712,408,0.013861949468081586,97.91945761647088,26.322580645161292,🟢 Top 10%~100% 一般微網格 (低誤差)
51_35-51_35,51_35,51_35,True,Persistent Increase,Tiny (<10人),68.49382023911141,1.5640357622773688,1.3463890295880627,3.607068005775876,7.098906800684298,3.9412249999999993,409,0.013856249399003337,97.93331386586988,26.387096774193548,🟢 Top 10%~100% 一般微網格 (低誤差)
49_35-49_35,49_35,49_35,True,Persistent Low Volume,Tiny (<10人),67.75754526577185,1.5556067404458054,1.2625510279779368,1.6541704500643537,4.3598657269681,1.4605821428571428,410,0.013707301514052223,97.94702116738392,26.451612903225808,🟢 Top 10%~100% 一般微網格 (低誤差)
55_62-55_62,55_62,55_62,True,Delayed Decrease,Tiny (<10人),66.6922875449034,1.5433299751893559,1.2189989548253757,2.835900779466981,6.375092694888857,2.480253571428572,411,0.013491800661522191,97.96051296804545,26.516129032258064,🟢 Top 10%~100% 一般微網格 (低誤差)
38_49-38_49,38_49,38_49,True,Emergent / Temporary Activity,Tiny (<10人),66.68488507196713,1.60150031907544,1.4010357318723128,1.3609094480354769,4.850661337309736,1.5373153846153846,412,0.01349030314669799,97.97400327119215,26.580645161290324,🟢 Top 10%~100% 一般微網格 (低誤差)
32_48-31_48,32_48,31_48,False,True Stable,Small (10~50人),66.35160545458318,1.539383056554327,1.1973358392548608,8.278915475380819,11.834909303671049,8.352985714285714,413,0.013422880925511391,97.98742615211765,26.645161290322584,🟢 Top 10%~100% 一般微網格 (低誤差)
54_53-54_53,54_53,54_53,True,Temporary Increase,Tiny (<10人),65.99914278637789,1.535288976828349,1.2766144088058031,2.9228550958889334,5.871739751415101,3.3364249999999993,414,0.013351577987269062,98.00077773010493,26.70967741935484,🟢 Top 10%~100% 一般微網格 (低誤差)
49_47-49_47,49_47,49_47,True,Partial Recovery,Tiny (<10人),65.7319913264442,1.5602942662445796,1.3215962166673738,1.910436550734496,4.925765520271248,2.0141148148148145,415,0.013297533443641237,98.01407526354856,26.7741935483871,🟢 Top 10%~100% 一般微網格 (低誤差)
61_57-61_57,61_57,61_57,True,Persistent Increase,Tiny (<10人),64.10529128041064,1.513101017310508,1.2668322130904432,3.1858881082497836,5.778537533138671,3.4118,416,0.012968453222147906,98.0270437167707,26.838709677419352,🟢 Top 10%~100% 一般微網格 (低誤差)
54_45-54_45,54_45,54_45,True,Recovered,Tiny (<10人),64.10486633018823,1.5130960021731723,1.2666382242322973,2.0756837737196054,5.378150236663492,2.00015,417,0.012968367255030824,98.04001208402575,26.903225806451616,🟢 Top 10%~100% 一般微網格 (低誤差)
35_46-35_46,35_46,35_46,True,Emergent / Temporary Activity,Tiny (<10人),62.84614834207479,1.5256589146269057,1.2977419400655688,1.6237694690673488,6.229887646198897,1.8351444444444442,418,0.012713729532891441,98.05272581355862,26.96774193548387,🟢 Top 10%~100% 一般微網格 (低誤差)
55_47-55_47,55_47,55_47,True,Persistent Low Volume,Tiny (<10人),62.33985843551425,1.492120476219692,1.2222416524270485,1.7090748404184861,4.745231774859031,1.6445357142857144,419,0.012611307457600408,98.06533712101623,27.032258064516128,🟢 Top 10%~100% 一般微網格 (低誤差)
62_57-62_57,62_57,62_57,True,Persistent Low Volume,Tiny (<10人),62.21354551092684,1.490608043610378,1.1305368160042055,1.1457450111525962,4.850331310403097,1.370257142857143,420,0.012585754445966794,98.07792287546219,27.09677419354839,🟢 Top 10%~100% 一般微網格 (低誤差)
57_57-57_57,57_57,57_57,True,Emergent / Temporary Activity,Tiny (<10人),60.20459703501243,1.4663438136473563,1.2733630397184506,1.2883747507868006,4.102555574025006,1.630696428571429,421,0.012179345648576886,98.09010222111077,27.161290322580644,🟢 Top 10%~100% 一般微網格 (低誤差)
56_56-56_56,56_56,56_56,True,Persistent Low Volume,Tiny (<10人),60.14211427853347,1.4655827007728928,1.2194434588981131,1.9211921053599974,5.764970657676591,1.764657142857143,422,0.01216670543295032,98.10226892654373,27.225806451612904,🟢 Top 10%~100% 一般微網格 (低誤差)
47_36-47_36,47_36,47_36,True,Partial Recovery,Tiny (<10人),59.452626762566865,1.4838966066927737,1.2504712821568735,1.483552603405303,4.202617905098787,1.3906037037037038,423,0.012027222616173849,98.1142961491599,27.29032258064516,🟢 Top 10%~100% 一般微網格 (低誤差)
52_37-52_37,52_37,52_37,True,Persistent Low Volume,Tiny (<10人),58.909217697122166,1.4504828961556484,1.180680113126163,2.0281876047526857,4.280012973402263,1.8192607142857142,424,0.01191729136237321,98.12621344052226,27.35483870967742,🟢 Top 10%~100% 一般微網格 (低誤差)
44_49-44_49,44_49,44_49,True,Persistent Low Volume,Tiny (<10人),58.87885020691095,1.476718712487763,1.2534341052171347,1.1698160221303042,4.559429029814777,1.2685444444444443,425,0.011911148041464557,98.13812458856374,27.419354838709676,🟢 Top 10%~100% 一般微網格 (低誤差)
56_45-56_45,56_45,56_45,True,Partial Recovery,Tiny (<10人),58.24790034193628,1.4423183265386157,1.1921669280481237,1.14399997755694,4.500065431686252,1.3757107142857143,426,0.011783507348379602,98.14990809591211,27.483870967741936,🟢 Top 10%~100% 一般微網格 (低誤差)
48_38-48_38,48_38,48_38,True,Partial Recovery,Tiny (<10人),57.83327332813039,1.437175719052207,1.2068818271290098,1.1519731703162204,3.7285222182134072,1.2368714285714284,427,0.011699628608796937,98.1616077245209,27.548387096774196,🟢 Top 10%~100% 一般微網格 (低誤差)
51_36-51_36,51_36,51_36,True,Partial Recovery,Tiny (<10人),57.57202477278265,1.4339259889844715,1.138451186133907,1.4013697380755483,4.678691341831212,1.4488535714285715,428,0.011646778218420247,98.17325450273933,27.612903225806452,🟢 Top 10%~100% 一般微網格 (低誤差)
35_36-35_36,35_36,35_36,True,Partial Recovery,Tiny (<10人),57.42556928461084,1.4321009701610083,1.0471680075322294,2.758198541070974,6.5676873603616635,2.8349499999999996,429,0.01161715038100547,98.18487165312033,27.67741935483871,🟢 Top 10%~100% 一般微網格 (低誤差)
56_58-56_58,56_58,56_58,True,Recovered,Tiny (<10人),57.23694937350514,1.4297470976852757,1.1779607809851134,2.4020205312273437,5.574610960479743,2.269167857142857,430,0.011578992711878908,98.1964506458322,27.741935483870968,🟢 Top 10%~100% 一般微網格 (低誤差)
47_38-47_38,47_38,47_38,True,Delayed Decrease,Tiny (<10人),57.198436857980596,1.4292660061571638,1.125932623377338,3.060248171324965,5.107230690333325,3.230625,431,0.011571201658346951,98.20802184749054,27.806451612903228,🟢 Top 10%~100% 一般微網格 (低誤差)
48_43-48_43,48_43,48_43,True,Temporary Increase,Tiny (<10人),56.253148582979115,1.4174064416463905,1.015781370458804,5.14906697151445,8.769237812610015,4.827457142857143,432,0.011379970536376405,98.21940181802692,27.87096774193548,🟢 Top 10%~100% 一般微網格 (低誤差)
56_57-56_57,56_57,56_57,True,Persistent Low Volume,Tiny (<10人),55.86432250682661,1.4124993363693334,1.1362219179234014,1.2465830380713514,4.056512781399851,1.0517678571428573,433,0.011301311307482518,98.2307031293344,27.935483870967744,🟢 Top 10%~100% 一般微網格 (低誤差)
35_42-35_42,35_42,35_42,True,Persistent Low Volume,Tiny (<10人),55.645240781915504,1.4919147533544335,1.115789839476855,0.9904304028520657,5.674157584774023,0.8777320000000002,434,0.011256991235853652,98.24196012057025,28.000000000000004,🟢 Top 10%~100% 一般微網格 (低誤差)
55_42-55_42,55_42,55_42,True,Persistent Zero,Tiny (<10人),55.32193687773399,1.5182492230325415,1.1511764073811979,0.9373292433684517,4.875070884326773,0.6671083333333333,435,0.011191587094102298,98.25315170766436,28.064516129032256,🟢 Top 10%~100% 一般微網格 (低誤差)
56_37-56_37,56_37,56_37,True,Delayed Decrease,Tiny (<10人),55.02820555851745,1.4018891024832663,1.0992416201133792,2.6444693569641315,6.072344081951148,2.9880392857142857,436,0.011132165464513611,98.26428387312887,28.12903225806452,🟢 Top 10%~100% 一般微網格 (低誤差)
30_69-31_69,30_69,31_69,False,True Stable,Small (10~50人),54.39476625316098,1.3937970524173087,1.1199332018106174,12.6714082749775,15.356798386728007,12.659421428571429,437,0.011004021159472514,98.27528789428835,28.193548387096772,🟢 Top 10%~100% 一般微網格 (低誤差)
56_36-56_36,56_36,56_36,True,Persistent Low Volume,Tiny (<10人),54.036654307530895,1.4416424168225481,1.2522745344512094,0.8067591548647826,4.8008031573202885,1.6129076923076924,438,0.01093157537656699,98.28621946966491,28.258064516129032,🟢 Top 10%~100% 一般微網格 (低誤差)
40_50-40_50,40_50,40_50,True,Persistent Low Volume,Tiny (<10人),53.728071446529405,1.4659886963620068,1.0954101786604333,0.9723461161371477,4.425919315790487,1.1631239999999998,439,0.010869149291011128,98.29708861895593,28.32258064516129,🟢 Top 10%~100% 一般微網格 (低誤差)
57_55-57_55,57_55,57_55,True,Recovered,Tiny (<10人),53.68651569827726,1.384693309239544,1.1355175535864765,2.0563168951056654,5.200669972231099,1.9645535714285713,440,0.01086074259373926,98.30794936154966,28.387096774193548,🟢 Top 10%~100% 一般微網格 (低誤差)
46_37-46_37,46_37,46_37,True,Persistent Low Volume,Tiny (<10人),53.430586490731066,1.433534986435912,1.217147390973311,1.0800671706259721,3.3381622158600983,1.2401499999999999,441,0.010808968303505929,98.31875832985317,28.451612903225808,🟢 Top 10%~100% 一般微網格 (低誤差)
44_39-44_39,44_39,44_39,True,Persistent Low Volume,Tiny (<10人),53.30511040994501,1.632561031170734,1.442142202589023,0.7510239400639305,2.7028143984734148,0.92993,442,0.01078358458475712,98.32954191443794,28.516129032258064,🟢 Top 10%~100% 一般微網格 (低誤差)
47_42-47_42,47_42,47_42,True,Persistent Low Volume,Tiny (<10人),53.20659748544706,1.40378585321381,1.0780475631152444,1.1980378593271017,3.9006525653227344,0.8291444444444445,443,0.010763655492671097,98.3403055699306,28.580645161290324,🟢 Top 10%~100% 一般微網格 (低誤差)
49_46-49_46,49_46,49_46,True,Persistent Low Volume,Tiny (<10人),53.19124763660955,1.4303206692181565,1.1992089632168885,1.763098118409472,4.732598244966493,1.640976923076923,444,0.010760550229554118,98.35106612016017,28.64516129032258,🟢 Top 10%~100% 一般微網格 (低誤差)
37_48-37_48,37_48,37_48,True,Partial Dissipation,Tiny (<10人),53.09115506410675,1.3769940743739442,1.132996518517942,1.7883266527943353,5.178140956956659,1.4582035714285715,445,0.010740301575839885,98.361806421736,28.70967741935484,🟢 Top 10%~100% 一般微網格 (低誤差)
35_69-35_69,35_69,35_69,True,Persistent Low Volume,Tiny (<10人),52.92291138377874,1.400038509837798,1.0908831076508503,0.5396847508185766,4.633396111668711,0.816874074074074,446,0.010706266003195625,98.3725126877392,28.774193548387096,🟢 Top 10%~100% 一般微網格 (低誤差)
34_42-34_42,34_42,34_42,True,True Stable,Tiny (<10人),52.37536928242145,1.3676801171851638,1.0564447705486304,2.757883352788171,5.2008700870969795,2.7863857142857147,447,0.010595498639273228,98.38310818637848,28.838709677419356,🟢 Top 10%~100% 一般微網格 (低誤差)
31_42-31_42,31_42,31_42,True,Persistent Low Volume,Tiny (<10人),52.34379358819603,1.3672677863456117,1.1014584805461654,1.5566929093381339,4.104126493418005,1.5634428571428571,448,0.010589110899582163,98.39369729727807,28.903225806451616,🟢 Top 10%~100% 一般微網格 (低誤差)
43_39-43_39,43_39,43_39,True,Persistent Low Volume,Tiny (<10人),51.47913998618676,1.3808094779162017,1.0748376544617753,1.5640591993949344,4.931319295441738,1.1311555555555557,449,0.010414192112582665,98.40411148939066,28.967741935483872,🟢 Top 10%~100% 一般微網格 (低誤差)
32_42-32_42,32_42,32_42,True,Delayed Decrease,Tiny (<10人),51.40185144568585,1.3549097419291423,1.080428923578174,1.1546544625982254,4.502804898320129,1.2253964285714285,450,0.010398556697750683,98.41451004608841,29.03225806451613,🟢 Top 10%~100% 一般微網格 (低誤差)
57_50-57_50,57_50,57_50,True,Recovered,Tiny (<10人),49.86052683624765,1.3344411194558412,1.1010925603963242,3.795613397562397,6.5297364156092605,3.727992857142857,451,0.01008674786421446,98.42459679395262,29.096774193548384,🟢 Top 10%~100% 一般微網格 (低誤差)
45_39-45_39,45_39,45_39,True,True Stable,Tiny (<10人),49.840619779049995,1.334174701816097,1.027787708079246,2.324137871419705,5.022349157923625,2.500857142857143,452,0.01008272068120192,98.43467951463383,29.161290322580648,🟢 Top 10%~100% 一般微網格 (低誤差)
57_59-57_59,57_59,57_59,True,Persistent Low Volume,Tiny (<10人),49.28511315302483,1.326718739073218,1.1549100259675158,0.9761302811622681,3.6177609223777853,1.2268214285714285,453,0.009970342099803882,98.44464985673363,29.2258064516129,🟢 Top 10%~100% 一般微網格 (低誤差)
38_47-38_47,38_47,38_47,True,Persistent Low Volume,Tiny (<10人),48.80801763363428,1.320281593795623,1.0335713395786301,0.8127959470520878,3.2812977106045587,1.2659892857142858,454,0.009873826027540071,98.45452368276118,29.29032258064516,🟢 Top 10%~100% 一般微網格 (低誤差)
46_47-46_47,46_47,46_47,True,Partial Recovery,Tiny (<10人),48.796628760122736,1.3201275474108383,1.054492510707423,1.4478262080119824,3.683225098888401,1.6031464285714283,455,0.009871522066814874,98.46439520482798,29.354838709677416,🟢 Top 10%~100% 一般微網格 (低誤差)
50_50-50_50,50_50,50_50,True,Persistent Low Volume,Tiny (<10人),48.56308900689828,1.3169647056624763,1.1335089605075714,1.1798014285840916,4.193471800513364,1.1649535714285715,456,0.009824277146704375,98.47421948197469,29.419354838709676,🟢 Top 10%~100% 一般微網格 (低誤差)
43_51-43_51,43_51,43_51,True,Delayed Decrease,Tiny (<10人),48.37954882510355,1.3385944649782853,1.0847984177215126,1.885275450114216,5.076877839008337,1.8266111111111112,457,0.009787147103076965,98.48400662907775,29.483870967741936,🟢 Top 10%~100% 一般微網格 (低誤差)
51_50-51_50,51_50,51_50,True,Persistent Low Volume,Tiny (<10人),47.45541684326655,1.3018587925850285,1.1449772511193057,1.228788204664957,3.0599820312050903,1.4980892857142858,458,0.009600195883635174,98.4936068249614,29.548387096774192,🟢 Top 10%~100% 一般微網格 (低誤差)
54_51-54_51,54_51,54_51,True,Persistent Low Volume,Tiny (<10人),47.25742639492299,1.3481814873679483,1.1227155421009818,1.367101506950227,5.808223138026134,1.6063500000000002,459,0.009560142561725377,98.50316696752313,29.612903225806452,🟢 Top 10%~100% 一般微網格 (低誤差)
58_55-58_55,58_55,58_55,True,Persistent Low Volume,Tiny (<10人),46.981986195957184,1.2953486320010696,1.0344753878862651,1.698574598010547,3.438612891834758,1.6105999999999998,460,0.009504421212294762,98.51267138873541,29.677419354838708,🟢 Top 10%~100% 一般微網格 (低誤差)
53_57-53_57,53_57,53_57,True,Persistent Low Volume,Tiny (<10人),46.96577876421775,1.4289822885721664,1.2281964225661663,1.0806212121144856,4.056512781399851,1.0470347826086956,461,0.009501142460788205,98.5221725311962,29.741935483870968,🟢 Top 10%~100% 一般微網格 (低誤差)
61_67-61_67,61_67,61_67,True,Persistent Low Volume,Tiny (<10人),46.75813407779242,1.3410405557710718,1.1766936395861782,0.9567231951983619,3.814794171945495,1.2972269230769233,462,0.009459136093623356,98.53163166728982,29.806451612903224,🟢 Top 10%~100% 一般微網格 (低誤差)
54_54-54_54,54_54,54_54,True,Delayed Decrease,Tiny (<10人),45.766095776120885,1.2784769925875654,0.9096990963980475,2.1992256455150367,4.406238242640516,2.163289285714286,463,0.0092584474756818,98.5408901147655,29.870967741935484,🟢 Top 10%~100% 一般微網格 (低誤差)
34_43-34_43,34_43,34_43,True,Persistent Low Volume,Tiny (<10人),45.47793958673628,1.3225549223252622,1.1185456126725344,1.4990987426602425,4.714566227689866,1.3625346153846154,464,0.009200153690752872,98.55009026845626,29.935483870967744,🟢 Top 10%~100% 一般微網格 (低誤差)
60_52-60_52,60_52,60_52,True,Persistent Low Volume,Tiny (<10人),44.81645884171381,1.2651433973172737,0.9692601696320936,1.5374853179508494,4.18418297753401,1.635328571428571,465,0.009066336623115637,98.55915660507938,30.0,🟢 Top 10%~100% 一般微網格 (低誤差)
30_43-30_43,30_43,30_43,True,Emergent / Temporary Activity,Tiny (<10人),44.38138844572686,1.25898752469887,1.0121498965286944,1.5906747918242456,4.380051468948369,1.6338107142857143,466,0.00897832220237121,98.56813492728175,30.06451612903226,🟢 Top 10%~100% 一般微網格 (低誤差)
37_50-37_50,37_50,37_50,True,Persistent Low Volume,Tiny (<10人),44.353130872127245,1.3060971054741568,1.0807159851173203,1.1157718228268148,3.7006191004343894,1.4958384615384615,467,0.008972605716039448,98.57710753299779,30.129032258064512,🟢 Top 10%~100% 一般微網格 (低誤差)
46_38-46_38,46_38,46_38,True,Persistent Low Volume,Tiny (<10人),43.79311262292668,1.2506157429574825,1.1409607042142793,1.0418041634802726,3.2648682078046303,0.8917535714285715,468,0.008859314436595156,98.58596684743438,30.193548387096776,🟢 Top 10%~100% 一般微網格 (低誤差)
58_42-58_42,58_42,58_42,True,Persistent Decrease,Tiny (<10人),43.71094279744824,1.2723693674844965,1.0508251573801948,1.9705612665333052,4.649169885223057,2.141474074074074,469,0.008842691541406553,98.59480953897578,30.25806451612903,🟢 Top 10%~100% 一般微網格 (低誤差)
37_49-37_49,37_49,37_49,True,Emergent / Temporary Activity,Tiny (<10人),42.936501851935056,1.3105190094300052,1.166413691186707,0.7197276017504506,3.0756732031221956,1.09842,470,0.008686022708388197,98.60349556168417,30.32258064516129,🟢 Top 10%~100% 一般微網格 (低誤差)
53_50-53_50,53_50,53_50,True,Temporary Increase,Tiny (<10人),42.01214820451594,1.224921983004223,0.976469016461204,1.7525260795085544,4.174339525820521,1.8297857142857146,471,0.008499026646162366,98.61199458833033,30.38709677419355,🟢 Top 10%~100% 一般微網格 (低誤差)
39_50-39_50,39_50,39_50,True,Persistent Low Volume,Tiny (<10人),41.523951595898616,1.2637543516762726,1.044523547246593,1.3951007677148322,3.2838436801808317,1.5631,472,0.008400264831722258,98.62039485316205,30.451612903225804,🟢 Top 10%~100% 一般微網格 (低誤差)
59_52-59_52,59_52,59_52,True,Persistent Low Volume,Tiny (<10人),41.52146770471541,1.3153178909918097,1.0776907152747928,0.4832850592199931,3.088930741112474,1.0664375,473,0.008399762342364907,98.62879461550442,30.516129032258064,🟢 Top 10%~100% 一般微網格 (低誤差)
53_41-53_41,53_41,53_41,True,Persistent Low Volume,Tiny (<10人),41.47328897502163,1.239373930585768,1.0757630822458502,0.8817656778630509,3.252741924708555,0.9262037037037038,474,0.008390015820824223,98.63718463132524,30.58064516129032,🟢 Top 10%~100% 一般微網格 (低誤差)
58_58-58_58,58_58,58_58,True,Partial Recovery,Tiny (<10人),40.909331434679366,1.2087379994186287,1.0160718618970208,1.3903521533556338,3.5049622384640466,1.6170571428571427,475,0.00827592762568266,98.64546055895093,30.64516129032258,🟢 Top 10%~100% 一般微網格 (低誤差)
56_50-56_50,56_50,56_50,True,Persistent Low Volume,Tiny (<10人),40.582885580020275,1.2039056319807668,0.9500115402573325,0.8865686831144756,4.945496560537845,0.7464571428571428,476,0.008209887869663268,98.6536704468206,30.709677419354836,🟢 Top 10%~100% 一般微網格 (低誤差)
48_50-48_50,48_50,48_50,True,Persistent Low Volume,Tiny (<10人),40.06757969043938,1.381296487094287,1.1811837803540963,0.678588542258858,3.571576169411298,0.7460619047619048,477,0.008105641867646125,98.66177608868824,30.774193548387096,🟢 Top 10%~100% 一般微網格 (低誤差)
41_47-41_48,41_47,41_48,False,True Stable,Small (10~50人),39.363890992353795,1.1856868261589657,1.0295568770118535,8.399024841529103,10.4251412512546,8.508385714285714,478,0.007963286162184013,98.66973937485042,30.838709677419356,🟢 Top 10%~100% 一般微網格 (低誤差)
31_69-31_70,31_69,31_70,False,True Stable,Tiny (<10人),38.59931965029567,1.174115467221049,0.9054821601454858,6.248263355449354,8.864569306624439,6.204403571428573,479,0.007808613942677139,98.6775479887931,30.903225806451612,🟢 Top 10%~100% 一般微網格 (低誤差)
57_45-57_45,57_45,57_45,True,Persistent Zero,Tiny (<10人),38.4928552934104,1.1724951308672946,0.986970852373736,1.401174515586694,3.616969959204082,1.2176035714285713,480,0.007787076281674193,98.68533506507477,30.967741935483872,🟢 Top 10%~100% 一般微網格 (低誤差)
56_49-56_49,56_49,56_49,True,Persistent Low Volume,Tiny (<10人),38.43235313023458,1.352816341496766,1.016911697881553,0.7205557404941733,4.125059979045731,0.9992571428571428,481,0.007774836738614443,98.69310990181339,31.032258064516128,🟢 Top 10%~100% 一般微網格 (低誤差)
60_49-60_49,60_49,60_49,True,Persistent Decrease,Tiny (<10人),37.973614633625296,1.1645602271370403,0.9564328379511607,1.015620922393554,3.384585226005558,0.991175,482,0.007682034278542105,98.70079193609192,31.096774193548388,🟢 Top 10%~100% 一般微網格 (低誤差)
46_46-46_46,46_46,46_46,True,Persistent Low Volume,Tiny (<10人),37.76415389874465,1.2051835783995835,1.0675118938181176,1.0754503553565793,3.9962257932133673,0.7834230769230769,483,0.007639660526111991,98.70843159661803,31.161290322580644,🟢 Top 10%~100% 一般微網格 (低誤差)
47_41-47_41,47_41,47_41,True,Emergent / Temporary Activity,Tiny (<10人),37.53922540587286,1.1578802276739664,0.9186225746917558,0.935023781618997,4.385629025382618,0.8137964285714284,484,0.0075941576576299425,98.71602575427566,31.225806451612904,🟢 Top 10%~100% 一般微網格 (低誤差)
54_50-54_50,54_50,54_50,True,True Stable,Tiny (<10人),37.40264031148052,1.1557718557539267,0.8662160493620185,2.25196383744781,4.810781864989659,2.372092857142857,485,0.007566526593608694,98.72359228086927,31.290322580645164,🟢 Top 10%~100% 一般微網格 (低誤差)
31_48-32_48,31_48,32_48,False,True Stable,Small (10~50人),37.08314158404658,1.1508248840357724,0.8846065309632752,8.697920985232692,11.2509911222398,8.401260714285714,486,0.007501892236311437,98.73109417310559,31.35483870967742,🟢 Top 10%~100% 一般微網格 (低誤差)
53_59-53_59,53_59,53_59,True,Persistent Low Volume,Tiny (<10人),36.76359394449478,1.1458557928542625,0.9499373980637059,1.2590306555959587,4.346263694356983,1.1573107142857142,487,0.007437247984128753,98.73853142108972,31.41935483870968,🟢 Top 10%~100% 一般微網格 (低誤差)
62_59-62_59,62_59,62_59,True,Partial Recovery,Tiny (<10人),36.017422757284784,1.200290344163191,1.0251888471775594,0.7520208471775592,3.4496801827897827,0.8673040000000001,488,0.007286298102398718,98.7458177191921,31.483870967741932,🟢 Top 10%~100% 一般微網格 (低誤差)
47_39-47_39,47_39,47_39,True,Persistent Low Volume,Tiny (<10人),35.93417803868729,1.1536444352201176,0.9410494542895909,0.7916185526036467,2.4145967728215814,1.0271333333333335,489,0.007269457757123626,98.75308717694922,31.548387096774196,🟢 Top 10%~100% 一般微網格 (低誤差)
50_49-50_49,50_49,50_49,True,Emergent / Temporary Activity,Tiny (<10人),35.5633763989341,1.14767682247635,0.9290732628041903,0.9973118898995017,3.1715862590102124,0.9545185185185184,490,0.007194444858441043,98.76028162180766,31.61290322580645,🟢 Top 10%~100% 一般微網格 (低誤差)
65_65-65_65,65_65,65_65,True,Persistent Low Volume,Tiny (<10人),35.43193962117088,1.1249117365561696,0.9775619932537775,1.347414600779133,3.185459826772239,1.2612642857142855,491,0.007167855295082908,98.76744947710276,31.677419354838708,🟢 Top 10%~100% 一般微網格 (低誤差)
62_61-62_61,62_61,62_61,True,True Stable,Tiny (<10人),34.95263819525239,1.1172772739894514,0.9770761491371891,0.9591102450713626,2.9940927672236994,1.0594857142857141,492,0.007070892969552813,98.77452037007231,31.74193548387097,🟢 Top 10%~100% 一般微網格 (低誤差)
35_47-35_47,35_47,35_47,True,Persistent Low Volume,Tiny (<10人),34.56054244642242,1.2000094174356581,0.9464251631553712,1.25179339742449,3.281988912432004,1.2095416666666667,493,0.006991572288283896,98.7815119423606,31.806451612903224,🟢 Top 10%~100% 一般微網格 (低誤差)
53_49-53_49,53_49,53_49,True,Persistent Low Volume,Tiny (<10人),34.383793380454314,1.1284829767903968,0.8236603690091078,0.5211307393794781,4.101374440034748,0.6003370370370371,494,0.006955816082387579,98.78846775844298,31.870967741935484,🟢 Top 10%~100% 一般微網格 (低誤差)
32_50-32_50,32_50,32_50,True,Persistent Low Volume,Tiny (<10人),33.95290022550296,1.1213896839042066,0.9094194410041649,0.7864627128677202,3.354777440410691,0.836,495,0.006868646714428744,98.79533640515741,31.93548387096774,🟢 Top 10%~100% 一般微網格 (低誤差)
59_62-59_62,59_62,59_62,True,Partial Recovery,Tiny (<10人),33.904091460921336,1.1645443995128968,0.9584218705523623,0.7568378705523622,4.071431841568935,0.7012719999999999,496,0.006858772737294175,98.80219517789472,32.0,🟢 Top 10%~100% 一般微網格 (低誤差)
62_60-62_60,62_60,62_60,True,Partial Recovery,Tiny (<10人),33.72346479909082,1.1175943874148355,0.9132305170086865,1.0974848844014486,3.204536903738557,1.0164444444444445,497,0.006822232096610158,98.80901740999133,32.064516129032256,🟢 Top 10%~100% 一般微網格 (低誤差)
56_46-56_46,56_46,56_46,True,Persistent Zero,Tiny (<10人),32.96809160756811,1.1050069818376398,0.8789509916762047,0.6605472879725011,3.1532558618702256,0.517262962962963,498,0.00666942065618355,98.81568683064751,32.12903225806451,🟢 Top 10%~100% 一般微網格 (低誤差)
47_46-47_46,47_46,47_46,True,Persistent Low Volume,Tiny (<10人),32.26401013634302,1.0931437866918856,0.9551271157611365,0.5252201235723613,3.2646460743097765,0.8726148148148148,499,0.006526985493004534,98.82221381614052,32.193548387096776,🟢 Top 10%~100% 一般微網格 (低誤差)
60_60-60_60,60_60,60_60,True,Persistent Low Volume,Tiny (<10人),31.856833084742362,1.1288371553903134,0.8161655184869768,0.5488443721886428,3.8611634263905925,0.49703600000000003,500,0.006444613875290213,98.8286584300158,32.25806451612903,🟢 Top 10%~100% 一般微網格 (低誤差)
34_36-34_36,34_36,34_36,True,Persistent Low Volume,Tiny (<10人),31.737328088326397,1.1048377550281447,0.9592841637491605,0.7217740778866678,2.8892687665693355,0.9916538461538462,501,0.006420438102512669,98.8350788681183,32.322580645161295,🟢 Top 10%~100% 一般微網格 (低誤差)
35_44-35_44,35_44,35_44,True,Persistent Low Volume,Tiny (<10人),31.56095055831002,1.061685831898462,0.9125932133318319,1.3312913286705401,3.9006525653227344,1.1023892857142856,502,0.006384757058065807,98.84146362517637,32.387096774193544,🟢 Top 10%~100% 一般微網格 (低誤差)
48_37-48_37,48_37,48_37,True,Persistent Low Volume,Tiny (<10人),31.420760862252116,1.099313787048226,0.9057430429552475,0.9262113449635638,2.9824709848457656,1.1463730769230769,503,0.006356396785781862,98.84782002196215,32.45161290322581,🟢 Top 10%~100% 一般微網格 (低誤差)
53_60-53_60,53_60,53_60,True,Persistent Low Volume,Tiny (<10人),31.343543407302487,1.0774376910282284,0.9178833191329748,0.9569586191101379,4.659413111681515,1.2984925925925923,504,0.006340775751504563,98.85416079771365,32.516129032258064,🟢 Top 10%~100% 一般微網格 (低誤差)
63_63-63_63,63_63,63_63,True,Delayed Decrease,Tiny (<10人),30.52917541749481,1.1278514865570513,0.9893225788706065,0.5411559122039399,3.093794984284298,0.8869666666666666,505,0.006176029706825677,98.86033682742048,32.58064516129032,🟢 Top 10%~100% 一般微網格 (低誤差)
47_45-47_45,47_45,47_45,True,Persistent Low Volume,Tiny (<10人),30.414861011612842,1.1757949150876774,0.9388937452156466,0.4225255633974647,1.8548563893354266,0.6682227272727272,506,0.0061529039866910756,98.86648973140717,32.645161290322584,🟢 Top 10%~100% 一般微網格 (低誤差)
64_63-64_63,64_63,64_63,True,Persistent Low Volume,Tiny (<10人),29.67331017172039,1.0894642751686792,0.8922424653961617,0.48790113803880586,2.290331577115445,0.60322,507,0.0060028887978211916,98.872492620205,32.70967741935484,🟢 Top 10%~100% 一般微網格 (低誤差)
48_49-48_49,48_49,48_49,True,Persistent Low Volume,Tiny (<10人),29.590648064053305,1.0280120910915762,0.856318816340077,0.9806728613492777,3.28161887994489,1.0141714285714287,508,0.005986166314308315,98.87847878651928,32.774193548387096,🟢 Top 10%~100% 一般微網格 (低誤差)
30_66-30_66,30_66,30_66,True,Persistent Low Volume,Tiny (<10人),29.375461969848615,1.0242673683078591,0.8348400553959294,0.8603879917911422,2.967255302986754,1.180392857142857,509,0.005942634325902812,98.88442142084519,32.83870967741935,🟢 Top 10%~100% 一般微網格 (低誤差)
53_48-53_48,53_48,53_48,True,Persistent Low Volume,Tiny (<10人),29.304432496494194,1.104996841935423,0.9239665183098227,0.6832665183098227,3.093794984284298,0.715825,510,0.0059282651157457076,98.89034968596094,32.903225806451616,🟢 Top 10%~100% 一般微網格 (低誤差)
41_47-41_46,41_47,41_46,False,Recovered,Tiny (<10人),29.098678687003517,1.019430490291437,0.8116858724233275,7.565383412168656,9.583507310009415,7.618524999999999,511,0.005886641271592394,98.89623632723253,32.96774193548387,🟢 Top 10%~100% 一般微網格 (低誤差)
30_65-30_65,30_65,30_65,True,Persistent Low Volume,Tiny (<10人),28.930665771106966,1.097927323245695,0.7985927900999811,0.6228594567666477,3.6051040167058765,0.4492,512,0.005852652382422697,98.90208897961497,33.03225806451613,🟢 Top 10%~100% 一般微網格 (低誤差)
59_51-59_51,59_51,59_51,True,Partial Recovery,Tiny (<10人),28.791647969196063,1.032645792221344,0.801270673153394,0.38345455469473416,2.6016206079182966,0.8140037037037037,513,0.005824529183461767,98.90791350879843,33.09677419354839,🟢 Top 10%~100% 一般微網格 (低誤差)
41_46-41_47,41_46,41_47,False,Partial Recovery,Small (10~50人),28.69674671513164,1.0123654534083537,0.8368461567708997,8.471959894542968,11.059322544009087,8.654746428571428,514,0.005805330729644995,98.91371883952806,33.16129032258065,🟢 Top 10%~100% 一般微網格 (低誤差)
58_57-58_57,58_57,58_57,True,Persistent Low Volume,Tiny (<10人),27.9330016438699,1.0365067375911838,0.7656536825504635,0.8508770239080046,4.10068603021108,0.6587884615384615,515,0.005650825664111807,98.91936966519218,33.225806451612904,🟢 Top 10%~100% 一般微網格 (低誤差)
30_42-30_42,30_42,30_42,True,Persistent Low Volume,Tiny (<10人),27.373405733056515,1.0463920055706946,0.8584211791706926,0.8084531791706928,2.923079270870005,0.574696,516,0.005537619823412255,98.92490728501558,33.29032258064516,🟢 Top 10%~100% 一般微網格 (低誤差)
30_52-30_52,30_52,30_52,True,Persistent Low Volume,Tiny (<10人),27.202092148454078,1.022855959264099,0.8109262731973668,0.7049704420478826,2.801745270065858,0.6678384615384616,517,0.0055029632113938,98.93041024822699,33.35483870967742,🟢 Top 10%~100% 一般微網格 (低誤差)
58_52-58_52,58_52,58_52,True,Persistent Zero,Tiny (<10人),27.001534639035576,1.0606903145089754,0.7366353745553411,0.5085687078886746,4.850661337309736,0.4870166666666667,518,0.005462390574918796,98.9358726388019,33.41935483870967,🟢 Top 10%~100% 一般微網格 (低誤差)
30_70-30_69,30_70,30_69,False,True Stable,Tiny (<10人),26.732124171168536,0.9770970885223619,0.7326733266216582,4.525421108795932,8.082113533182627,4.616582142857142,519,0.005407889035649474,98.94128052783755,33.483870967741936,🟢 Top 10%~100% 一般微網格 (低誤差)
50_42-50_42,50_42,50_42,True,Persistent Low Volume,Tiny (<10人),26.73001755129955,1.0139416147524993,0.8343231237317007,0.6471500468086239,2.6895417645363686,0.6436653846153846,520,0.005407462868001186,98.94668799070556,33.5483870967742,🟢 Top 10%~100% 一般微網格 (低誤差)
32_47-32_48,32_47,32_48,False,True Stable,Tiny (<10人),26.032998756124144,0.9642354253893922,0.7777660834718241,5.15097689647287,7.15603223435882,5.289796428571428,521,0.005266456478986424,98.95195444718453,33.61290322580645,🟢 Top 10%~100% 一般微網格 (低誤差)
31_67-31_67,31_67,31_67,True,Persistent Low Volume,Tiny (<10人),26.017514743779575,1.0635771214198844,0.7917517582301595,0.6483343669258117,3.254364538082008,0.46815652173913036,522,0.005263324074690758,98.95721777125922,33.67741935483871,🟢 Top 10%~100% 一般微網格 (低誤差)
54_52-54_52,54_52,54_52,True,Persistent Low Volume,Tiny (<10人),25.661851790388795,1.0131505671002468,0.8643120768818464,0.4771141903655628,2.2386144509552754,0.9157160000000001,523,0.00519137372111193,98.96240914498034,33.74193548387097,🟢 Top 10%~100% 一般微網格 (低誤差)
57_38-57_38,57_38,57_38,True,Persistent Zero,Tiny (<10人),25.25564214199907,0.9497300771046001,0.5827751740291249,0.35266803117198214,3.8150324535184867,0.3223357142857143,524,0.005109197808354833,98.96751834278868,33.806451612903224,🟢 Top 10%~100% 一般微網格 (低誤差)
35_39-34_39,35_39,34_39,False,Delayed Increase,Tiny (<10人),24.82080796108462,1.0169564060036493,0.8221306671953247,0.8520624421379942,1.4842096091806298,0.9650875000000001,525,0.005021231173745636,98.97253957396244,33.87096774193548,🟢 Top 10%~100% 一般微網格 (低誤差)
43_45-43_44,43_45,43_44,False,Partial Recovery,Tiny (<10人),24.633928319446913,0.9379675656790917,0.7270794360799855,0.8968040061233661,2.0445806383882346,1.1364928571428572,526,0.004983425559851,98.97752299952228,33.935483870967744,🟢 Top 10%~100% 一般微網格 (低誤差)
42_49-42_48,42_49,42_48,False,Partial Recovery,Tiny (<10人),24.29342508980379,0.9314624655002742,0.8147405210259526,1.0212257879702784,2.1385824107396054,0.9575464285714287,527,0.004914542007223474,98.9824375415295,34.0,🟢 Top 10%~100% 一般微網格 (低誤差)
53_42-53_42,53_42,53_42,True,Persistent Low Volume,Tiny (<10人),23.767423238944986,1.016546225107455,0.8353993073887173,0.7272514813017608,3.3556699963920664,0.6466347826086957,528,0.0048081322201157725,98.98724567374963,34.064516129032256,🟢 Top 10%~100% 一般微網格 (低誤差)
30_69-30_70,30_69,30_70,False,True Stable,Tiny (<10人),23.681108538420162,0.9196487788129492,0.7283203572905318,5.0481555013627055,6.307890839017677,5.312517857142859,529,0.00479067081975736,98.99203634456939,34.12903225806452,🟢 Top 10%~100% 一般微網格 (低誤差)
52_40-52_40,52_40,52_40,True,Partial Recovery,Tiny (<10人),23.440267988958773,0.9494992200134272,0.8361955575109836,0.5804071177723068,2.4108949336767376,0.7361346153846154,530,0.0047419489539440645,98.99677829352332,34.193548387096776,🟢 Top 10%~100% 一般微網格 (低誤差)
34_44-34_44,34_44,34_44,True,Persistent Low Volume,Tiny (<10人),23.234069665612466,0.9453137384286858,0.7889131809385622,0.8750259079407157,2.971811412703485,0.9905269230769229,531,0.004700235184965075,99.00147852870829,34.25806451612903,🟢 Top 10%~100% 一般微網格 (低誤差)
31_47-32_48,31_47,32_48,False,True Stable,Tiny (<10人),23.163088839835066,0.9095345913439754,0.7263059508580781,1.082034200134676,1.7705769824389757,1.1375892857142855,532,0.00468587581617698,99.00616440452447,34.32258064516129,🟢 Top 10%~100% 一般微網格 (低誤差)
62_58-62_58,62_58,62_58,True,Persistent Low Volume,Tiny (<10人),22.996606706132933,1.022399288352757,0.7897705087248855,0.5237386905430671,1.7385054777427933,0.5069499999999999,533,0.0046521966031180225,99.01081660112759,34.38709677419355,🟢 Top 10%~100% 一般微網格 (低誤差)
31_70-31_69,31_70,31_69,False,True Stable,Tiny (<10人),22.620081405307197,0.8988103527382975,0.6898819173194678,6.4719605320339655,8.563191719681594,6.659514285714287,534,0.004576025812015075,99.0153926269396,34.45161290322581,🟢 Top 10%~100% 一般微網格 (低誤差)
49_42-49_42,49_42,49_42,True,Persistent Low Volume,Tiny (<10人),22.428166108545295,1.0334446816016463,0.9062520429194992,0.41401870958616593,2.3891189830627466,0.6821666666666667,535,0.004537201488796816,99.0199298284284,34.516129032258064,🟢 Top 10%~100% 一般微網格 (低誤差)
37_43-37_42,37_43,37_42,False,Temporary Increase,Tiny (<10人),22.389390976204457,0.8942153578937326,0.7541456243547106,1.1082524909708675,2.1400064867011315,1.2609857142857144,536,0.004529357308076301,99.02445918573648,34.58064516129033,🟢 Top 10%~100% 一般微網格 (低誤差)
31_51-31_51,31_51,31_51,True,Persistent Low Volume,Tiny (<10人),22.35893304798349,0.8936069175774478,0.7472358406099705,0.6715894693556639,2.8915436658172307,0.8894535714285715,537,0.00452319569162487,99.0289823814281,34.64516129032258,🟢 Top 10%~100% 一般微網格 (低誤差)
39_36-39_36,39_36,39_36,True,Persistent Low Volume,Tiny (<10人),22.2764967487972,0.9439596760200555,0.719090880317028,0.5973988803170279,3.271331668192968,0.531708,538,0.004506518889001386,99.0334889003171,34.70967741935484,🟢 Top 10%~100% 一般微網格 (低誤差)
60_51-60_51,60_51,60_51,True,Persistent Decrease,Tiny (<10人),22.259129817394165,0.9435916450964191,0.7929722074775869,0.369368207477587,2.9828177745707256,0.668252,539,0.004503005571566678,99.03799190588867,34.774193548387096,🟢 Top 10%~100% 一般微網格 (低誤差)
61_63-61_62,61_63,61_62,False,Temporary Increase,Tiny (<10人),22.161352686791272,0.8896498646496367,0.7273965321608847,1.0461395590829308,1.9587876445858659,1.1207857142857143,540,0.0044832253300438225,99.04247513121872,34.83870967741935,🟢 Top 10%~100% 一般微網格 (低誤差)
30_49-32_48,30_49,32_48,False,True Stable,Tiny (<10人),22.011771616397006,0.9383340901064398,0.7697195312614753,0.7953748111718361,1.8750272632026048,0.9012720000000001,541,0.004452965189646963,99.04692809640837,34.903225806451616,🟢 Top 10%~100% 一般微網格 (低誤差)
38_46-38_46,38_46,38_46,True,Persistent Low Volume,Tiny (<10人),21.750940638571603,0.9327580744988831,0.7858290672860088,0.5820545415432763,2.6127151640577293,0.7042,542,0.004400199274895562,99.05132829568328,34.96774193548387,🟢 Top 10%~100% 一般微網格 (低誤差)
54_41-54_41,54_41,54_41,True,Persistent Low Volume,Tiny (<10人),21.67525213455584,0.8798387054811289,0.659944553676641,0.44603383939092656,2.791312808740606,0.45856785714285714,543,0.004384887546266342,99.05571318322954,35.03225806451613,🟢 Top 10%~100% 一般微網格 (低誤差)
59_59-59_59,59_59,59_59,True,Persistent Low Volume,Tiny (<10人),21.337059594138715,0.9848179248917657,0.8848964025229132,0.7116249144866682,2.4053909324948295,0.7969272727272727,544,0.00431647144436776,99.06002965467391,35.096774193548384,🟢 Top 10%~100% 一般微網格 (低誤差)
37_42-37_43,37_42,37_43,False,Temporary Increase,Tiny (<10人),21.30480908941784,0.8722878188463828,0.6227446027669464,1.2521927441962493,2.043120346233646,1.3329142857142855,545,0.00430994719101036,99.06433960186492,35.16129032258065,🟢 Top 10%~100% 一般微網格 (低誤差)
33_70-34_70,33_70,34_70,False,True Stable,Tiny (<10人),21.30017710465205,0.8721929894698939,0.7029595822727349,3.543989363054472,5.379083529072737,3.4755785714285716,546,0.004309010143902999,99.06864861200883,35.225806451612904,🟢 Top 10%~100% 一般微網格 (低誤差)
33_47-32_48,33_47,32_48,False,True Stable,Tiny (<10人),21.195620500828333,0.88601522645616,0.6871477834222103,1.5532416320291165,2.689075118331746,1.6628703703703704,547,0.004287858419939632,99.07293647042876,35.29032258064516,🟢 Top 10%~100% 一般微網格 (低誤差)
63_62-63_62,63_62,63_62,True,Persistent Low Volume,Tiny (<10人),20.247246194528266,0.865966516214542,0.737829098661194,0.40051428384637927,1.7747267001710745,0.5477444444444445,548,0.004096002996109778,99.07703247342488,35.35483870967742,🟢 Top 10%~100% 一般微網格 (低誤差)
48_46-48_46,48_46,48_46,True,Persistent Low Volume,Tiny (<10人),20.077705485426428,0.8467944911215478,0.6813945919746776,0.49863030626039206,3.18510067759357,0.4972428571428571,549,0.004061705035499639,99.08109417846038,35.41935483870968,🟢 Top 10%~100% 一般微網格 (低誤差)
31_39-31_39,31_39,31_39,True,Persistent Low Volume,Tiny (<10人),19.914851507377453,0.8925211819867908,0.7230731806091434,0.31953318060914343,2.7993376757761386,0.568516,550,0.004028759795657726,99.08512293825605,35.483870967741936,🟢 Top 10%~100% 一般微網格 (低誤差)
32_48-32_47,32_48,32_47,False,Partial Dissipation,Tiny (<10人),19.90766048378103,0.8432009691768334,0.673424118813473,4.771430043461989,6.6018212370167415,4.754175000000001,551,0.004027305056879274,99.08915024331291,35.54838709677419,🟢 Top 10%~100% 一般微網格 (低誤差)
59_48-59_48,59_48,59_48,True,Persistent Decrease,Tiny (<10人),19.832936212828756,0.8570607872652509,0.7306264248759005,0.2120967952462707,1.5442912376211249,0.7685074074074074,552,0.004012188391888786,99.09316243170481,35.612903225806456,🟢 Top 10%~100% 一般微網格 (低誤差)
45_38-45_38,45_38,45_38,True,Persistent Low Volume,Tiny (<10人),19.80573730186066,0.8564728985758039,0.6580551066729207,0.6140476992655132,3.4688004369248193,0.6213703703703705,553,0.0040066860722278354,99.09716911777704,35.677419354838705,🟢 Top 10%~100% 一般微網格 (低誤差)
36_47-36_47,36_47,36_47,True,Persistent Low Volume,Tiny (<10人),19.69476300056048,0.8540700595896248,0.6630340234354593,0.5982858752873111,2.6034916304656064,0.5367703703703703,554,0.003984236052790646,99.10115335382984,35.74193548387097,🟢 Top 10%~100% 一般微網格 (低誤差)
42_46-41_47,42_46,41_47,False,Partial Recovery,Tiny (<10人),19.41574342552386,0.8327180843805565,0.6725518785788092,3.833346824343829,5.49893087830938,3.9324035714285714,555,0.003927790598216575,99.10508114442806,35.80645161290323,🟢 Top 10%~100% 一般微網格 (低誤差)
34_39-34_38,34_39,34_38,False,True Stable,Tiny (<10人),19.352985478595667,0.8313711883430819,0.6766642223621702,5.957871137083627,8.20137206042216,6.1194500000000005,556,0.003915094711764764,99.10899623913983,35.87096774193548,🟢 Top 10%~100% 一般微網格 (低誤差)
42_47-41_47,42_47,41_47,False,Partial Recovery,Tiny (<10人),19.324840284006044,0.830766433653846,0.6888508102006652,4.100575418672306,5.500841372556681,4.220614285714285,557,0.003909400959623975,99.11290564009944,35.935483870967744,🟢 Top 10%~100% 一般微網格 (低誤差)
41_48-41_47,41_48,41_47,False,Partial Recovery,Tiny (<10人),19.31660030815313,0.8305892982900999,0.6425588015645202,7.064417373325223,8.43959657147619,7.2462,558,0.00390773401857643,99.11681337411802,36.0,🟢 Top 10%~100% 一般微網格 (低誤差)
37_43-38_43,37_43,38_43,False,Partial Dissipation,Tiny (<10人),19.177902944576704,0.858843205547141,0.7157529240289041,1.0146389294667544,2.1013089525493935,0.8282076923076923,559,0.0038796756440546104,99.12069304976208,36.064516129032256,🟢 Top 10%~100% 一般微網格 (低誤差)
36_36-36_36,36_36,36_36,True,Persistent Low Volume,Tiny (<10人),19.03220194319783,0.9519954467477605,0.8780931516647608,0.6004187173268564,2.706026419916934,0.8541333333333334,560,0.0038502004387624784,99.12454325020084,36.12903225806451,🟢 Top 10%~100% 一般微網格 (低誤差)
40_47-41_47,40_47,41_47,False,Partial Recovery,Tiny (<10人),18.94328197850356,0.8225240330510445,0.6159899420976649,4.586003126565578,6.5676873603616635,4.594796428571429,561,0.003832211995380971,99.12837546219623,36.193548387096776,🟢 Top 10%~100% 一般微網格 (低誤差)
32_35-32_35,32_35,32_35,True,Persistent Low Volume,Tiny (<10人),18.93913977456773,0.8703824394958283,0.6361731682111265,0.5985851682111265,2.6964734744108068,0.34086,562,0.003831374030574862,99.1322068362268,36.25806451612903,🟢 Top 10%~100% 一般微網格 (低誤差)
34_38-33_37,34_38,33_37,False,Delayed Increase,Tiny (<10人),18.564875592449116,0.8142673216818277,0.6691299795480293,0.8290672783169083,1.86469199069718,0.7161857142857143,563,0.0037556606621213925,99.13596249688894,36.32258064516129,🟢 Top 10%~100% 一般微網格 (低誤差)
31_70-30_69,31_70,30_69,False,True Stable,Tiny (<10人),18.45969302134732,0.8119573577241629,0.6868417854017649,4.278304290711146,6.157800787186764,4.345239285714286,564,0.0037343823054385994,99.13969687919437,36.38709677419355,🟢 Top 10%~100% 一般微網格 (低誤差)
32_51-32_51,32_51,32_51,True,Persistent Low Volume,Tiny (<10人),18.36457419507633,0.857078157348006,0.6979777169906669,0.4314217169906668,2.8926489316353434,0.442596,565,0.003715139836924649,99.1434120190313,36.45161290322581,🟢 Top 10%~100% 一般微網格 (低誤差)
38_43-37_43,38_43,37_43,False,Temporary Increase,Tiny (<10人),18.33227741748663,0.8239983238360925,0.7138818207082034,0.9166326991661234,2.1335513131971555,0.8681518518518518,566,0.0037086062225999586,99.14712062525389,36.516129032258064,🟢 Top 10%~100% 一般微網格 (低誤差)
48_48-48_48,48_48,48_48,True,Persistent Low Volume,Tiny (<10人),18.01709940531094,0.9737907320123802,0.7802744972225705,0.2893692340646758,2.100351381327626,0.6400526315789472,567,0.00364484594281789,99.1507654711967,36.58064516129032,🟢 Top 10%~100% 一般微網格 (低誤差)
42_48-42_49,42_48,42_49,False,Delayed Increase,Tiny (<10人),17.942348036127825,0.8151879591514309,0.732954706722188,0.7839547067221881,1.7708421472521734,0.7834444444444444,568,0.003629723795875256,99.15439519499257,36.645161290322584,🟢 Top 10%~100% 一般微網格 (低誤差)
51_51-51_51,51_51,51_51,True,Persistent Low Volume,Tiny (<10人),17.913195304193508,0.7998480950466583,0.3375927959282637,0.20600351021397795,3.993371585820308,0.15459642857142855,569,0.0036238262196715337,99.15801902121224,36.70967741935484,🟢 Top 10%~100% 一般微網格 (低誤差)
41_35-41_35,41_35,41_35,True,Persistent Low Volume,Tiny (<10人),17.663988003420577,0.9397868908273986,0.8213071394129982,0.6050867114500345,2.516459893463615,0.7819900000000002,570,0.0035734117662287635,99.16159243297848,36.774193548387096,🟢 Top 10%~100% 一般微網格 (低誤差)
54_46-54_46,54_46,54_46,True,Persistent Low Volume,Tiny (<10人),17.627712667664795,0.8080088161341731,0.6653967186450989,0.3392152371636174,2.7993434841331797,0.5858259259259259,571,0.0035660732925166827,99.165158506271,36.83870967741936,🟢 Top 10%~100% 一般微網格 (低誤差)
50_36-50_36,50_36,50_36,True,Persistent Low Volume,Tiny (<10人),17.574907105134184,0.8384487367784433,0.6150546623167744,0.36980266231677456,2.7038280125294074,0.360156,572,0.003555390766100073,99.1687138970371,36.90322580645161,🟢 Top 10%~100% 一般微網格 (低誤差)
34_38-34_39,34_38,34_39,False,Delayed Increase,Tiny (<10人),17.343108705364386,0.7870176233587781,0.622419031036223,5.590469800070083,7.143152338822596,5.7232,573,0.0035084981205112066,99.1722223951576,36.96774193548387,🟢 Top 10%~100% 一般微網格 (低誤差)
37_42-38_43,37_42,38_43,False,Partial Dissipation,Tiny (<10人),17.157658170500262,0.7827985092533678,0.6283307853088543,1.183025054407589,2.0528476289025015,1.0940428571428573,574,0.0034709816138645453,99.17569337677146,37.03225806451613,🟢 Top 10%~100% 一般微網格 (低誤差)
48_45-48_45,48_45,48_45,True,Persistent Low Volume,Tiny (<10人),17.0408166322221,0.7801285753053352,0.6821250539845175,0.5031429111273745,2.219918654080367,0.5535892857142857,575,0.0034473446567070444,99.17914072142817,37.096774193548384,🟢 Top 10%~100% 一般微網格 (低誤差)
31_47-30_47,31_47,30_47,False,True Stable,Tiny (<10人),16.957436689161526,0.7782176680714888,0.6978023873000926,0.8435820872431734,1.6697358103282085,0.7104607142857144,576,0.0034304769556226435,99.18257119838381,37.16129032258065,🟢 Top 10%~100% 一般微網格 (低誤差)
33_37-34_38,33_37,34_38,False,True Stable,Tiny (<10人),16.847703566038348,0.7756956225138079,0.6691653169973423,0.9891946807302119,2.3891189830627466,0.947017857142857,577,0.003408278025616721,99.18597947640941,37.225806451612904,🟢 Top 10%~100% 一般微網格 (低誤差)
31_69-32_69,31_69,32_69,False,True Stable,Tiny (<10人),16.753994151982116,0.7735353476082145,0.4613433653871507,2.250109244248556,5.972797457656867,2.2831071428571432,578,0.003389320680155996,99.18936879708957,37.29032258064516,🟢 Top 10%~100% 一般微網格 (低誤差)
40_45-40_46,40_45,40_46,False,Partial Dissipation,Tiny (<10人),16.721362366497985,0.7727816723300402,0.681905399955466,1.0307465077022782,1.9516451548251328,1.0236357142857142,579,0.003382719293980945,99.19275151638357,37.354838709677416,🟢 Top 10%~100% 一般微網格 (低誤差)
34_38-35_37,34_38,35_37,False,True Stable,Tiny (<10人),16.68872653263079,0.772027167652769,0.6358916698760463,0.8564985166106928,2.1327147490217295,0.9395535714285715,580,0.003376117088820981,99.19612763347237,37.41935483870968,🟢 Top 10%~100% 一般微網格 (低誤差)
32_41-32_41,32_41,32_41,True,Persistent Low Volume,Tiny (<10人),16.63984325345933,0.8158392796000774,0.6942563757265242,0.37790837572652414,1.8920130419649328,0.487004,581,0.0033662280374397576,99.19949386150982,37.483870967741936,🟢 Top 10%~100% 一般微網格 (低誤差)
34_50-34_50,34_50,34_50,True,Persistent Low Volume,Tiny (<10人),16.63697416707036,0.850497914704147,0.6519732243486309,0.48329496347906575,3.2646460743097765,0.485904347826087,582,0.0033656476233759184,99.2028595091332,37.54838709677419,🟢 Top 10%~100% 一般微網格 (低誤差)
41_47-40_46,41_47,40_46,False,Partial Dissipation,Tiny (<10人),16.41832696693244,0.7657472299966792,0.6108040288102596,3.2910657366084375,5.0346683748823855,3.2685500000000003,583,0.0033214154557887057,99.20618092458899,37.61290322580645,🟢 Top 10%~100% 一般微網格 (低誤差)
32_48-31_47,32_48,31_47,False,Partial Dissipation,Tiny (<10人),16.40792517132091,0.7655046228124135,0.6878584478551911,0.7156870192837624,1.7705769824389757,0.6382642857142856,584,0.003319311180195847,99.20950023576918,37.67741935483871,🟢 Top 10%~100% 一般微網格 (低誤差)
36_44-36_44,36_44,36_44,True,Persistent Low Volume,Tiny (<10人),16.34849028441436,0.7641169105672238,0.5409782404724152,0.35104252618670095,3.3781370822962105,0.3325357142857142,585,0.0033072875463394822,99.21280752331552,37.74193548387097,🟢 Top 10%~100% 一般微網格 (低誤差)
55_41-55_41,55_41,55_41,True,Persistent Zero,Tiny (<10人),16.25169610279993,0.7618515065005387,0.5310094281415766,0.37947371385586226,2.5074658794685654,0.27499285714285715,586,0.0032877061546732,99.2160952294702,37.806451612903224,🟢 Top 10%~100% 一般微網格 (低誤差)
38_43-37_42,38_43,37_42,False,Temporary Increase,Tiny (<10人),16.220194513853748,0.7611127782458145,0.621764932776239,1.1877580982019151,1.8642611091067036,1.157875,587,0.0032813334064255573,99.21937656287662,37.87096774193549,🟢 Top 10%~100% 一般微網格 (低誤差)
63_56-63_56,63_56,63_56,True,Persistent Low Volume,Tiny (<10人),15.921203187088155,0.7679024626307537,0.5898464249021296,0.33290938786509244,2.045600566794405,0.47988518518518525,588,0.003220847681182898,99.2225974105578,37.93548387096774,🟢 Top 10%~100% 一般微網格 (低誤差)
61_63-60_62,61_63,60_62,False,Delayed Decrease,Tiny (<10人),15.676170632733749,0.7619704143360634,0.6692846568143969,0.9519880892496769,2.226314413770945,0.7858222222222222,589,0.0031712777758665244,99.22576868833366,38.0,🟢 Top 10%~100% 一般微網格 (低誤差)
38_44-39_45,38_44,39_45,False,Partial Dissipation,Tiny (<10人),15.640381092313802,0.7473854688252959,0.5585276079462013,0.9349552929206743,1.9316727530475482,0.9789357142857142,590,0.0031640375781931684,99.22893272591186,38.064516129032256,🟢 Top 10%~100% 一般微網格 (低誤差)
41_46-43_45,41_46,43_45,False,Partial Recovery,Tiny (<10人),15.589761832760466,0.7461750520574069,0.5876669710655712,0.9952321797897757,2.1443957893017567,0.99235,591,0.0031537973392589793,99.23208652325111,38.12903225806451,🟢 Top 10%~100% 一般微網格 (低誤差)
30_39-30_39,30_39,30_39,True,Persistent Low Volume,Tiny (<10人),15.550682861586138,0.8049503830875265,0.562140874035478,0.3752242073688112,2.8004685084368353,0.3113666666666667,592,0.003145891692166181,99.23523241494328,38.193548387096776,🟢 Top 10%~100% 一般微網格 (低誤差)
55_37-55_37,55_37,55_37,True,Persistent Low Volume,Tiny (<10人),15.45319178742147,0.8578264833819824,0.7755479089627938,0.5190526708675558,2.3164368564316873,0.5445714285714286,593,0.0031261693196501417,99.23835858426293,38.25806451612903,🟢 Top 10%~100% 一般微網格 (低誤差)
64_61-64_61,64_61,64_61,True,Emergent / Temporary Activity,Tiny (<10人),15.356618990788258,0.7999119480393936,0.6131783662619984,0.39179919959533177,2.1236398845148257,0.4098541666666667,594,0.0031066327140025435,99.24146521697693,38.32258064516129,🟢 Top 10%~100% 一般微網格 (低誤差)
60_61-60_62,60_61,60_62,False,Delayed Decrease,Tiny (<10人),15.31643532749884,0.7396049941764001,0.5427636362575626,1.7759881193414684,2.4953088536848576,1.5360035714285714,595,0.003098503588508302,99.24456372056545,38.387096774193544,🟢 Top 10%~100% 一般微網格 (低誤差)
31_40-31_40,31_40,31_40,True,Persistent Low Volume,Tiny (<10人),15.308104265914686,0.8976021937395408,0.7113514023797475,0.3149461392218528,2.219918654080367,0.46262631578947366,596,0.003096818220884398,99.24766053878633,38.45161290322581,🟢 Top 10%~100% 一般微網格 (低誤差)
64_64-64_64,64_64,64_64,True,Persistent Low Volume,Tiny (<10人),15.218952760165255,0.7372476023350358,0.439136069937678,0.27843964136624944,3.1684009159434305,0.22597499999999998,597,0.0030787829369179273,99.25073932172324,38.516129032258064,🟢 Top 10%~100% 一般微網格 (低誤差)
32_70-33_70,32_70,33_70,False,True Stable,Tiny (<10人),15.176151650271603,0.736210171133983,0.5924996105880745,3.6022491954227434,4.473706477268649,3.5116285714285715,598,0.003070124303903004,99.25380944602715,38.58064516129032,🟢 Top 10%~100% 一般微網格 (低誤差)
31_37-32_37,31_37,32_37,False,True Stable,Tiny (<10人),15.097588837065283,0.7343021185613998,0.6790946749638486,0.5801518178209915,1.4931993644142167,0.5682785714285714,599,0.0030542311046410286,99.25686367713179,38.645161290322584,🟢 Top 10%~100% 一般微網格 (低誤差)
56_47-56_47,56_47,56_47,True,Persistent Zero,Tiny (<10人),15.05832901146442,0.8091414938193395,0.6230291998922316,0.38986398250092735,2.0625299895228655,0.3527304347826087,600,0.003046288870830915,99.25990996600262,38.70967741935484,🟢 Top 10%~100% 一般微網格 (低誤差)
40_46-40_45,40_46,40_45,False,True Stable,Tiny (<10人),14.984145471139355,0.731538141548813,0.6257161860456921,0.7118538014688154,2.052202873477196,0.8111464285714287,601,0.003031281595248144,99.26294124759787,38.774193548387096,🟢 Top 10%~100% 一般微網格 (低誤差)
32_70-30_69,32_70,30_69,False,True Stable,Tiny (<10人),14.916088365896474,0.7298749493160864,0.5891661162371091,2.470353410401932,3.5711734869988514,2.3819821428571433,602,0.0030175136929713035,99.26595876129085,38.83870967741935,🟢 Top 10%~100% 一般微網格 (低誤差)
33_51-33_51,33_51,33_51,True,Persistent Zero,Tiny (<10人),14.900284932067558,0.7294881995537194,0.4002063126456461,0.27158131264564617,2.9940927672236994,0.18468928571428572,603,0.0030143166699445594,99.2689730779608,38.903225806451616,🟢 Top 10%~100% 一般微網格 (低誤差)
34_70-35_70,34_70,35_70,False,True Stable,Tiny (<10人),14.75566930673373,0.7259395219480784,0.606745039092816,1.6318767450614293,3.2615891781770605,1.7918142857142858,604,0.002985061035427124,99.27195813899621,38.96774193548387,🟢 Top 10%~100% 一般微網格 (低誤差)
32_69-33_70,32_69,33_70,False,True Stable,Tiny (<10人),14.681393043732111,0.7241101199731815,0.5932135521466092,0.9626183359477983,2.219918654080367,0.9026214285714287,605,0.002970035002115163,99.27492817399832,39.03225806451613,🟢 Top 10%~100% 一般微網格 (低誤差)
30_69-30_68,30_69,30_68,False,True Stable,Tiny (<10人),14.56783816429538,0.7213043285875391,0.5899307767410056,5.087087939764063,7.0466232531628314,4.984082142857142,606,0.002947062933621155,99.27787523693193,39.09677419354839,🟢 Top 10%~100% 一般微網格 (低誤差)
53_52-53_52,53_52,53_52,True,Emergent / Temporary Activity,Tiny (<10人),14.562688736375467,0.8327432788073595,0.5683253488856354,0.23825392031420667,2.124840028352303,0.38728095238095234,607,0.002946021208144734,99.28082125814008,39.16129032258064,🟢 Top 10%~100% 一般微網格 (低誤差)
64_65-64_65,64_65,64_65,True,Persistent Low Volume,Tiny (<10人),14.547925375892147,0.7628348543660586,0.6011391732946813,0.40829117329468134,2.219918654080367,0.426512,608,0.0029430345911899466,99.28376429273126,39.225806451612904,🟢 Top 10%~100% 一般微網格 (低誤差)
59_63-59_63,59_63,59_63,True,Persistent Low Volume,Tiny (<10人),14.493863622644206,0.7194706293678758,0.43835448100121005,0.3065223381440672,3.001869932213419,0.208275,609,0.0029320979383162162,99.28669639066958,39.29032258064516,🟢 Top 10%~100% 一般微網格 (低誤差)
41_47-40_47,41_47,40_47,False,True Stable,Tiny (<10人),14.473280233826925,0.7189595715294558,0.5773136818668423,4.8639919588841,6.376900403861303,4.772989285714286,610,0.002927933933915042,99.28962432460351,39.35483870967742,🟢 Top 10%~100% 一般微網格 (低誤差)
41_48-40_47,41_48,40_47,False,True Stable,Tiny (<10人),14.40207335915558,0.7171887916211359,0.6243148010424926,0.6261398010424924,1.6747876852443637,0.47596785714285705,611,0.0029135288356021533,99.29253785343911,39.41935483870967,🟢 Top 10%~100% 一般微網格 (低誤差)
37_47-37_47,37_47,37_47,True,Persistent Low Volume,Tiny (<10人),14.385051885629327,0.7167648519969365,0.5997908003908835,0.6912193718194548,1.8920130419649328,0.637207142857143,612,0.002910085404041541,99.29544793884315,39.483870967741936,🟢 Top 10%~100% 一般微網格 (低誤差)
33_70-32_70,33_70,32_70,False,True Stable,Tiny (<10人),14.277570497096402,0.7140820905464281,0.5928899775737768,3.676626903849628,4.848199175812668,3.7004535714285716,613,0.002888341998285163,99.29833628084143,39.54838709677419,🟢 Top 10%~100% 一般微網格 (低誤差)
40_47-41_48,40_47,41_48,False,True Stable,Tiny (<10人),14.236436449259125,0.7130527041545468,0.6259140375485897,0.7606270820011828,1.86469199069718,0.7242285714285718,614,0.0028800206106967046,99.30121630145213,39.61290322580645,🟢 Top 10%~100% 一般微網格 (低誤差)
41_46-40_45,41_46,40_45,False,True Stable,Tiny (<10人),14.206909465585234,0.7253839204577893,0.6163968682276989,1.0262657361707832,1.6748922966666526,0.9751666666666667,615,0.0028740473236416467,99.30409034877577,39.67741935483871,🟢 Top 10%~100% 一般微網格 (低誤差)
39_45-41_47,39_45,41_47,False,Partial Recovery,Tiny (<10人),14.174254613260166,0.724549786476892,0.6201027366397237,0.8995746644617311,2.3245460986300057,0.8807851851851851,616,0.0028674412710616593,99.30695779004685,39.74193548387097,🟢 Top 10%~100% 一般微網格 (低誤差)
35_37-35_38,35_37,35_38,False,True Stable,Tiny (<10人),14.114907629279733,0.710002706968676,0.6632259254396956,0.6887330682968386,1.663539235789905,0.7932857142857143,617,0.0028554354199025215,99.30981322546674,39.806451612903224,🟢 Top 10%~100% 一般微網格 (低誤差)
56_40-56_40,56_40,56_40,True,Temporary Increase,Tiny (<10人),14.102892376024034,0.8397288960141849,0.6974137289480907,0.12555872894809061,2.5111745789618123,0.5718550000000001,618,0.0028530047430163153,99.31266623020976,39.87096774193548,🟢 Top 10%~100% 一般微網格 (低誤差)
41_47-42_44,41_47,42_44,False,True Stable,Tiny (<10人),14.069631708269156,0.7088630662715462,0.6213821592151171,0.6765713247897837,1.8662251171840925,0.7082392857142857,619,0.0028462761344209696,99.31551250634418,39.935483870967744,🟢 Top 10%~100% 一般微網格 (低誤差)
63_55-63_55,63_55,63_55,True,Persistent Zero,Tiny (<10人),14.068695290795883,0.7821012747385386,0.5938166384698903,0.39386446455684676,2.3891189830627466,0.36385652173913036,620,0.0028460866978556564,99.31835859304203,40.0,🟢 Top 10%~100% 一般微網格 (低誤差)
41_47-38_44,41_47,38_44,False,True Stable,Tiny (<10人),13.942376111159001,0.7056500577268908,0.6031438118177407,0.7972152262932332,1.5842004579717153,0.721742857142857,621,0.0028205324208301404,99.32117912546286,40.064516129032256,🟢 Top 10%~100% 一般微網格 (低誤差)
42_49-41_47,42_49,41_47,False,Partial Recovery,Tiny (<10人),13.87142871000334,0.7038523767200087,0.6355591885398503,0.6900949028255645,1.7714573911623208,0.6046214285714286,622,0.0028061798138184118,99.32398530527668,40.12903225806452,🟢 Top 10%~100% 一般微網格 (低誤差)
43_45-42_44,43_45,42_44,False,True Stable,Tiny (<10人),13.836648740400303,0.7029694349279121,0.6277229552273793,0.4831836695130938,1.9574741645620386,0.5602892857142857,623,0.0027991438515779198,99.32678444912825,40.193548387096776,🟢 Top 10%~100% 一般微網格 (低誤差)
61_62-61_61,61_62,61_61,False,Persistent Decrease,Tiny (<10人),13.833769927233833,0.7157945579262311,0.6138617022262081,0.5405172577817635,1.678222791627462,0.3164333333333333,624,0.0027985614697941547,99.32958301059804,40.25806451612903,🟢 Top 10%~100% 一般微網格 (低誤差)
42_48-41_48,42_48,41_48,False,True Stable,Tiny (<10人),13.81555490276544,0.7024333954893984,0.6514198125908466,0.6630859050119895,1.7710480536513684,0.8341607142857141,625,0.002794876583756817,99.3323778871818,40.32258064516129,🟢 Top 10%~100% 一般微網格 (低誤差)
32_70-31_69,32_70,31_69,False,True Stable,Tiny (<10人),13.798221658599632,0.7019926143943913,0.5576630819874511,3.978128753755653,5.773704209068304,4.086303571428571,626,0.002791370081225394,99.33516925726303,40.38709677419355,🟢 Top 10%~100% 一般微網格 (低誤差)
38_44-40_46,38_44,40_46,False,Partial Dissipation,Tiny (<10人),13.762132853306595,0.7010739937845004,0.6260441322810809,0.6178869894239382,1.860991440740725,0.5251142857142856,627,0.0027840693424885754,99.33795332660553,40.45161290322581,🟢 Top 10%~100% 一般微網格 (低誤差)
34_38-35_38,34_38,35_38,False,True Stable,Tiny (<10人),13.743621313319075,0.7006023253835403,0.5666418384652875,2.239566692722875,3.3474023173606016,2.209282142857143,628,0.0027803244715800574,99.3407336510771,40.516129032258064,🟢 Top 10%~100% 一般微網格 (低誤差)
64_58-64_58,64_58,64_58,True,Persistent Low Volume,Tiny (<10人),13.666021747732739,0.6986216467274466,0.4028980872811852,0.30656594442404234,2.4053909324948295,0.15154642857142855,629,0.002764626136602319,99.3434982772137,40.58064516129033,🟢 Top 10%~100% 一般微網格 (低誤差)
34_39-35_40,34_39,35_40,False,True Stable,Tiny (<10人),13.645523578439175,0.698097505941254,0.5963423312754508,0.7702244741325937,1.448754564785661,0.8142107142857142,630,0.002760479372048041,99.34625875658575,40.64516129032258,🟢 Top 10%~100% 一般微網格 (低誤差)
37_46-37_46,37_46,37_46,True,Persistent Low Volume,Tiny (<10人),13.619765213428133,0.7868165205268672,0.6466468381582187,0.5700650199764005,2.402890007252085,0.5617545454545454,631,0.0027552684737734584,99.34901402505952,40.70967741935484,🟢 Top 10%~100% 一般微網格 (低誤差)
42_47-41_46,42_47,41_46,False,Recovered,Tiny (<10人),13.505007862426465,0.6944938512127906,0.5629751679251395,0.6554823074146944,1.5817439249530103,0.6576178571428571,632,0.0027320531461673034,99.3517460782057,40.774193548387096,🟢 Top 10%~100% 一般微網格 (低誤差)
40_45-41_46,40_45,41_46,False,Recovered,Tiny (<10人),13.482528440944543,0.6939156093437274,0.5604717171401066,1.0552094603378277,1.6748922966666526,1.1241999999999999,633,0.0027275055757542146,99.35447358378144,40.83870967741935,🟢 Top 10%~100% 一般微網格 (低誤差)
30_49-31_48,30_49,31_48,False,True Stable,Tiny (<10人),13.475072113236896,0.6937237025450019,0.5257682172508561,1.135967580804399,2.3180073036570574,1.146207142857143,634,0.0027259971661494184,99.35719958094758,40.903225806451616,🟢 Top 10%~100% 一般微網格 (低誤差)
33_70-30_69,33_70,30_69,False,True Stable,Tiny (<10人),13.467561998364102,0.6935303577237497,0.5653513186467005,0.9768049601949815,2.509473261134328,1.0504642857142859,635,0.002724477875440719,99.35992405882303,40.96774193548387,🟢 Top 10%~100% 一般微網格 (低誤差)
33_35-33_35,33_35,33_35,True,Persistent Low Volume,Tiny (<10人),13.388257310180498,0.8181765491072357,0.6680070905448772,0.4552420905448771,2.7873054802398713,0.4729850000000001,636,0.0027084345954171184,99.36263249341845,41.03225806451613,🟢 Top 10%~100% 一般微網格 (低誤差)
60_61-59_61,60_61,59_61,False,Persistent Decrease,Tiny (<10人),13.368342869107261,0.6909709232332651,0.6211112096571366,0.7030995641552379,1.7618078361483853,0.5776857142857142,637,0.002704405918651985,99.3653368993371,41.096774193548384,🟢 Top 10%~100% 一般微網格 (低誤差)
32_37-31_37,32_37,31_37,False,True Stable,Tiny (<10人),13.330457804167647,0.7026525879932533,0.5645423261511198,0.8323907191696874,1.6728387041358281,0.8521222222222221,638,0.002696741797911338,99.368033641135,41.16129032258065,🟢 Top 10%~100% 一般微網格 (低誤差)
59_61-59_60,59_61,59_60,False,Delayed Increase,Tiny (<10人),13.29899955349849,0.6891765156821605,0.5684114583653218,0.8089913907879038,1.7812759000424747,0.7936428571428572,639,0.0026903778169652245,99.37072401895198,41.225806451612904,🟢 Top 10%~100% 一般微網格 (低誤差)
55_40-55_40,55_40,55_40,True,Partial Recovery,Tiny (<10人),13.163693014198047,0.6856616464147721,0.5828121435854284,0.42148000072828545,2.0445806383882346,0.5334107142857143,640,0.0026630054036976057,99.37338702435567,41.29032258064516,🟢 Top 10%~100% 一般微網格 (低誤差)
58_56-58_56,58_56,58_56,True,Persistent Low Volume,Tiny (<10人),13.161635884315128,0.7405413527817315,0.5759627639232527,0.35480859725658603,2.702459604775279,0.4062375,641,0.0026625892478370572,99.3760496136035,41.35483870967742,🟢 Top 10%~100% 一般微網格 (低誤差)
34_70-33_70,34_70,33_70,False,True Stable,Tiny (<10人),13.148328066463895,0.685261370012095,0.5501469978730587,3.9043114954019464,5.324180100513224,4.106178571428571,642,0.0026598970860849534,99.37870951068959,41.41935483870968,🟢 Top 10%~100% 一般微網格 (低誤差)
35_43-35_43,35_43,35_43,True,Persistent Low Volume,Tiny (<10人),13.066549918238364,0.9333291637372946,0.72023517695452,0.38667517695452003,2.4053909324948295,0.44697333333333333,643,0.0026433534269162014,99.38135286411651,41.483870967741936,🟢 Top 10%~100% 一般微網格 (低誤差)
40_45-41_47,40_45,41_47,False,Partial Recovery,Tiny (<10人),13.065767041057356,0.6831065342833575,0.551411649573316,1.3564993191104733,2.050687220017374,1.2538464285714284,644,0.0026431950514389548,99.38399605916794,41.54838709677419,🟢 Top 10%~100% 一般微網格 (低誤差)
33_47-33_48,33_47,33_48,False,True Stable,Tiny (<10人),13.052730145035751,0.6827656506820454,0.5284579390213031,1.1192087780503017,2.11674402059545,1.218767857142857,645,0.002640557696973492,99.38663661686492,41.612903225806456,🟢 Top 10%~100% 一般微網格 (低誤差)
41_47-42_45,41_47,42_45,False,Partial Recovery,Tiny (<10人),13.016200656867657,0.6818095842490371,0.5629609169972171,0.8082699695813231,2.0282563906999256,1.0521357142857142,646,0.002633167808415545,99.38926978467335,41.677419354838705,🟢 Top 10%~100% 一般微網格 (低誤差)
63_61-63_61,63_61,63_61,True,Persistent Low Volume,Tiny (<10人),12.972048343133922,0.6806522172344783,0.5355312438973002,0.21844910104015744,1.4887001646616567,0.3634678571428572,647,0.002624235827858731,99.3918940205012,41.74193548387097,🟢 Top 10%~100% 一般微網格 (低誤差)
30_48-32_48,30_48,32_48,False,True Stable,Tiny (<10人),12.808618896198594,0.6763509997510431,0.5305385446444204,1.2254520148783532,2.424099587906334,1.3107214285714284,648,0.0025911741710848545,99.39448519467228,41.80645161290323,🟢 Top 10%~100% 一般微網格 (低誤差)
31_69-30_68,31_69,30_68,False,True Stable,Tiny (<10人),12.79473976069763,0.6759844609556397,0.5073030314651329,2.3809298273732766,4.678691341831212,2.2301035714285713,649,0.0025883664321928995,99.39707356110448,41.87096774193548,🟢 Top 10%~100% 一般微網格 (低誤差)
39_45-38_44,39_45,38_44,False,True Stable,Tiny (<10人),12.77719805153909,0.6755209114754938,0.5304150392313774,0.8676501824365866,1.79183923729706,1.0757428571428571,650,0.0025848177573469504,99.39965837886183,41.935483870967744,🟢 Top 10%~100% 一般微網格 (低誤差)
42_45-42_46,42_45,42_46,False,True Stable,Tiny (<10人),12.765799634061153,0.675219531339389,0.5711291016871546,0.6500089902194405,1.9011842904018321,0.5705285714285714,651,0.0025825118658843794,99.40224089072771,42.0,🟢 Top 10%~100% 一般微網格 (低誤差)
34_39-34_40,34_39,34_40,False,Partial Dissipation,Tiny (<10人),12.730900161133288,0.6742959333666193,0.5268836966138609,1.0989596440502902,2.002835564836598,1.1375178571428572,652,0.0025754517282092705,99.40481634245592,42.064516129032256,🟢 Top 10%~100% 一般微網格 (低誤差)
33_48-31_48,33_48,31_48,False,True Stable,Tiny (<10人),12.654467982706466,0.6846049951318635,0.6098399127062064,0.6916806534469472,2.123400451729047,0.7088555555555557,653,0.002559989554794297,99.40737633201071,42.12903225806451,🟢 Top 10%~100% 一般微網格 (低誤差)
58_44-55_44,58_44,55_44,False,Recovered,Tiny (<10人),12.571312767426042,0.6700563080663456,0.5841779694626641,0.808352663774833,1.6716439196457102,0.7189964285714286,654,0.0025431673159743424,99.40991949932669,42.193548387096776,🟢 Top 10%~100% 一般微網格 (低誤差)
39_45-38_45,39_45,38_45,False,Partial Dissipation,Tiny (<10人),12.538311791458115,0.6691762471090353,0.5995568932905672,0.6242818932905669,1.692292613002779,0.6270678571428573,655,0.0025364912428362725,99.41245599056953,42.25806451612903,🟢 Top 10%~100% 一般微網格 (低誤差)
32_70-34_70,32_70,34_70,False,True Stable,Tiny (<10人),12.531002286392825,0.6689811626216399,0.5574563240054698,0.904278990860079,1.677639928975743,0.8144892857142858,656,0.0025350125353439125,99.41499100310487,42.32258064516129,🟢 Top 10%~100% 一般微網格 (低誤差)
40_46-39_46,40_46,39_46,False,Partial Dissipation,Tiny (<10人),12.498446875939946,0.6681115945050953,0.6115226429714509,0.47682264297145066,1.3001674930577747,0.5695357142857144,657,0.0025284265997814453,99.41751942970465,42.38709677419355,🟢 Top 10%~100% 一般微網格 (低誤差)
32_47-33_47,32_47,33_47,False,Temporary Increase,Tiny (<10人),12.466080223375828,0.667245944787116,0.49071217859669464,1.728158803628952,2.7038280125294074,1.7124285714285714,658,0.0025218788498008824,99.42004130855446,42.45161290322581,🟢 Top 10%~100% 一般微網格 (低誤差)
43_45-41_46,43_45,41_46,False,Recovered,Tiny (<10人),12.43730848882206,0.6664754975889977,0.59512618004018,0.7055814733358454,1.4859057063517425,0.7601999999999999,659,0.0025160583490866986,99.42255736690355,42.516129032258064,🟢 Top 10%~100% 一般微網格 (低誤差)
61_62-61_63,61_62,61_63,False,Persistent Decrease,Tiny (<10人),12.429421756374825,0.6662641517225202,0.5189520781578815,1.099952309360025,1.7657741876989297,1.1816071428571429,660,0.002514462868920012,99.42507182977246,42.58064516129032,🟢 Top 10%~100% 一般微網格 (低誤差)
47_48-47_48,47_48,47_48,True,Persistent Low Volume,Tiny (<10人),12.394768949550002,0.6904504925590249,0.5027213931517304,0.4651290854594227,2.419137767575192,0.3624538461538461,661,0.0025074526316159165,99.42757928240408,42.645161290322584,🟢 Top 10%~100% 一般微網格 (低誤差)
31_68-31_69,31_68,31_69,False,True Stable,Tiny (<10人),12.386850352221492,0.6773272733822717,0.572134746279883,0.4110865981317349,2.090479110179903,0.3605444444444444,662,0.0025058507052072116,99.43008513310929,42.70967741935484,🟢 Top 10%~100% 一般微網格 (低誤差)
31_48-31_49,31_48,31_49,False,True Stable,Tiny (<10人),12.35679616688823,0.6643147964763669,0.5064972531908525,4.057886380654525,5.875198393470055,3.9812785714285712,663,0.0024997707656446676,99.43258490387493,42.774193548387096,🟢 Top 10%~100% 一般微網格 (低誤差)
30_69-33_70,30_69,33_70,False,True Stable,Tiny (<10人),12.347431296996866,0.6891307595301843,0.5386281391120097,1.0563280985377637,2.1236398845148257,1.0174076923076922,664,0.0024978762593614594,99.43508278013428,42.83870967741936,🟢 Top 10%~100% 一般微網格 (低誤差)
32_70-31_70,32_70,31_70,False,True Stable,Tiny (<10人),12.293631205967364,0.6626147126015066,0.584273770354112,3.327555412794379,4.7066635773660055,3.410296428571429,665,0.0024869925405618444,99.43756977267485,42.90322580645161,🟢 Top 10%~100% 一般微網格 (低誤差)
53_38-53_37,53_38,53_37,False,Partial Dissipation,Tiny (<10人),12.219502140168801,0.6606139498378114,0.5981362609509874,0.7340093905546482,1.4877343632713784,0.6826785714285714,666,0.0024719962851356726,99.44004176895999,42.96774193548387,🟢 Top 10%~100% 一般微網格 (低誤差)
41_47-40_45,41_47,40_45,False,True Stable,Tiny (<10人),12.21153764850098,0.660398625520466,0.5172737288974872,1.1786683475616369,1.86469199069718,1.2618571428571432,667,0.0024703850743359192,99.44251215403432,43.03225806451613,🟢 Top 10%~100% 一般微網格 (低誤差)
58_44-58_43,58_44,58_43,False,Delayed Decrease,Tiny (<10人),12.116400913531606,0.6578211033819911,0.593687782647611,5.108234472676471,6.52642196744013,5.303978571428571,668,0.0024511389829054726,99.44496329301722,43.096774193548384,🟢 Top 10%~100% 一般微網格 (低誤差)
54_40-54_40,54_40,54_40,True,Persistent Low Volume,Tiny (<10人),11.995904799229749,0.722191856937878,0.6019996712471494,0.5586474973341058,2.4163225726406408,0.4469347826086956,669,0.002426762707709422,99.44739005572494,43.16129032258065,🟢 Top 10%~100% 一般微網格 (低誤差)
39_46-40_46,39_46,40_46,False,Partial Dissipation,Tiny (<10人),11.948728812596325,0.6779133372284147,0.6185947247706269,0.3932716478475501,1.4019848953856187,0.48473846153846145,670,0.0024172190403514804,99.44980727476528,43.225806451612904,🟢 Top 10%~100% 一般微網格 (低誤差)
34_38-32_37,34_38,32_37,False,True Stable,Tiny (<10人),11.942453097327434,0.6530820637924519,0.5049487379401165,1.1413377144322379,1.7723570270939422,1.0376964285714283,671,0.0024159494677737014,99.45222322423305,43.29032258064516,🟢 Top 10%~100% 一般微網格 (低誤差)
38_44-37_43,38_44,37_43,False,Temporary Increase,Tiny (<10人),11.923682160289777,0.6525686105222351,0.5234711708989624,1.1709950589603413,2.102977343078428,1.3518214285714285,672,0.002412152121032948,99.45463537635408,43.354838709677416,🟢 Top 10%~100% 一般微網格 (低誤差)
42_45-41_47,42_45,41_47,False,Partial Recovery,Tiny (<10人),11.86571279407854,0.6509803813721089,0.5324792417801538,1.1209618198065003,1.8545345643667213,1.0141071428571429,673,0.0024004249609341105,99.457035801315,43.41935483870968,🟢 Top 10%~100% 一般微網格 (低誤差)
35_70-34_70,35_70,34_70,False,True Stable,Tiny (<10人),11.680838395937176,0.6577413201966025,0.5236525126575443,1.600502734217275,2.795647867008909,1.6674962962962965,674,0.0023630250063222252,99.45939882632133,43.483870967741936,🟢 Top 10%~100% 一般微網格 (低誤差)
30_61-30_61,30_61,30_61,True,Persistent Low Volume,Tiny (<10人),11.584858502449784,0.6432300883168197,0.4304184338548083,0.2932577195690941,2.124840028352303,0.21962500000000001,675,0.002343608344544442,99.46174243466588,43.54838709677419,🟢 Top 10%~100% 一般微網格 (低誤差)
43_44-43_45,43_44,43_45,False,Partial Recovery,Tiny (<10人),11.564689194574353,0.6426699106788346,0.4787152558853675,1.124429769162676,1.7714573911623208,1.187107142857143,676,0.002339528108412896,99.46408196277429,43.612903225806456,🟢 Top 10%~100% 一般微網格 (低誤差)
33_70-32_69,33_70,32_69,False,True Stable,Tiny (<10人),11.538355679282438,0.6793631040697585,0.5832381677362168,0.5369109325890272,1.6796026054656832,0.693484,677,0.0023342008576600045,99.46641616363195,43.67741935483871,🟢 Top 10%~100% 一般微網格 (低誤差)
39_44-38_43,39_44,38_43,False,Partial Dissipation,Tiny (<10人),11.515370552863029,0.6412980851607328,0.548742124243546,0.4071128066493043,1.6773887202053455,0.5123714285714286,678,0.0023295509835104373,99.46874571461547,43.74193548387097,🟢 Top 10%~100% 一般微網格 (低誤差)
58_43-58_44,58_43,58_44,False,Persistent Decrease,Tiny (<10人),11.484900204864507,0.6404490669183535,0.5160778780358913,4.611206501004312,6.0652316308483005,4.658289285714285,679,0.0023233868545471524,99.47106910147001,43.806451612903224,🟢 Top 10%~100% 一般微網格 (低誤差)
50_44-51_44,50_44,51_44,False,Temporary Increase,Tiny (<10人),11.473805026574592,0.6401396339464481,0.5072745765207999,1.4710021606643038,2.695129023329945,1.4078142857142861,680,0.0023211423081490276,99.47339024377814,43.87096774193549,🟢 Top 10%~100% 一般微網格 (低誤差)
31_69-32_70,31_69,32_70,False,True Stable,Tiny (<10人),11.458067143523511,0.6397004640433429,0.44851994222123587,3.885412820281107,5.869153875287384,3.951275,681,0.0023179585459963715,99.47570820232414,43.93548387096774,🟢 Top 10%~100% 一般微網格 (低誤差)
35_40-34_39,35_40,34_39,False,Delayed Increase,Tiny (<10人),11.440736380179937,0.6392164952999643,0.5747111948707733,0.5435576234422018,1.701059628254271,0.5249821428571428,682,0.0023144525453334596,99.47802265486948,44.0,🟢 Top 10%~100% 一般微網格 (低誤差)
32_69-31_69,32_69,31_69,False,True Stable,Tiny (<10人),11.429549952334154,0.6389039149851585,0.39874810160445795,2.295037101077104,5.076877839008337,2.2939321428571433,683,0.0023121895392173753,99.48033484440869,44.06451612903226,🟢 Top 10%~100% 一般微網格 (低誤差)
41_47-42_46,41_47,42_46,False,True Stable,Tiny (<10人),11.40754793459071,0.6382886699882605,0.5175857766198884,3.5447267591021974,4.875070884326773,3.5804249999999995,684,0.0023077385472290443,99.48264258295592,44.12903225806451,🟢 Top 10%~100% 一般微網格 (低誤差)
57_41-57_41,57_41,57_41,True,Persistent Low Volume,Tiny (<10人),11.358000381496831,0.702727616892449,0.4304418884368522,0.3520462362629391,2.6118945662437043,0.18422173913043483,685,0.002297715113722453,99.48494029806965,44.193548387096776,🟢 Top 10%~100% 一般微網格 (低誤差)
50_45-50_44,50_45,50_44,False,True Stable,Tiny (<10人),11.32969451292716,0.6361068675075405,0.5458423661349775,0.5559780804206917,1.486967737009625,0.4135071428571428,686,0.002291988857353812,99.487232286927,44.25806451612903,🟢 Top 10%~100% 一般微網格 (低誤差)
50_44-50_45,50_44,50_45,False,Partial Recovery,Tiny (<10人),11.282123239094464,0.6464181435129726,0.5429048565247155,0.4462974491173081,1.6697358103282085,0.40921481481481486,687,0.0022823652236865265,99.48951465215067,44.32258064516129,🟢 Top 10%~100% 一般微網格 (低誤差)
31_48-30_49,31_48,30_49,False,Temporary Increase,Tiny (<10人),11.27179515282217,0.6344794028183987,0.5302062076503403,1.3291780495482535,2.3166980558343555,1.2628035714285715,688,0.0022802758594387194,99.49179492801011,44.387096774193544,🟢 Top 10%~100% 一般微網格 (低誤差)
56_44-58_44,56_44,58_44,False,Persistent Decrease,Tiny (<10人),11.259171022981086,0.634124002716151,0.5425324704610052,0.8470820669347515,1.9516451548251328,0.8447392857142858,689,0.0022777220072676355,99.49407265001739,44.45161290322581,🟢 Top 10%~100% 一般微網格 (低誤差)
49_36-49_36,49_36,49_36,True,Persistent Low Volume,Tiny (<10人),11.214014816320756,0.6328511113637336,0.34123698927181517,0.2536584178432437,1.8920130419649328,0.12517857142857144,690,0.002268586939910987,99.49634123695729,44.516129032258064,🟢 Top 10%~100% 一般微網格 (低誤差)
54_57-54_56,54_57,54_56,False,True Stable,Tiny (<10人),11.202190414192957,0.6441241660319894,0.5858208334820495,0.4448282408894568,1.447936284896472,0.5169629629629631,691,0.002266194872067422,99.49860743182936,44.58064516129032,🟢 Top 10%~100% 一般微網格 (低誤差)
60_62-61_63,60_62,61_63,False,Persistent Decrease,Tiny (<10人),11.15268054746997,0.6311180710077148,0.5327019479547835,1.0723333887562003,1.6690811079300492,0.9133464285714284,692,0.002256179062485912,99.50086361089184,44.645161290322584,🟢 Top 10%~100% 一般微網格 (低誤差)
40_46-40_47,40_46,40_47,False,True Stable,Tiny (<10人),11.103436866090782,0.6297232063741175,0.4956152440297798,2.3297203519722314,3.4496801827897827,2.2141964285714284,693,0.002246217102003447,99.50310982799384,44.70967741935484,🟢 Top 10%~100% 一般微網格 (低誤差)
39_45-40_46,39_45,40_46,False,Partial Dissipation,Tiny (<10人),11.099604568122652,0.6296145240236468,0.5281091005733939,0.9387781743071714,1.6419218400904159,0.9236785714285715,694,0.0022454418309464036,99.50535526982478,44.774193548387096,🟢 Top 10%~100% 一般微網格 (低誤差)
59_61-60_61,59_61,60_61,False,Temporary Increase,Tiny (<10人),11.012770174688107,0.6386551313817969,0.5225288004635029,0.4922927731747105,1.6690811079300492,0.4972888888888889,695,0.0022278752970950307,99.50758314512188,44.83870967741935,🟢 Top 10%~100% 一般微網格 (低誤差)
57_39-57_39,57_39,57_39,True,Partial Recovery,Tiny (<10人),10.983438911933739,0.8037939051015847,0.6339073066486838,0.20151318900162504,2.3166980558343555,0.5095235294117648,696,0.0022219416042378736,99.50980508672612,44.903225806451616,🟢 Top 10%~100% 一般微網格 (低誤差)
56_43-56_43,56_43,56_43,True,Emergent / Temporary Activity,Tiny (<10人),10.893407955918205,0.6601032633131942,0.602178818068463,0.7243280107498014,1.679075078299524,0.65468,697,0.0022037284081301524,99.51200881513425,44.96774193548387,🟢 Top 10%~100% 一般微網格 (低誤差)
48_36-48_36,48_36,48_36,True,Persistent Low Volume,Tiny (<10人),10.88341792673431,0.8001256492037878,0.6714553530118036,0.3090847647765095,1.4917535925577439,0.4370882352941177,698,0.0022017074325824003,99.51421052256683,45.03225806451613,🟢 Top 10%~100% 一般微網格 (低誤差)
34_37-34_38,34_37,34_38,False,True Stable,Tiny (<10人),10.875984259584444,0.6232399291371445,0.46041799952723694,3.888249490707999,5.194733632132205,3.735328571428572,699,0.002200203607191757,99.51641072617402,45.09677419354839,🟢 Top 10%~100% 一般微網格 (低誤差)
52_48-52_48,52_48,52_48,True,Persistent Low Volume,Tiny (<10人),10.81866771402876,0.6215955194390814,0.5316331662378047,0.28999745195209037,1.5442912376211249,0.46415000000000006,700,0.002188608512230834,99.51859933468626,45.16129032258064,🟢 Top 10%~100% 一般微網格 (低誤差)
35_38-35_37,35_38,35_37,False,True Stable,Tiny (<10人),10.77077704089,0.6202181943503546,0.561587349176597,0.5831052063194543,1.584621942740698,0.5765964285714286,701,0.002178920264319121,99.52077825495059,45.225806451612904,🟢 Top 10%~100% 一般微網格 (低誤差)
30_69-32_70,30_69,32_70,False,True Stable,Tiny (<10人),10.749990673043378,0.6196194302335731,0.48227475429497485,2.5892807049025848,4.053764498755453,2.5612749999999997,702,0.0021747151974097745,99.52295297014798,45.29032258064516,🟢 Top 10%~100% 一般微網格 (低誤差)
37_43-38_44,37_43,38_44,False,True Stable,Tiny (<10人),10.696214328408201,0.6180676779981358,0.4859793744067158,1.0338925276153639,1.9687786263627352,1.123117857142857,703,0.002163836282488246,99.52511680643047,45.354838709677416,🟢 Top 10%~100% 一般微網格 (低誤差)
33_48-32_47,33_48,32_47,False,Partial Dissipation,Tiny (<10人),10.629707494489356,0.6274494961080712,0.5415177061429596,0.6245138822340957,1.4917535925577439,0.612388888888889,704,0.0021503819989587168,99.52726718842943,45.41935483870968,🟢 Top 10%~100% 一般微網格 (低誤差)
35_38-34_39,35_38,34_39,False,Delayed Increase,Tiny (<10人),10.59053971474521,0.6382228847096627,0.503370448471341,0.3627040158962468,1.254736630567164,0.3639076923076923,705,0.002142458385957639,99.5294096468154,45.483870967741936,🟢 Top 10%~100% 一般微網格 (低誤差)
42_47-42_46,42_47,42_46,False,True Stable,Tiny (<10人),10.563456591282186,0.6142200801272347,0.5496339488007324,1.4459737379600952,2.512338444999979,1.4754499999999997,706,0.002136979490023705,99.53154662630541,45.54838709677419,🟢 Top 10%~100% 一般微網格 (低誤差)
30_49-31_49,30_49,31_49,False,True Stable,Tiny (<10人),10.551080157042946,0.6138601561617779,0.47032411729648943,1.030452043265265,1.8596679540892231,1.1564499999999998,707,0.002134475746490484,99.5336811020519,45.61290322580645,🟢 Top 10%~100% 一般微網格 (低誤差)
32_46-32_47,32_46,32_47,False,Partial Dissipation,Tiny (<10人),10.528721597204237,0.6132094025116728,0.545072995437852,1.2437629336013116,2.0501417691398665,0.9914,708,0.0021299526262988206,99.5358110546782,45.67741935483871,🟢 Top 10%~100% 一般微網格 (低誤差)
31_49-31_48,31_49,31_48,False,True Stable,Tiny (<10人),10.500268618689997,0.6123802687257671,0.47700830542744843,3.2190271021818857,4.779822421806147,3.093596428571428,709,0.0021241966096967172,99.5379352512879,45.74193548387097,🟢 Top 10%~100% 一般微網格 (低誤差)
33_70-31_70,33_70,31_70,False,True Stable,Tiny (<10人),10.479861211553985,0.6117848948409068,0.4912977822283808,0.8479471116007644,1.640994456216002,0.8850035714285714,710,0.00212006820626008,99.54005531949417,45.806451612903224,🟢 Top 10%~100% 一般微網格 (低誤差)
53_37-53_36,53_37,53_36,False,Delayed Increase,Tiny (<10人),10.445557893275867,0.6107828084070202,0.5514451801102657,0.7518594658245513,1.5766279309351128,0.6998928571428572,711,0.002113128670231637,99.54216844816439,45.87096774193548,🟢 Top 10%~100% 一般微網格 (低誤差)
41_46-41_48,41_46,41_48,False,True Stable,Tiny (<10人),10.305312354546514,0.6066686655871001,0.5521755759098818,0.9293980503274623,1.5763543797117132,0.8664928571428572,712,0.0020847571010163776,99.5442532052654,45.935483870967744,🟢 Top 10%~100% 一般微網格 (低誤差)
58_45-58_44,58_45,58_44,False,Persistent Decrease,Tiny (<10人),10.28349248393702,0.6060260627333088,0.4574866922731498,1.010096747656554,2.0332146215209947,1.0797214285714287,713,0.0020803429572591207,99.54633354822266,46.0,🟢 Top 10%~100% 一般微網格 (低誤差)
32_48-33_48,32_48,33_48,False,True Stable,Tiny (<10人),10.253100881859151,0.6051298822171258,0.5053247300711429,4.284088641035595,5.580506963388005,4.335103571428571,714,0.002074194758537599,99.5484077429812,46.064516129032256,🟢 Top 10%~100% 一般微網格 (低誤差)
34_70-31_69,34_70,31_69,False,True Stable,Tiny (<10人),10.230623085975752,0.6155582556892971,0.53440248896221,0.7910963956113873,1.9516451548251328,0.8057000000000001,715,0.0020696475169818948,99.55047739049819,46.12903225806452,🟢 Top 10%~100% 一般微網格 (低誤差)
41_48-42_48,41_48,42_48,False,Partial Recovery,Tiny (<10人),10.202195378682234,0.614702438663897,0.521340749382474,0.475014823456548,1.3001674930577747,0.6055259259259259,716,0.0020638966127291348,99.55254128711091,46.19354838709677,🟢 Top 10%~100% 一般微網格 (低誤差)
40_47-41_46,40_47,41_46,False,Recovered,Tiny (<10人),10.196086683967243,0.6145183806420561,0.5714117537592164,0.5318747167221792,1.4019848953856187,0.5070185185185185,717,0.0020626608282864247,99.5546039479392,46.25806451612903,🟢 Top 10%~100% 一般微網格 (低誤差)
55_39-55_39,55_39,55_39,True,Persistent Low Volume,Tiny (<10人),10.152588435821354,0.7309902597025978,0.47653811782333627,0.3674696967707047,2.695129023329945,0.2606473684210526,718,0.0020538611647164112,99.55665780910391,46.32258064516129,🟢 Top 10%~100% 一般微網格 (低誤差)
34_39-35_39,34_39,35_39,False,True Stable,Tiny (<10人),10.126667411678365,0.6013873072107753,0.5054382016840948,0.5977274873983804,1.3940322534465235,0.6354892857142858,719,0.00204861736061921,99.55870642646454,46.38709677419355,🟢 Top 10%~100% 一般微網格 (低誤差)
35_37-34_38,35_37,34_38,False,True Stable,Tiny (<10人),10.12344604037715,0.6012916466234867,0.4727652750879206,1.0404852904495736,1.9480251120495766,1.0332999999999999,720,0.002047965679577028,99.56075439214412,46.45161290322581,🟢 Top 10%~100% 一般微網格 (低誤差)
34_40-34_39,34_40,34_39,False,Delayed Increase,Tiny (<10人),10.118872872596938,0.6011558174703644,0.4580108248863846,1.2030976663667037,2.143330031373497,1.145635714285714,721,0.0020470405311025395,99.56280143267522,46.516129032258064,🟢 Top 10%~100% 一般微網格 (低誤差)
59_60-59_61,59_60,59_61,False,Persistent Decrease,Tiny (<10人),10.111252234498597,0.600929406196845,0.5339846372339659,0.8814348025376059,1.8608752058270708,0.7854214285714286,722,0.0020454988816266955,99.56484693155684,46.58064516129032,🟢 Top 10%~100% 一般微網格 (低誤差)
41_46-42_47,41_46,42_47,False,Partial Recovery,Tiny (<10人),10.103065479677914,0.6117087626954851,0.5785757515905819,0.5102424182572486,1.3125190842418235,0.5059037037037037,723,0.002043842707154782,99.566890774264,46.64516129032258,🟢 Top 10%~100% 一般微網格 (低誤差)
30_68-31_69,30_68,31_69,False,True Stable,Tiny (<10人),10.097046307621799,0.6005071162782157,0.4461773040454072,2.337129491125637,4.47959809324265,2.2191428571428573,724,0.002042625033080042,99.56893339929708,46.70967741935484,🟢 Top 10%~100% 一般微網格 (低誤差)
52_55-52_55,52_55,52_55,True,Persistent Low Volume,Tiny (<10人),10.055368932789593,0.5992664841522507,0.3326666944156593,0.20563812298708792,2.319077514344734,0.1640857142857143,725,0.002034193730840588,99.57096759302792,46.774193548387096,🟢 Top 10%~100% 一般微網格 (低誤差)
53_36-53_37,53_36,53_37,False,Partial Dissipation,Tiny (<10人),10.03973008917716,0.6097883691533561,0.5293447312344258,0.6878798981576283,1.4887001646616567,0.502225925925926,726,0.002031030004293443,99.57299862303222,46.83870967741935,🟢 Top 10%~100% 一般微網格 (低誤差)
42_48-41_47,42_48,41_47,False,Partial Recovery,Tiny (<10人),10.013422180210537,0.6089889064309347,0.5053641259066134,0.4988900518325393,1.8587096712620312,0.5714592592592592,727,0.0020257079336813023,99.57502433096589,46.903225806451616,🟢 Top 10%~100% 一般微網格 (低誤差)
32_48-30_48,32_48,30_48,False,True Stable,Tiny (<10人),9.99158556147119,0.6199126973730064,0.5840682980633781,0.7620880832084146,1.5937731737222143,0.6650538461538461,728,0.002021290401789709,99.57704562136769,46.96774193548387,🟢 Top 10%~100% 一般微網格 (低誤差)
31_69-34_70,31_69,34_70,False,True Stable,Tiny (<10人),9.988522324491779,0.5972712450473576,0.48678126736707555,0.415434838795647,1.486967737009625,0.41265357142857145,729,0.0020206707112043858,99.57906629207889,47.03225806451613,🟢 Top 10%~100% 一般微網格 (低誤差)
58_44-54_44,58_44,54_44,False,Partial Recovery,Tiny (<10人),9.89138761036205,0.5943600282885921,0.5240571230455171,0.5279321230455171,1.4877095031232037,0.43115357142857136,730,0.00200102043006101,99.58106731250894,47.096774193548384,🟢 Top 10%~100% 一般微網格 (低誤差)
41_46-40_47,41_46,40_47,False,True Stable,Tiny (<10人),9.851217323199897,0.5931519114984644,0.5558435975158976,0.670034133061027,1.5807177609758396,0.6648107142857144,731,0.001992894010547464,99.58306020651949,47.16129032258065,🟢 Top 10%~100% 一般微網格 (低誤差)
34_39-33_38,34_39,33_38,False,True Stable,Tiny (<10人),9.798808528799675,0.5915720137541424,0.4977782802229589,1.198257249512908,2.045600566794405,1.1874857142857143,732,0.001982291750031473,99.58504249826953,47.225806451612904,🟢 Top 10%~100% 一般微網格 (低誤差)
30_36-30_37,30_36,30_37,False,Partial Dissipation,Tiny (<10人),9.748745657391096,0.6123330434114296,0.5802552851248357,0.3983668235863741,1.539450196796691,0.47103461538461533,733,0.001972164068009272,99.58701466233754,47.29032258064516,🟢 Top 10%~100% 一般微網格 (低誤差)
31_48-31_47,31_48,31_47,False,Partial Dissipation,Tiny (<10人),9.702524805304837,0.5886584264635998,0.47834547451308074,1.8219544012104283,3.4750470837515333,1.7333214285714285,734,0.0019628136236669084,99.5889774759612,47.35483870967742,🟢 Top 10%~100% 一般微網格 (低誤差)
30_59-30_59,30_59,30_59,True,Persistent Zero,Tiny (<10人),9.68619343216674,0.5881628003539842,0.18378271538904198,0.11339700110332769,3.175116030893175,0.07670714285714285,735,0.0019595097989066647,99.59093698576012,47.41935483870968,🟢 Top 10%~100% 一般微網格 (低誤差)
30_47-31_48,30_47,31_48,False,True Stable,Tiny (<10人),9.6239293266228,0.6084004667544485,0.573472323194545,0.5177607847330065,1.3470189221971045,0.5286961538461539,736,0.0019469138162032493,99.59288389957632,47.483870967741936,🟢 Top 10%~100% 一般微網格 (低誤差)
42_46-43_45,42_46,43_45,False,Partial Recovery,Tiny (<10人),9.615334094573948,0.5860074991772091,0.44924650393963866,2.5555670024424835,3.6681052550710627,2.7322857142857147,737,0.0019451750070888585,99.5948290745834,47.54838709677419,🟢 Top 10%~100% 一般微網格 (低誤差)
42_44-43_45,42_44,43_45,False,Partial Recovery,Tiny (<10人),9.61139006835849,0.5966384247927746,0.5570172833030702,0.47990987589566275,1.500021810562084,0.5806037037037037,738,0.0019443771334896522,99.59677345171689,47.612903225806456,🟢 Top 10%~100% 一般微網格 (低誤差)
32_37-34_38,32_37,34_38,False,True Stable,Tiny (<10人),9.597559900943562,0.585465623638374,0.47294881458065197,0.8377987321244518,1.6716439196457102,0.9386749999999999,739,0.001941579300805445,99.5987150310177,47.677419354838705,🟢 Top 10%~100% 一般微網格 (低誤差)
30_47-31_47,30_47,31_47,False,Partial Dissipation,Tiny (<10人),9.591533763251837,0.5852817930356233,0.513501737603938,0.6298521676918927,1.6736731910136042,0.49866071428571423,740,0.0019403602175877505,99.60065539123529,47.74193548387097,🟢 Top 10%~100% 一般微網格 (低誤差)
33_38-34_39,33_38,34_39,False,Delayed Increase,Tiny (<10人),9.567137860583195,0.5845369920037811,0.4524100147639703,0.8493904579025237,1.6736731910136042,0.9887678571428572,741,0.0019354249444417872,99.60259081617974,47.80645161290323,🟢 Top 10%~100% 一般微網格 (低誤差)
53_37-53_38,53_37,53_38,False,Partial Recovery,Tiny (<10人),9.531846230816063,0.5834578645215113,0.508328566378214,0.8827444365756641,1.5807177609758396,0.7016857142857144,742,0.0019282854737268592,99.60451910165345,47.87096774193548,🟢 Top 10%~100% 一般微網格 (低誤差)
58_44-56_44,58_44,56_44,False,Recovered,Tiny (<10人),9.48952972639758,0.582161297187275,0.5041901659106801,0.8495930042448367,1.8587096712620312,0.8662285714285713,743,0.0019197248760427239,99.6064388265295,47.935483870967744,🟢 Top 10%~100% 一般微網格 (低誤差)
39_37-39_38,39_37,39_38,False,True Stable,Tiny (<10人),9.489248736968799,0.5821526780888572,0.4702447064386756,1.9027591344404233,2.8843565690319597,1.9638857142857142,744,0.0019196680320881878,99.60835849456159,48.0,🟢 Top 10%~100% 一般微網格 (低誤差)
33_48-32_48,33_48,32_48,False,True Stable,Tiny (<10人),9.482483236387928,0.5819451138941568,0.4201491083684302,3.702018115936318,4.754964576277809,3.7163178571428572,745,0.0019182993763024484,99.6102767939379,48.064516129032256,🟢 Top 10%~100% 一般微網格 (低誤差)
30_48-31_48,30_48,31_48,False,True Stable,Tiny (<10人),9.465522577192726,0.5814244385617817,0.44720066803845615,2.3156294895384733,3.5416842945043467,2.2591857142857146,746,0.0019148682474362266,99.61219166218534,48.12903225806451,🟢 Top 10%~100% 一般微網格 (低誤差)
38_44-41_47,38_44,41_47,False,Partial Recovery,Tiny (<10人),9.46384297907609,0.5813728511978009,0.4854217117727216,0.7459915828204152,1.5009349661067095,0.7098178571428572,747,0.0019145284659740018,99.6141061906513,48.193548387096776,🟢 Top 10%~100% 一般微網格 (低誤差)
32_47-32_46,32_47,32_46,False,Partial Dissipation,Tiny (<10人),9.406257090280478,0.5796013744154709,0.499642366698979,1.1696532958084924,1.9572465838050337,1.013225,748,0.001902878883073972,99.61600906953437,48.25806451612903,🟢 Top 10%~100% 一般微網格 (低誤差)
38_45-39_45,38_45,39_45,False,Partial Dissipation,Tiny (<10人),9.397346798205875,0.5793267890468666,0.4548530210957754,0.8842203650745043,1.6737011586803008,0.846117857142857,749,0.0019010763375483665,99.61791014587192,48.32258064516129,🟢 Top 10%~100% 一般微網格 (低誤差)
32_47-31_47,32_47,31_47,False,Partial Dissipation,Tiny (<10人),9.395273126266378,0.579262866749827,0.5327404033848941,0.561526632448142,1.6773887202053455,0.577625,750,0.0019006568352419528,99.61981080270716,48.38709677419355,🟢 Top 10%~100% 一般微網格 (低誤差)
61_61-61_62,61_61,61_62,False,Temporary Increase,Tiny (<10人),9.38967841826588,0.6128516433286568,0.5457473433882946,0.4360793433882945,1.39114229200157,0.33508399999999994,751,0.0018995250299331107,99.6217103277371,48.45161290322581,🟢 Top 10%~100% 一般微網格 (低誤差)
52_39-52_39,52_39,52_39,True,Persistent Zero,Tiny (<10人),9.383046377348123,0.625268155052565,0.39519269806345925,0.22039686473012596,2.226314413770945,0.23202916666666665,752,0.0018981833729389461,99.62360851111004,48.516129032258064,🟢 Top 10%~100% 一般微網格 (低誤差)
31_36-31_37,31_36,31_37,False,True Stable,Tiny (<10人),9.37376093167299,0.6123319665564747,0.5731256600046367,0.3509776600046367,1.2983994725347987,0.488836,753,0.0018963049341161973,99.62550481604416,48.58064516129032,🟢 Top 10%~100% 一般微網格 (低誤差)
41_48-42_49,41_48,42_49,False,Delayed Increase,Tiny (<10人),9.340700894105531,0.5881767463670011,0.5110933777466792,0.4221155999689013,1.448754564785661,0.3592518518518518,754,0.0018896169128600321,99.62739443295702,48.645161290322584,🟢 Top 10%~100% 一般微網格 (低誤差)
40_45-39_44,40_45,39_44,False,Temporary Increase,Tiny (<10人),9.316476955288556,0.6104580888247302,0.5554082587935641,0.3930602587935641,1.5009349661067095,0.44498000000000004,755,0.0018847164278746355,99.6292791493849,48.70967741935484,🟢 Top 10%~100% 一般微網格 (低誤差)
47_56-47_56,47_56,47_56,True,Persistent Zero,Tiny (<10人),9.249806667482119,0.5747610269706545,0.22395534729707325,0.15817677586850185,2.290331577115445,0.07771428571428572,756,0.001871229077744006,99.63115037846264,48.774193548387096,🟢 Top 10%~100% 一般微網格 (低誤差)
48_51-48_51,48_51,48_51,True,Persistent Low Volume,Tiny (<10人),9.243193928772463,0.6205909122485757,0.475954400883003,0.2758960675496697,2.124840028352303,0.3270166666666667,757,0.0018698913255723272,99.63302026978822,48.83870967741936,🟢 Top 10%~100% 一般微網格 (低誤差)
31_37-30_37,31_37,30_37,False,Partial Dissipation,Tiny (<10人),9.22767707894993,0.5740730752062695,0.4752879781829744,1.1962833015496415,2.2304516055144377,0.9978928571428571,758,0.0018667522782790482,99.6348870220665,48.90322580645161,🟢 Top 10%~100% 一般微網格 (低誤差)
50_44-49_44,50_44,49_44,False,Partial Dissipation,Tiny (<10人),9.195370653440815,0.5835831418579284,0.5074763619809508,0.46496154716613597,1.3947509655669172,0.3966851851851852,759,0.0018602167121873647,99.6367472387787,48.96774193548387,🟢 Top 10%~100% 一般微網格 (低誤差)
38_43-39_44,38_43,39_44,False,Temporary Increase,Tiny (<10人),9.191852132923634,0.6063613487986724,0.5517578135450382,0.47396581354503825,1.4877343632713784,0.521408,760,0.0018595049180775989,99.63860674369677,49.03225806451613,🟢 Top 10%~100% 一般微網格 (低誤差)
30_40-30_40,30_40,30_40,True,Persistent Low Volume,Tiny (<10人),9.134685589258295,0.5711731532949873,0.31645800448386935,0.22220800448386932,2.040788212623366,0.13513571428571428,761,0.0018479401683886387,99.64045468386516,49.096774193548384,🟢 Top 10%~100% 一般微網格 (低誤差)
32_70-32_69,32_70,32_69,False,True Stable,Tiny (<10人),9.12638434562228,0.5709135644368056,0.4547014438075235,1.0584885510305662,2.1385824107396054,1.063132142857143,762,0.0018462608329136872,99.64230094469806,49.16129032258065,🟢 Top 10%~100% 一般微網格 (低誤差)
35_38-34_38,35_38,34_38,False,True Stable,Tiny (<10人),9.101931259179201,0.5701482031385474,0.45373436813074336,2.46220655587993,3.2812977106045587,2.4456142857142855,763,0.0018413139915322621,99.6441422586896,49.225806451612904,🟢 Top 10%~100% 一般微網格 (低誤差)
30_69-31_70,30_69,31_70,False,True Stable,Tiny (<10人),9.027946362986688,0.5678262549591672,0.43477428236081056,4.26408172267281,5.698434621490267,4.15605,764,0.0018263469015112352,99.64596860559111,49.29032258064516,🟢 Top 10%~100% 一般微網格 (低誤差)
61_62-60_62,61_62,60_62,False,Delayed Decrease,Tiny (<10人),9.012590285103746,0.5673431276291191,0.4563864760513548,2.236196288229595,3.732450234368185,2.034267857142857,765,0.0018232403782629516,99.64779184596937,49.354838709677416,🟢 Top 10%~100% 一般微網格 (低誤差)
61_64-61_63,61_64,61_63,False,Persistent Decrease,Tiny (<10人),8.97669582062325,0.5766023027864517,0.48694817347642216,0.540682000506328,1.211447409037194,0.680725925925926,766,0.0018159789545294071,99.6496078249239,49.41935483870968,🟢 Top 10%~100% 一般微網格 (低誤差)
30_68-30_69,30_68,30_69,False,True Stable,Tiny (<10人),8.916940814806333,0.5643245271626682,0.47949577157220363,4.744008701082663,6.177164950484499,4.735103571428572,767,0.0018038905608531947,99.65141171548476,49.483870967741936,🟢 Top 10%~100% 一般微網格 (低誤差)
33_50-33_50,33_50,33_50,True,Persistent Low Volume,Tiny (<10人),8.910845258745244,0.6093317808176307,0.5125859781495303,0.24715681148286364,1.9316727530475482,0.4199541666666667,768,0.0018026574343504942,99.65321437291911,49.54838709677419,🟢 Top 10%~100% 一般微網格 (低誤差)
31_48-33_48,31_48,33_48,False,True Stable,Tiny (<10人),8.866067841229672,0.5627124310373077,0.4374170721819693,0.911561540991567,2.3166980558343555,0.8298250000000001,769,0.001793598995758909,99.65500797191487,49.612903225806456,🟢 Top 10%~100% 一般微網格 (低誤差)
41_47-40_48,41_47,40_48,False,True Stable,Tiny (<10人),8.820351429527765,0.5715589930839181,0.5114303937939435,0.19571928268283237,1.1582184282158436,0.4236148148148149,770,0.0017843505993348557,99.65679232251419,49.67741935483871,🟢 Top 10%~100% 一般微網格 (低誤差)
45_42-45_41,45_42,45_41,False,True Stable,Tiny (<10人),8.811360573045324,0.6189528524941672,0.5559541457048448,0.4630193630961491,1.3947276591780036,0.34803913043478263,771,0.0017825317556888676,99.65857485426989,49.74193548387097,🟢 Top 10%~100% 一般微網格 (低誤差)
30_50-31_49,30_50,31_49,False,True Stable,Tiny (<10人),8.80985870273206,0.5821002657067323,0.46989658077176544,0.49156382349609096,1.3008103039591483,0.6358230769230768,772,0.0017822279284303952,99.66035708219832,49.806451612903224,🟢 Top 10%~100% 一般微網格 (低誤差)
42_46-41_48,42_46,41_48,False,True Stable,Tiny (<10人),8.797103306915682,0.5708052566303827,0.5042657658865459,0.30320650662728665,1.3947509655669172,0.3185851851851852,773,0.0017796475212491676,99.66213672971956,49.87096774193549,🟢 Top 10%~100% 一般微網格 (低誤差)
42_47-41_48,42_47,41_48,False,True Stable,Tiny (<10人),8.783865475587183,0.5812408965569064,0.524316879648948,0.4056707258027941,1.3571439471896452,0.5218307692307692,774,0.0017769695177190785,99.66391369923727,49.93548387096774,🟢 Top 10%~100% 一般微網格 (低誤差)
40_45-39_45,40_45,39_45,False,Partial Dissipation,Tiny (<10人),8.768938174026568,0.5698907684169923,0.5270704857837134,0.34722233763556537,1.212049793953167,0.5047518518518518,775,0.0017739497356050722,99.66568764897288,50.0,🟢 Top 10%~100% 一般微網格 (低誤差)
58_47-58_47,58_47,58_47,True,Persistent Zero,Tiny (<10人),8.763519976307379,0.5594487074761118,0.22223865424768025,0.10932793996196603,3.061182318935049,0.12534642857142858,776,0.001772853638196166,99.66746050261108,50.064516129032256,🟢 Top 10%~100% 一般微網格 (低誤差)
49_49-49_49,49_49,49_49,True,Persistent Low Volume,Tiny (<10人),8.73348449671444,0.603237256279071,0.4964702514948905,0.10477025149489054,1.3947509655669172,0.42720833333333336,777,0.0017667774827911154,99.66922728009386,50.12903225806452,🟢 Top 10%~100% 一般微網格 (低誤差)
30_37-30_36,30_37,30_36,False,True Stable,Tiny (<10人),8.718615583238682,0.5790780332443143,0.5031043406915263,0.42837357146075716,1.5442912376211249,0.43137692307692305,778,0.001763769512543682,99.6709910496064,50.193548387096776,🟢 Top 10%~100% 一般微網格 (低誤差)
54_56-54_57,54_56,54_57,False,Delayed Increase,Tiny (<10人),8.70089448275541,0.5676753924675292,0.5093299196695352,0.44696325300286854,1.447936284896472,0.40473703703703706,779,0.0017601845469648342,99.67275123415338,50.25806451612903,🟢 Top 10%~100% 一般微網格 (低誤差)
31_49-30_49,31_49,30_49,False,Temporary Increase,Tiny (<10人),8.681701423165595,0.5568310022915902,0.4434776905277395,0.8425355754792484,1.6419218400904159,0.9708357142857144,780,0.0017563018051426084,99.67450753595853,50.32258064516129,🟢 Top 10%~100% 一般微網格 (低誤差)
42_43-42_44,42_43,42_44,False,True Stable,Tiny (<10人),8.670962797911294,0.5564865162630144,0.438485481587136,1.4969516574444028,2.516083080308018,1.4517928571428569,781,0.0017541293891610412,99.67626166534768,50.38709677419355,🟢 Top 10%~100% 一般微網格 (低誤差)
40_46-38_44,40_46,38_44,False,True Stable,Tiny (<10人),8.579810207469068,0.5858262611890686,0.5053930983291347,0.47670417547535265,1.678222791627462,0.49226400000000003,782,0.0017356892872347149,99.67799735463491,50.45161290322581,🟢 Top 10%~100% 一般微網格 (低誤差)
56_48-56_48,56_48,56_48,True,Persistent Low Volume,Tiny (<10人),8.562037388967115,0.6385264803759443,0.46937284764176435,0.4913490381179547,1.8655120424627294,0.2658714285714286,783,0.00173209385913877,99.67972944849406,50.516129032258064,🟢 Top 10%~100% 一般微網格 (低誤差)
47_40-47_40,47_40,47_40,True,Emergent / Temporary Activity,Tiny (<10人),8.557623137847752,0.7094995393543152,0.4537451913046605,0.3280569560105428,2.3164368564316873,0.2478647058823529,784,0.0017312008593877532,99.68146064935344,50.58064516129033,🟢 Top 10%~100% 一般微網格 (低誤差)
31_69-33_70,31_69,33_70,False,True Stable,Tiny (<10人),8.553460892569804,0.552703126608858,0.48353218064048414,2.1119065538912625,2.97393547401925,2.1273964285714286,785,0.0017303588402328902,99.68319100819367,50.645161290322584,🟢 Top 10%~100% 一般微網格 (低誤差)
40_46-39_45,40_46,39_45,False,Partial Dissipation,Tiny (<10人),8.531906890992934,0.5520063046674419,0.409700542369784,1.174974393883409,2.3164368564316873,1.1482642857142857,786,0.0017259984815851611,99.68491700667525,50.70967741935484,🟢 Top 10%~100% 一般微網格 (低誤差)
33_38-32_38,33_38,32_38,False,Temporary Increase,Tiny (<10人),8.50948069751308,0.56139643012736,0.5099666617027757,0.3594592542953684,1.301767567862456,0.5334481481481481,787,0.0017214616791576959,99.68663846835442,50.77419354838709,🟢 Top 10%~100% 一般微網格 (低誤差)
58_44-58_45,58_44,58_45,False,Partial Recovery,Tiny (<10人),8.480470185975873,0.5503398361134909,0.4557223511105527,1.0369892619475904,2.2365182936071273,1.0020107142857142,788,0.0017155928740355856,99.68835406122845,50.83870967741936,🟢 Top 10%~100% 一般微網格 (低誤差)
36_45-36_45,36_45,36_45,True,Persistent Low Volume,Tiny (<10人),8.455003124689974,0.6501923993976696,0.527247573538308,0.2631825735383079,1.6419218400904159,0.372735,789,0.0017104409062900982,99.69006450213473,50.903225806451616,🟢 Top 10%~100% 一般微網格 (低誤差)
43_45-42_46,43_45,42_46,False,True Stable,Tiny (<10人),8.432324585808162,0.5487754089726951,0.3890043309544469,2.2219243337019434,3.4852871825669816,2.448753571428572,790,0.0017058530545736312,99.69177035518932,50.967741935483865,🟢 Top 10%~100% 一般微網格 (低誤差)
39_38-39_39,39_38,39_39,False,True Stable,Tiny (<10人),8.354659261327116,0.5780885489724603,0.4992767669950873,0.4474327669950873,1.4931993644142167,0.58134,791,0.0016901414166199142,99.69346049660592,51.032258064516135,🟢 Top 10%~100% 一般微網格 (低誤差)
41_46-39_45,41_46,39_45,False,Partial Dissipation,Tiny (<10人),8.335040986156544,0.6019909354422476,0.5300426844915459,0.2483905105785025,1.3063575820288647,0.4237652173913044,792,0.0016861726539988083,99.69514666925991,51.09677419354839,🟢 Top 10%~100% 一般微網格 (低誤差)
30_48-30_49,30_48,30_49,False,Temporary Increase,Tiny (<10人),8.281652969643298,0.5438504577035892,0.41751902197858,0.27701545055000865,1.3571439471896452,0.2884035714285714,793,0.0016753722975704013,99.69682204155748,51.16129032258064,🟢 Top 10%~100% 一般微網格 (低誤差)
32_38-32_37,32_38,32_37,False,True Stable,Tiny (<10人),8.27566210172549,0.5872131250564502,0.5518374143843263,0.38488324771765964,1.539450196796691,0.41789583333333336,794,0.0016741603494019996,99.69849620190689,51.2258064516129,🟢 Top 10%~100% 一般微網格 (低誤差)
40_46-41_47,40_46,41_47,False,Partial Recovery,Tiny (<10人),8.26929859702086,0.543444654726445,0.45010434431209306,3.2397495639810994,4.450882954480131,3.2701999999999996,795,0.0016728730170860145,99.70016907492398,51.29032258064517,🟢 Top 10%~100% 一般微網格 (低誤差)
52_38-52_38,52_38,52_38,True,Persistent Zero,Tiny (<10人),8.244403864702022,0.6265705548650573,0.489615153368958,0.251015153368958,2.422894818074388,0.3867047619047619,796,0.0016678368310691293,99.70183691175505,51.354838709677416,🟢 Top 10%~100% 一般微網格 (低誤差)
31_70-32_70,31_70,32_70,False,True Stable,Tiny (<10人),8.194373720532296,0.5409770829755405,0.45148198742166684,3.30147166869811,4.473036587214255,3.3165857142857145,797,0.00165771576974325,99.7034946275248,51.41935483870967,🟢 Top 10%~100% 一般微網格 (低誤差)
40_48-41_47,40_48,41_47,False,Partial Recovery,Tiny (<10人),8.142319352055003,0.559612481030572,0.4196948287997759,0.2833602134151606,1.3001674930577747,0.25988076923076925,798,0.0016471852093304852,99.70514181273413,51.48387096774194,🟢 Top 10%~100% 一般微網格 (低誤差)
39_44-39_45,39_44,39_45,False,Partial Dissipation,Tiny (<10人),8.107944605723535,0.569489055407513,0.5193566780346197,0.4487726780346197,1.3063575820288647,0.36662400000000006,799,0.0016402312234594463,99.70678204395759,51.54838709677419,🟢 Top 10%~100% 一般微網格 (低誤差)
42_44-42_43,42_44,42_43,False,True Stable,Tiny (<10人),8.107028128650903,0.5380861630634906,0.39715183732548837,1.7307023567488269,2.795647867008909,1.6401249999999998,800,0.0016400458208224997,99.70842208977841,51.61290322580645,🟢 Top 10%~100% 一般微網格 (低誤差)
39_38-39_37,39_38,39_37,False,True Stable,Tiny (<10人),8.067611421342795,0.5367764705477237,0.37979572642011655,2.287653615556632,3.6701782307903414,2.320960714285714,801,0.0016320718499585297,99.71005416162836,51.677419354838705,🟢 Top 10%~100% 一般微網格 (低誤差)
42_46-42_47,42_46,42_47,False,Partial Recovery,Tiny (<10人),8.05390997663143,0.5363204657875281,0.4335117767979652,1.2305528367352694,2.698269048449253,1.2437071428571431,802,0.0016293000577824685,99.71168346168615,51.74193548387097,🟢 Top 10%~100% 一般微網格 (低誤差)
34_38-35_39,34_38,35_39,False,True Stable,Tiny (<10人),8.047421657322694,0.5790589224956117,0.4782135113216766,0.36419684465500995,1.2125828276007742,0.2872333333333333,803,0.00162798747556398,99.71331144916171,51.806451612903224,🟢 Top 10%~100% 一般微網格 (低誤差)
34_38-33_38,34_38,33_38,False,True Stable,Tiny (<10人),8.047212912039388,0.5360974362410847,0.458647949541743,2.208560789040021,3.4688004369248193,2.156564285714286,804,0.0016279452465468762,99.71493939440825,51.87096774193548,🟢 Top 10%~100% 一般微網格 (低誤差)
32_47-31_48,32_47,31_48,False,True Stable,Tiny (<10人),8.026695349548527,0.5354135701075426,0.4460220680121943,2.184606466249947,3.000043621124168,2.0841964285714285,805,0.0016237945587630658,99.71656318896703,51.935483870967744,🟢 Top 10%~100% 一般微網格 (低誤差)
41_47-39_44,41_47,39_44,False,Temporary Increase,Tiny (<10人),8.001150025237202,0.5547400647440205,0.44481839659762473,0.2871491658283939,1.2087841701579949,0.23516153846153845,806,0.0016186267584651635,99.71818181572549,52.0,🟢 Top 10%~100% 一般微網格 (低誤差)
42_45-43_45,42_45,43_45,False,Partial Recovery,Tiny (<10人),7.988250273182485,0.5542926980597916,0.4356393476732056,0.32040473228859023,1.4062704474019536,0.30736538461538465,807,0.0016160171481232164,99.7197978328736,52.064516129032256,🟢 Top 10%~100% 一般微網格 (低誤差)
61_63-61_64,61_63,61_64,False,True Stable,Tiny (<10人),7.963213056376144,0.5430780946630237,0.46631217862762697,0.7154751415905899,1.4917535925577439,0.6891481481481483,808,0.0016109521375994276,99.7214087850112,52.12903225806451,🟢 Top 10%~100% 一般微網格 (低誤差)
53_62-53_62,53_62,53_62,True,Persistent Zero,Tiny (<10人),7.96027065662124,0.5331935676596405,0.1687964282305767,0.1028928568020053,2.8809999904561483,0.07193928571428572,809,0.0016103568922956443,99.7230191419035,52.193548387096776,🟢 Top 10%~100% 一般微網格 (低誤差)
40_37-39_38,40_37,39_38,False,True Stable,Tiny (<10人),7.94452254205997,0.5527735153840123,0.5125244503160571,0.2821936810852878,1.2527482589442878,0.4439846153846154,810,0.0016071710603160108,99.72462631296382,52.25806451612903,🟢 Top 10%~100% 一般微網格 (低誤差)
41_47-42_47,41_47,42_47,False,Partial Recovery,Tiny (<10人),7.938723600719225,0.5324714479508075,0.43025470210675315,3.535658849075255,4.638155028689468,3.593860714285715,811,0.0016059979387528238,99.72623231090256,52.32258064516129,🟢 Top 10%~100% 一般微網格 (低誤差)
43_45-42_45,43_45,42_45,False,Partial Recovery,Tiny (<10人),7.893535330889554,0.5734956891326485,0.4905807694414388,0.23453910277477216,1.492980093747274,0.32173333333333337,812,0.001596856385040627,99.72782916728761,52.38709677419355,🟢 Top 10%~100% 一般微網格 (低誤差)
37_42-38_44,37_42,38_44,False,True Stable,Tiny (<10人),7.803538156056624,0.5586962736964199,0.5212275334475336,0.3664715334475336,1.5769727097544193,0.43774,813,0.0015786500228412719,99.72940781731045,52.45161290322581,🟢 Top 10%~100% 一般微網格 (低誤差)
33_70-31_69,33_70,31_69,False,True Stable,Tiny (<10人),7.738542798435752,0.5257152542161607,0.42874060079771226,2.2078956484035537,3.271331668192968,2.2120142857142855,814,0.0015655015098538483,99.7309733188203,52.516129032258064,🟢 Top 10%~100% 一般微網格 (低誤差)
30_70-31_70,30_70,31_70,False,True Stable,Tiny (<10人),7.708613485929617,0.5246976505545706,0.40223722228976627,1.729038305077804,2.6117168594478213,1.788771428571429,815,0.0015594468319722822,99.73253276565227,52.58064516129032,🟢 Top 10%~100% 一般微網格 (低誤差)
65_64-65_64,65_64,65_64,True,Persistent Zero,Tiny (<10人),7.708569582054525,0.6941077718037796,0.49189131533705555,0.2104600653370555,2.0625299895228655,0.31566875,816,0.0015594379502506795,99.73409220360251,52.645161290322584,🟢 Top 10%~100% 一般微網格 (低誤差)
32_48-31_49,32_48,31_49,False,True Stable,Tiny (<10人),7.69597264445915,0.5242672656894964,0.4098911100994304,2.203223430733566,3.17137047218664,2.1186857142857143,817,0.0015568895990508802,99.73564909320156,52.70967741935484,🟢 Top 10%~100% 一般微網格 (低誤差)
60_57-60_57,60_57,60_57,True,Persistent Zero,Tiny (<10人),7.6373200473458365,0.6179530745673912,0.4529973842914248,0.19893738429142474,1.6022684518692785,0.32784,818,0.001545024221843649,99.7371941174234,52.774193548387096,🟢 Top 10%~100% 一般微網格 (低誤差)
41_48-41_46,41_48,41_46,False,Recovered,Tiny (<10人),7.565639552952728,0.5735336521324441,0.49067503932510276,0.42637069149901585,1.3512548329184844,0.2923826086956521,819,0.0015305233106097968,99.738724640734,52.83870967741936,🟢 Top 10%~100% 一般微網格 (低誤差)
37_43-37_44,37_43,37_44,False,Temporary Increase,Tiny (<10人),7.540578374443596,0.599228804954994,0.5011227914344234,0.2856180295296614,1.4477730352698046,0.32480000000000003,820,0.001525453452651178,99.74025009418666,52.903225806451616,🟢 Top 10%~100% 一般微網格 (低誤差)
30_37-31_37,30_37,31_37,False,True Stable,Tiny (<10人),7.454882553761268,0.5159901215057066,0.41074956542077495,0.991781813380063,1.8552620114757872,0.9468571428571428,821,0.001508117251229191,99.7417582114379,52.96774193548387,🟢 Top 10%~100% 一般微網格 (低誤差)
41_47-42_43,41_47,42_43,False,True Stable,Tiny (<10人),7.417439960274592,0.5446995487523224,0.4462929214141605,0.2969809214141605,1.5806913470684039,0.37495199999999995,822,0.0015005426421376598,99.74325875408005,53.03225806451613,🟢 Top 10%~100% 一般微網格 (低誤差)
38_38-39_38,38_38,39_38,False,True Stable,Tiny (<10人),7.390472925377766,0.5795951928002605,0.5235851119494976,0.2935123846767705,1.3001674930577747,0.4328909090909091,823,0.001495087230835186,99.74475384131088,53.09677419354839,🟢 Top 10%~100% 一般微網格 (低誤差)
31_69-31_68,31_69,31_68,False,Delayed Increase,Tiny (<10人),7.297713569099083,0.6197501011273174,0.40500958720357433,0.32110958720357435,2.1900257344741845,0.2369421052631579,824,0.0014763220813632852,99.74623016339224,53.16129032258065,🟢 Top 10%~100% 一般微網格 (低誤差)
42_46-42_45,42_46,42_45,False,Partial Recovery,Tiny (<10人),7.290004746729517,0.5400001758047683,0.4699776566869205,0.32815765668692043,1.6737011586803008,0.387836,825,0.001474762592274307,99.74770492598452,53.2258064516129,🟢 Top 10%~100% 一般微網格 (低誤差)
34_69-34_70,34_69,34_70,False,True Stable,Tiny (<10人),7.213066644797603,0.5075524830285887,0.408804152204692,1.242599751480252,2.1562813526829956,1.313417857142857,826,0.0014591980709067899,99.74916412405543,53.29032258064517,🟢 Top 10%~100% 一般微網格 (低誤差)
32_37-33_38,32_37,33_38,False,True Stable,Tiny (<10人),7.201831187668381,0.5164634434615506,0.4513962702347947,0.34296664060516513,1.2056566530680273,0.3642740740740741,827,0.0014569251462027677,99.75062104920163,53.35483870967742,🟢 Top 10%~100% 一般微網格 (低誤差)
32_69-30_69,32_69,30_69,False,True Stable,Tiny (<10人),7.161734536120116,0.583982001358331,0.4500520600403048,0.30074253623078095,2.1900257344741845,0.36565238095238095,828,0.0014488136231196908,99.75206986282474,53.41935483870968,🟢 Top 10%~100% 一般微網格 (低誤差)
33_48-33_47,33_48,33_47,False,Temporary Increase,Tiny (<10人),7.1611403489858585,0.5057222681114415,0.43843041211160644,0.9448024176831424,1.8025520083529383,0.9996964285714286,829,0.0014486934194999595,99.75351855624425,53.48387096774193,🟢 Top 10%~100% 一般微網格 (低誤差)
32_38-33_38,32_38,33_38,False,True Stable,Tiny (<10人),7.107747483112991,0.5038334292173282,0.44508442765942463,0.5199629990879959,1.4936945068144207,0.5234928571428571,830,0.0014378920820496718,99.7549564483263,53.5483870967742,🟢 Top 10%~100% 一般微網格 (低誤差)
31_48-32_47,31_48,32_47,False,Partial Dissipation,Tiny (<10人),7.077895295013912,0.5027742782023812,0.39937447262777287,1.8845739306263678,2.689075118331746,1.846667857142857,831,0.0014318530063788626,99.75638830133266,53.61290322580645,🟢 Top 10%~100% 一般微網格 (低誤差)
32_37-32_38,32_37,32_38,False,Temporary Increase,Tiny (<10人),7.0507944311742285,0.5420176208380372,0.46439311494139957,0.44493894827473285,1.3862826964915875,0.3579458333333334,832,0.0014263705215797938,99.75781467185425,53.677419354838705,🟢 Top 10%~100% 一般微網格 (低誤差)
63_64-63_64,63_64,63_64,True,Persistent Low Volume,Tiny (<10人),7.0340453419147995,0.5012144302276079,0.3142003760741227,0.1692003760741227,1.983518076661789,0.18564285714285714,833,0.0014229821931557895,99.75923765404741,53.741935483870975,🟢 Top 10%~100% 一般微網格 (低誤差)
52_47-52_47,52_47,52_47,True,Persistent Low Volume,Tiny (<10人),6.995482963673652,0.5398874482887479,0.4776707153151378,0.18113058526947132,1.3936527401199357,0.4763,834,0.0014151810524329813,99.76065283509983,53.80645161290323,🟢 Top 10%~100% 一般微網格 (低誤差)
54_37-54_37,54_37,54_37,True,Persistent Low Volume,Tiny (<10人),6.995064655905689,0.577146703142182,0.44425322544839396,0.17818655878172734,1.9407957750882225,0.3690095238095238,835,0.001415096429079543,99.76206793152892,53.87096774193548,🟢 Top 10%~100% 一般微網格 (低誤差)
34_70-32_70,34_70,32_70,False,True Stable,Tiny (<10人),6.991925482334875,0.4997115411606007,0.40831404951019096,1.0985865676821132,2.4163225726406408,1.0240607142857143,836,0.0014144613765776951,99.7634823929055,53.93548387096774,🟢 Top 10%~100% 一般微網格 (低誤差)
31_70-33_70,31_70,33_70,False,True Stable,Tiny (<10人),6.963518628091864,0.517520665811516,0.4536936058512025,0.8307402499279667,1.9026937865947682,0.7618423076923077,837,0.0014087146908816984,99.76489110759637,54.0,🟢 Top 10%~100% 一般微網格 (低誤差)
32_58-32_58,32_58,32_58,True,Persistent Zero,Tiny (<10人),6.950055201490563,0.49821306405602367,0.21481012220157325,0.1369172650587161,2.1461588847617064,0.09167142857142856,838,0.001405991049594038,99.76629709864598,54.064516129032256,🟢 Top 10%~100% 一般微網格 (低誤差)
40_47-40_46,40_47,40_46,False,Partial Dissipation,Tiny (<10人),6.945685351163071,0.4980564135848135,0.38940164864016086,2.3027910317243787,3.090676404876077,2.3244857142857143,839,0.0014051070320905224,99.76770220567805,54.12903225806451,🟢 Top 10%~100% 一般微網格 (低誤差)
34_39-33_39,34_39,33_39,False,True Stable,Tiny (<10人),6.773271865237247,0.5205102060569896,0.4023707830561124,0.2987707830561124,1.301767567862456,0.286576,840,0.0013702279108442582,99.7690724335889,54.19354838709678,🟢 Top 10%~100% 一般微網格 (低誤差)
32_48-30_49,32_48,30_49,False,Temporary Increase,Tiny (<10人),6.7153815368166825,0.4987161865198624,0.41993101278703465,0.5249519734124749,1.3514071992367074,0.6314185185185186,841,0.0013585167400322745,99.77043095032893,54.25806451612903,🟢 Top 10%~100% 一般微網格 (低誤差)
33_54-33_54,33_54,33_54,True,Persistent Low Volume,Tiny (<10人),6.699199781064905,0.48913917757426906,0.2574959196006478,0.12889949102921924,2.4004015786601443,0.15134642857142855,842,0.0013552431827591129,99.77178619351167,54.32258064516129,🟢 Top 10%~100% 一般微網格 (低誤差)
39_44-38_44,39_44,38_44,False,True Stable,Tiny (<10人),6.590016510299498,0.48513681834168837,0.37508611446179435,1.8726003794282262,2.694037844394209,1.8697714285714286,843,0.0013331554874802835,99.77311934899916,54.387096774193544,🟢 Top 10%~100% 一般微網格 (低誤差)
31_48-33_47,31_48,33_47,False,Temporary Increase,Tiny (<10人),6.586934574587424,0.5238851088497133,0.4199574383464104,0.1241699383464104,1.026101436738598,0.3148958333333333,844,0.001332532014155112,99.77445188101332,54.45161290322581,🟢 Top 10%~100% 一般微網格 (低誤差)
31_47-32_47,31_47,32_47,False,Partial Dissipation,Tiny (<10人),6.561214580877112,0.5023488896741108,0.4016997450740179,0.5437805143047871,1.5842004579717153,0.4887115384615385,845,0.0013273288783664124,99.7757792098917,54.516129032258064,🟢 Top 10%~100% 一般微網格 (低誤差)
42_43-41_43,42_43,41_43,False,True Stable,Tiny (<10人),6.541465368572812,0.4833464214859925,0.3794117741202265,0.2529724884059408,1.114429279763807,0.23201785714285714,846,0.0013233336272595686,99.77710254351895,54.58064516129032,🟢 Top 10%~100% 一般微網格 (低誤差)
54_62-54_62,54_62,54_62,True,Persistent Low Volume,Tiny (<10人),6.5399950306640475,0.4832920970749931,0.27006378517478485,0.18829592803192766,1.9011842904018321,0.11803214285714288,847,0.0013230361789833079,99.77842557969794,54.645161290322584,🟢 Top 10%~100% 一般微網格 (低誤差)
38_44-38_43,38_44,38_43,False,Partial Dissipation,Tiny (<10人),6.539570882497744,0.48327642498506795,0.40462261133456234,2.434135578778015,3.484131850299839,2.5129249999999996,848,0.0013229503741215855,99.77974853007206,54.70967741935484,🟢 Top 10%~100% 一般微網格 (低誤差)
42_49-41_48,42_49,41_48,False,True Stable,Tiny (<10人),6.482506426191187,0.481163264027591,0.4269235636837053,1.0187092014294377,1.6716439196457102,0.9019999999999999,849,0.0013114062766301355,99.78105993634868,54.774193548387096,🟢 Top 10%~100% 一般微網格 (低誤差)
41_46-42_45,41_46,42_45,False,Partial Recovery,Tiny (<10人),6.449921837683299,0.5184078927223275,0.467707392014918,0.37220739201491804,1.1590036518285287,0.447525,850,0.001304814438368625,99.78236475078704,54.83870967741935,🟢 Top 10%~100% 一般微網格 (低誤差)
59_57-59_57,59_57,59_57,True,Persistent Zero,Tiny (<10人),6.401639820976369,0.4781526885904741,0.305739250500661,0.19259282192923238,1.4877343632713784,0.1587107142857143,851,0.0012950470219412367,99.783659797809,54.903225806451616,🟢 Top 10%~100% 一般微網格 (低誤差)
34_48-33_48,34_48,33_48,False,True Stable,Tiny (<10人),6.385956084676058,0.48633002377504847,0.39786375751741343,0.45778597973963564,1.400872635032929,0.35695185185185185,852,0.0012918742136363904,99.78495167202263,54.96774193548387,🟢 Top 10%~100% 一般微網格 (低誤差)
31_69-30_70,31_69,30_70,False,True Stable,Tiny (<10人),6.371261857760466,0.4770168407389702,0.3629884666041615,2.3923426516180752,3.262456940936731,2.362467857142857,853,0.001288901582351448,99.78624057360499,55.03225806451613,🟢 Top 10%~100% 一般微網格 (低誤差)
60_62-61_62,60_62,61_62,False,Temporary Increase,Tiny (<10人),6.338338120327528,0.4757827430488899,0.4044258622570721,2.3618577733107706,3.157549625997453,2.1346535714285713,854,0.001282241134512132,99.78752281473948,55.09677419354839,🟢 Top 10%~100% 一般微網格 (低誤差)
38_44-37_44,38_44,37_44,False,Temporary Increase,Tiny (<10人),6.328779804085295,0.47542386366894057,0.4070040897880367,0.3271790897880368,1.4887001646616567,0.39002499999999996,855,0.0012803074941745867,99.78880312223366,55.16129032258065,🟢 Top 10%~100% 一般微網格 (低誤差)
34_52-34_52,34_52,34_52,True,Persistent Low Volume,Tiny (<10人),6.315331142041733,0.47491845698730717,0.17612046957494779,0.1246347552892335,2.2895723587684658,0.06131428571428571,856,0.0012775868397460854,99.79008070907341,55.225806451612904,🟢 Top 10%~100% 一般微網格 (低誤差)
31_37-31_36,31_37,31_36,False,True Stable,Tiny (<10人),6.301328566849863,0.47439166183235826,0.4188064534631305,0.27583859632027335,1.2081612863203204,0.42563928571428583,857,0.001274754129095555,99.7913554632025,55.29032258064516,🟢 Top 10%~100% 一般微網格 (低誤差)
30_63-30_63,30_63,30_63,True,Persistent Zero,Tiny (<10人),6.286253887025824,0.47382387803252324,0.3429464947295317,0.2187107804438175,1.3978239335044544,0.19305,858,0.00127170453246738,99.79262716773498,55.35483870967742,🟢 Top 10%~100% 一般微網格 (低誤差)
44_41-45_41,44_41,45_41,False,True Stable,Tiny (<10人),6.272226980379921,0.500888290155796,0.39501104977338686,0.3616190497733869,1.5857931295051062,0.33679999999999993,859,0.0012688668995816154,99.79389603463456,55.41935483870968,🟢 Top 10%~100% 一般微網格 (低誤差)
42_45-41_46,42_45,41_46,False,Recovered,Tiny (<10人),6.26496571416516,0.5219097754012227,0.44882454551713,0.3244357872357219,1.21304632616966,0.5159739130434782,860,0.0012673979507731967,99.79516343258533,55.483870967741936,🟢 Top 10%~100% 一般微網格 (低誤差)
42_47-43_45,42_47,43_45,False,Partial Recovery,Tiny (<10人),6.250688545278223,0.48115172571492737,0.3754914283420128,0.32092476167534617,1.3940322534465235,0.3192037037037037,861,0.001264509690020351,99.79642794227536,55.5483870967742,🟢 Top 10%~100% 一般微網格 (低誤差)
32_48-33_47,32_48,33_47,False,Temporary Increase,Tiny (<10人),6.2357506905843,0.4719167106668105,0.36931481452921694,1.7983630454935011,2.625038168483647,1.756778571428571,862,0.0012614877730152477,99.79768943004838,55.612903225806456,🟢 Top 10%~100% 一般微網格 (低誤差)
59_45-59_45,59_45,59_45,True,Persistent Low Volume,Tiny (<10人),6.233058055173011,0.544804816738593,0.3335312700789701,0.15925031769801778,2.2254414772400657,0.2485,863,0.0012609430548542638,99.79895037310322,55.67741935483871,🟢 Top 10%~100% 一般微網格 (低誤差)
41_46-40_46,41_46,40_46,False,Partial Dissipation,Tiny (<10人),6.213978319829023,0.47109213232312724,0.41256435189856183,2.027434796541596,2.518612617449286,1.9416500000000003,864,0.0012570832384435225,99.80020745634167,55.74193548387096,🟢 Top 10%~100% 一般微網格 (低誤差)
34_38-35_40,34_38,35_40,False,True Stable,Tiny (<10人),6.176521686123291,0.4696701610904071,0.32348765531331924,0.24253408388474787,1.400872635032929,0.15549642857142856,865,0.0012495057890260148,99.8014569621307,55.80645161290323,🟢 Top 10%~100% 一般微網格 (低誤差)
34_38-34_37,34_38,34_37,False,True Stable,Tiny (<10人),6.168564582779992,0.46936752972103674,0.40201403125817986,4.5957407000932315,6.133741915164704,4.423760714285715,866,0.001247896072878872,99.80270485820357,55.87096774193549,🟢 Top 10%~100% 一般微網格 (低誤差)
30_70-31_69,30_70,31_69,False,True Stable,Tiny (<10人),6.141633730893194,0.46834182155516935,0.39245057668384103,2.0370086957875713,2.7993376757761386,1.9533535714285717,867,0.0012424479813726837,99.80394730618495,55.93548387096774,🟢 Top 10%~100% 一般微網格 (低誤差)
41_46-42_43,41_46,42_43,False,True Stable,Tiny (<10人),6.139163563270916,0.5406857886615107,0.39261182355310015,0.30431182355310016,1.2187677210816932,0.19966190476190476,868,0.0012419482682816028,99.80518925445323,56.00000000000001,🟢 Top 10%~100% 一般微網格 (低誤差)
39_38-40_37,39_38,40_37,False,True Stable,Tiny (<10人),6.134221173090804,0.5055616172918822,0.4816507937849326,0.2752799604515992,1.3008103039591483,0.4887875000000001,869,0.0012409484263874913,99.80643020287961,56.06451612903226,🟢 Top 10%~100% 一般微網格 (低誤差)
42_44-41_47,42_44,41_47,False,Partial Recovery,Tiny (<10人),6.113047432157594,0.5046883292421503,0.4350313997678656,0.40196626972219907,1.3048310558700225,0.4321333333333333,870,0.0012366649941879697,99.8076668678738,56.12903225806451,🟢 Top 10%~100% 一般微網格 (低誤差)
33_38-32_37,33_38,32_37,False,True Stable,Tiny (<10人),6.105608048288579,0.48459372548592694,0.37098378620044453,0.2251607092773676,1.400872635032929,0.2722538461538461,871,0.001235160012309252,99.8089020278861,56.19354838709677,🟢 Top 10%~100% 一般微網格 (低誤差)
55_44-58_44,55_44,58_44,False,Persistent Decrease,Tiny (<10人),6.075735818541607,0.46582246075936967,0.3775558422262802,0.3701685704168311,1.5769727097544193,0.4104607142857143,872,0.001229116882227832,99.81013114476833,56.25806451612904,🟢 Top 10%~100% 一般微網格 (低誤差)
35_54-35_54,35_54,35_54,True,Persistent Zero,Tiny (<10人),6.060983388272981,0.46525658774306544,0.21282208491230828,0.15288279919802258,1.9540410127777614,0.076475,873,0.0012261324764474288,99.81135727724478,56.32258064516129,🟢 Top 10%~100% 一般微網格 (低誤差)
42_44-41_46,42_44,41_46,False,Recovered,Tiny (<10人),6.01593485164361,0.5484493983789029,0.4771749444803121,0.42727494448031206,1.0006233107378064,0.25973,874,0.0012170191906587607,99.81257429643544,56.387096774193544,🟢 Top 10%~100% 一般微網格 (低誤差)
40_46-41_46,40_46,41_46,False,Recovered,Tiny (<10人),6.013862845245466,0.4634445122143791,0.334196869996611,1.744501012969893,2.519403908198525,1.7417785714285716,875,0.001216600025290136,99.81379089646073,56.451612903225815,🟢 Top 10%~100% 一般微網格 (低誤差)
40_38-39_38,40_38,39_38,False,True Stable,Tiny (<10人),6.006158630251367,0.46314756327343476,0.38495456515223386,2.0870473246313765,2.791312808740606,2.0648285714285715,876,0.0012150414682698223,99.815005937929,56.516129032258064,🟢 Top 10%~100% 一般微網格 (低誤差)
33_38-34_38,33_38,34_38,False,True Stable,Tiny (<10人),6.002407787238402,0.46300292297898704,0.36801518334522415,1.879884826567915,3.1634878499060206,1.7845999999999995,877,0.0012142826754902298,99.81622022060449,56.58064516129032,🟢 Top 10%~100% 一般微網格 (低誤差)
38_44-38_45,38_44,38_45,False,Partial Dissipation,Tiny (<10人),5.951139421677962,0.4610213591921266,0.3546817284101458,1.7540595555511729,2.6036862342875775,1.8793250000000004,878,0.001203911122888772,99.81742413172738,56.64516129032258,🟢 Top 10%~100% 一般微網格 (低誤差)
30_64-30_64,30_64,30_64,True,Persistent Low Volume,Tiny (<10人),5.903706841089831,0.4591804360989974,0.1956559112203042,0.12656305407744703,1.9574741645620386,0.08171428571428571,879,0.0011943155467627354,99.81861844727416,56.70967741935484,🟢 Top 10%~100% 一般微網格 (低誤差)
31_49-32_48,31_49,32_48,False,True Stable,Tiny (<10人),5.842912564890348,0.45681007951454383,0.3386429954974842,1.8112558583245062,2.7016829389920773,1.7190071428571427,880,0.0011820169094533958,99.8198004641836,56.774193548387096,🟢 Top 10%~100% 一般微網格 (低誤差)
57_44-58_44,57_44,58_44,False,Persistent Decrease,Tiny (<10人),5.827711321010405,0.45621546135454794,0.3821259804121088,1.7857532660215234,2.795647867008909,1.9494285714285715,881,0.001178941709009907,99.8209794058926,56.83870967741935,🟢 Top 10%~100% 一般微網格 (低誤差)
30_69-32_69,30_69,32_69,False,True Stable,Tiny (<10人),5.823214617537236,0.4925788692152606,0.4333385573964869,0.3795260573964869,1.1165948644444352,0.40838750000000007,882,0.0011780320292084287,99.82215743792182,56.903225806451616,🟢 Top 10%~100% 一般微網格 (低誤差)
56_60-56_61,56_60,56_61,False,True Stable,Tiny (<10人),5.738119820205,0.4889665896990049,0.4300458620369301,0.28066669537026345,1.400872635032929,0.41304583333333333,883,0.0011608174143676025,99.82331825533618,56.96774193548387,🟢 Top 10%~100% 一般微網格 (低誤差)
45_41-44_41,45_41,44_41,False,True Stable,Tiny (<10人),5.737209090541913,0.4790494375549109,0.403207394468358,0.388331394468358,1.3914465086068404,0.313756,884,0.0011606331744273748,99.82447888851061,57.03225806451613,🟢 Top 10%~100% 一般微網格 (低誤差)
48_47-48_47,48_47,48_47,True,Persistent Low Volume,Tiny (<10人),5.699537525558625,0.45117060146589094,0.32498273717161813,0.1528291657430467,1.677639928975743,0.21901785714285715,885,0.0011530122445706822,99.82563190075518,57.096774193548384,🟢 Top 10%~100% 一般微網格 (低誤差)
34_51-34_51,34_51,34_51,True,Persistent Low Volume,Tiny (<10人),5.683241689530442,0.45052515743655214,0.1979102570712446,0.14474954278553034,2.0282563906999256,0.07058928571428572,886,0.0011497156089416065,99.82678161636413,57.16129032258065,🟢 Top 10%~100% 一般微網格 (低誤差)
39_37-40_37,39_37,40_37,False,True Stable,Tiny (<10人),5.665383427362311,0.4963073831618567,0.4220727150097982,0.2023683671837113,1.3514071992367074,0.34225217391304347,887,0.0011461028956549102,99.82792771925976,57.225806451612904,🟢 Top 10%~100% 一般微網格 (低誤差)
31_48-30_48,31_48,30_48,False,True Stable,Tiny (<10人),5.6419162095637,0.4488841804791274,0.3588868740666437,1.8537145451932862,3.061182318935049,1.863082142857143,888,0.001141355494774318,99.82906907475454,57.29032258064516,🟢 Top 10%~100% 一般微網格 (低誤差)
31_66-31_66,31_66,31_66,True,Persistent Low Volume,Tiny (<10人),5.641485976850771,0.4488670649873798,0.26508011349314653,0.1505551134931465,1.9026937865947682,0.146475,889,0.001141268459013294,99.83021034321355,57.35483870967742,🟢 Top 10%~100% 一般微網格 (低誤差)
56_61-56_60,56_61,56_60,False,Recovered,Tiny (<10人),5.6056844374368415,0.46433096773069604,0.41279062981136855,0.21200601442675313,1.2087841701579949,0.3402615384615384,890,0.0011340258339522906,99.83134436904751,57.41935483870968,🟢 Top 10%~100% 一般微網格 (低誤差)
39_38-40_38,39_38,40_38,False,True Stable,Tiny (<10人),5.595558592307194,0.44703621586699827,0.35118187888288765,1.8620154508663138,2.6034916304656064,1.7887785714285713,891,0.0011319773829387206,99.83247634643044,57.483870967741936,🟢 Top 10%~100% 一般微網格 (低誤差)
31_49-30_50,31_49,30_50,False,True Stable,Tiny (<10人),5.584390035584575,0.4547848508659963,0.3702705235480548,0.20916681984435115,0.9652908565976481,0.2857407407407407,892,0.0011297179921376927,99.83360606442258,57.54838709677419,🟢 Top 10%~100% 一般微網格 (低誤差)
32_48-30_50,32_48,30_50,False,True Stable,Tiny (<10人),5.55601160353384,0.44545368540454827,0.2905395260392914,0.20159309746786278,1.5453382024380384,0.13913928571428572,893,0.0011239770562302641,99.83473004147882,57.612903225806456,🟢 Top 10%~100% 一般微網格 (低誤差)
31_47-31_48,31_47,31_48,False,True Stable,Tiny (<10人),5.546295935083782,0.4450640377311602,0.3929736927500813,2.002623471570773,3.088930741112474,2.0164464285714283,894,0.001122011583656942,99.83585205306247,57.67741935483871,🟢 Top 10%~100% 一般微網格 (低誤差)
39_39-39_38,39_39,39_38,False,True Stable,Tiny (<10人),5.5441912672911355,0.5138181662477929,0.4347029773717003,0.2922125011812241,1.1165251234962426,0.3648904761904762,895,0.0011215858109122601,99.83697363887337,57.74193548387097,🟢 Top 10%~100% 一般微網格 (低誤差)
40_37-39_37,40_37,39_37,False,True Stable,Tiny (<10人),5.505986404883413,0.5120447527355124,0.4713045607198915,0.3376426559579867,1.398518993022885,0.39103333333333334,896,0.0011138569953792973,99.83808749586875,57.80645161290323,🟢 Top 10%~100% 一般微網格 (低誤差)
60_61-61_62,60_61,61_62,False,Temporary Increase,Tiny (<10人),5.481178454222122,0.4881722100911825,0.4195090578963394,0.3131307970267742,1.2096444364814714,0.2827260869565218,897,0.0011088383652278324,99.83919633423397,57.87096774193549,🟢 Top 10%~100% 一般微網格 (低誤差)
41_47-38_43,41_47,38_43,False,Partial Dissipation,Tiny (<10人),5.478238995251929,0.4423249853756499,0.28583563455658795,0.20066063455658797,1.4887001646616567,0.133675,898,0.0011082437148426305,99.84030457794883,57.935483870967744,🟢 Top 10%~100% 一般微網格 (低誤差)
39_38-38_38,39_38,38_38,False,True Stable,Tiny (<10人),5.463682862502537,0.4771304356297892,0.39209493260053474,0.30434493260053475,1.5442912376211249,0.328825,899,0.0011052990199058252,99.84140987696874,57.99999999999999,🟢 Top 10%~100% 一般微網格 (低誤差)
46_36-46_35,46_36,46_35,False,True Stable,Tiny (<10人),5.462611489381141,0.4873446905060087,0.4364000883270798,0.33210878397925386,1.39114229200157,0.3953608695652174,900,0.0011050822819122714,99.84251495925065,58.06451612903226,🟢 Top 10%~100% 一般微網格 (低誤差)
31_48-30_47,31_48,30_47,False,True Stable,Tiny (<10人),5.407481459542175,0.4560483046084455,0.3815121720270121,0.3853737104885505,1.544465370556237,0.3943923076923077,901,0.0010939295174708012,99.84360888876813,58.12903225806452,🟢 Top 10%~100% 一般微網格 (低誤差)
32_66-32_66,32_66,32_66,True,Persistent Zero,Tiny (<10人),5.403814650349374,0.439310118674292,0.23321523282918205,0.11792594711489633,2.090479110179903,0.13555357142857144,902,0.0010931877246711495,99.84470207649281,58.19354838709677,🟢 Top 10%~100% 一般微網格 (低誤差)
32_69-32_70,32_69,32_70,False,True Stable,Tiny (<10人),5.391937606924609,0.43882707328434906,0.3469296581591227,1.1200403726939625,1.79183923729706,1.044082142857143,903,0.0010907850075319709,99.84579286150034,58.25806451612904,🟢 Top 10%~100% 一般微網格 (低誤差)
41_46-42_46,41_46,42_46,False,True Stable,Tiny (<10人),5.3821672787630135,0.4384293101012088,0.379778483389389,1.8679677706869788,2.801745270065858,2.026310714285714,904,0.0010888084773392533,99.84688166997768,58.322580645161295,🟢 Top 10%~100% 一般微網格 (低誤差)
64_60-64_60,64_60,64_60,True,Emergent / Temporary Activity,Tiny (<10人),5.373096330138311,0.5463564328113568,0.2946182677351131,0.24159604551289085,1.9305817131952963,0.24344444444444446,905,0.0010869734311118617,99.84796864340879,58.387096774193544,🟢 Top 10%~100% 一般微網格 (低誤差)
61_64-61_65,61_64,61_65,False,Persistent Increase,Tiny (<10人),5.33958624335787,0.4366915486832239,0.3064925119360527,0.22458179765033842,1.1590036518285287,0.1469035714285714,906,0.0010801943652313036,99.84904883777402,58.4516129032258,🟢 Top 10%~100% 一般微網格 (低誤差)
38_36-38_36,38_36,38_36,True,Persistent Low Volume,Tiny (<10人),5.33048953567075,0.49223467867890514,0.336197433352354,0.22190197880689946,1.4936945068144207,0.21155,907,0.0010783541079645526,99.850127191882,58.51612903225807,🟢 Top 10%~100% 一般微網格 (低誤差)
41_47-43_45,41_47,43_45,False,Partial Recovery,Tiny (<10人),5.289695877672749,0.4346466494946026,0.39318659459051863,1.801041032672546,2.625038168483647,1.7435142857142856,908,0.0010701015809899338,99.85119729346299,58.58064516129032,🟢 Top 10%~100% 一般微網格 (低誤差)
53_58-53_58,53_58,53_58,True,Persistent Low Volume,Tiny (<10人),5.277681009099201,0.4341527467007765,0.3070951340830498,0.17279870551162116,1.4887001646616567,0.18407500000000002,909,0.0010676709819246438,99.85226496444491,58.64516129032258,🟢 Top 10%~100% 一般微網格 (低誤差)
34_39-34_37,34_39,34_37,False,True Stable,Tiny (<10人),5.2676367911572575,0.4893240602726311,0.3950264154730958,0.19976277910945947,1.447936284896472,0.32256363636363633,910,0.0010656390440310405,99.85333060348894,58.70967741935483,🟢 Top 10%~100% 一般微網格 (低誤差)
57_46-57_46,57_46,57_46,True,Persistent Zero,Tiny (<10人),5.251993122168338,0.43309488906541427,0.21934805626295573,0.1492551991200986,1.4877095031232037,0.09114285714285715,911,0.0010624743413137848,99.85439307783027,58.774193548387096,🟢 Top 10%~100% 一般微網格 (低誤差)
34_70-34_69,34_70,34_69,False,True Stable,Tiny (<10人),5.2092055933838655,0.4392420067521989,0.3480327786697732,1.1494058323823213,2.040788212623366,1.1843370370370372,912,0.0010538184557472483,99.855446896286,58.83870967741935,🟢 Top 10%~100% 一般微網格 (低誤差)
32_47-33_48,32_47,33_48,False,True Stable,Tiny (<10人),5.20637499091009,0.43912265184916205,0.34350352398921563,1.1947781691400425,1.9480251120495766,1.081188888888889,913,0.0010532458269511154,99.85650014211296,58.90322580645161,🟢 Top 10%~100% 一般微網格 (低誤差)
51_40-51_40,51_40,51_40,True,Persistent Low Volume,Tiny (<10人),5.201174404042691,0.43099446483198645,0.27078453070622616,0.1407809592776547,1.952618722849205,0.16720357142857142,914,0.0010521937520572883,99.85755233586502,58.96774193548387,🟢 Top 10%~100% 一般微網格 (低誤差)
59_61-60_62,59_61,60_62,False,Delayed Decrease,Tiny (<10人),5.199908964342473,0.4560661778445086,0.34134791109411894,0.31143591109411894,1.298174195056705,0.233136,915,0.0010519377545377398,99.85860427361956,59.03225806451613,🟢 Top 10%~100% 一般微網格 (低誤差)
62_53-62_53,62_53,62_53,True,Persistent Low Volume,Tiny (<10人),5.1787578417607705,0.5519355163614874,0.38721441276899043,0.16236147159251987,1.7373276423237654,0.24593529411764703,916,0.0010476588980140734,99.85965193251758,59.096774193548384,🟢 Top 10%~100% 一般微網格 (低誤差)
57_49-57_49,57_49,57_49,True,Persistent Zero,Tiny (<10人),5.177638130552731,0.4300181944054698,0.21250765407462247,0.11937908264605104,1.679075078299524,0.10905000000000001,917,0.0010474323812611854,99.86069936489884,59.16129032258064,🟢 Top 10%~100% 一般微網格 (低誤差)
46_35-46_36,46_35,46_36,False,Partial Dissipation,Tiny (<10人),5.172127386944281,0.42978929168606567,0.326987819103914,0.2205092476753426,1.3936527401199357,0.18747857142857144,918,0.0010463175618870275,99.86174568246072,59.225806451612904,🟢 Top 10%~100% 一般微網格 (低誤差)
59_44-58_44,59_44,58_44,False,Persistent Decrease,Tiny (<10人),5.163884343116843,0.44565786908089566,0.3715483307188039,0.2684095611302339,1.1157821273424027,0.44285,919,0.0010446500001904955,99.86279033246092,59.29032258064516,🟢 Top 10%~100% 一般微網格 (低誤差)
60_55-60_55,60_55,60_55,True,Persistent Decrease,Tiny (<10人),5.137370591583495,0.4283427612648333,0.19107330351696822,0.11083401780268251,2.137516121951336,0.09448928571428572,920,0.0010392862877786784,99.8638296187487,59.354838709677416,🟢 Top 10%~100% 一般微網格 (低誤差)
36_37-35_37,36_37,35_37,False,True Stable,Tiny (<10人),5.13209599057634,0.42812281242720945,0.2849194860346626,0.19872662889180545,1.21304632616966,0.1392857142857143,921,0.0010382192398788793,99.86486783798858,59.41935483870968,🟢 Top 10%~100% 一般微網格 (低誤差)
50_55-50_55,50_55,50_55,True,Persistent Zero,Tiny (<10人),5.098842712755133,0.42673355323379536,0.11844588736485614,0.08215660165057041,2.3003848462159717,0.04001785714285714,922,0.001031492126261673,99.86589933011484,59.483870967741936,🟢 Top 10%~100% 一般微網格 (低誤差)
33_47-32_47,33_47,32_47,False,Partial Dissipation,Tiny (<10人),5.084618286086398,0.42613790047045963,0.3715000475054912,1.115686827756773,1.7924334081773048,1.2282642857142858,923,0.0010286145352207331,99.86692794465006,59.54838709677419,🟢 Top 10%~100% 一般微網格 (低誤差)
49_44-50_44,49_44,50_44,False,True Stable,Tiny (<10人),5.0526108527536575,0.4247945239740561,0.28865823222882503,0.21634394651453923,1.1483525706989306,0.1272642857142857,924,0.0010221394550261674,99.86795008410509,59.61290322580645,🟢 Top 10%~100% 一般微網格 (低誤差)
39_44-40_45,39_44,40_45,False,True Stable,Tiny (<10人),5.023093868473641,0.4482451948866219,0.39044337164517423,0.2521713716451742,1.2125828276007742,0.31807199999999997,925,0.0010161681908411272,99.86896625229593,59.67741935483871,🟢 Top 10%~100% 一般微網格 (低誤差)
39_45-39_44,39_45,39_44,False,Temporary Increase,Tiny (<10人),5.012530026244812,0.4668362540523181,0.3710316902593313,0.3066229946071574,1.3914465086068404,0.28813043478260864,926,0.0010140311333369117,99.86998028342927,59.74193548387097,🟢 Top 10%~100% 一般微網格 (低誤差)
39_45-40_45,39_45,40_45,False,True Stable,Tiny (<10人),4.959903507431694,0.46437913237352374,0.3733947685276018,0.21634259461455832,1.0950128672370922,0.21393913043478263,927,0.0010033848273325126,99.8709836682566,59.806451612903224,🟢 Top 10%~100% 一般微網格 (低誤差)
38_44-39_44,38_44,39_44,False,Temporary Increase,Tiny (<10人),4.937284272439812,0.419918541098824,0.3330051375863734,1.8165868585391618,2.702459604775279,1.7648357142857143,928,0.00099880897274931,99.87198247722935,59.87096774193549,🟢 Top 10%~100% 一般微網格 (低誤差)
43_45-41_47,43_45,41_47,False,Partial Recovery,Tiny (<10人),4.9348937315691455,0.419816870431499,0.32596071638033347,1.4690940798088064,2.143330031373497,1.522732142857143,929,0.000998325368091447,99.87298080259744,59.935483870967744,🟢 Top 10%~100% 一般微網格 (低誤差)
58_44-57_44,58_44,57_44,False,Partial Recovery,Tiny (<10人),4.922266493387473,0.4192794198463543,0.33186730123203956,1.9454456868173478,2.78228458400314,1.9166500000000002,930,0.0009957708871053512,99.87397657348454,60.0,🟢 Top 10%~100% 一般微網格 (低誤差)
59_58-59_58,59_58,59_58,True,Persistent Low Volume,Tiny (<10人),4.9162925076369834,0.4190249100862017,0.2710081153548694,0.11282954392629803,1.86469199069718,0.18548571428571425,931,0.0009945623541869667,99.87497113583873,60.064516129032256,🟢 Top 10%~100% 一般微網格 (低誤差)
61_62-60_61,61_62,60_61,False,Temporary Increase,Tiny (<10人),4.915475486611621,0.4434174325220704,0.3849979589040186,0.2538979589040186,1.211447409037194,0.333356,932,0.0009943970714351488,99.87596553291016,60.12903225806452,🟢 Top 10%~100% 一般微網格 (低誤差)
43_45-42_43,43_45,42_43,False,True Stable,Tiny (<10人),4.824452372773417,0.43929272121324375,0.35842790671572117,0.22584790671572122,1.3470189221971045,0.289148,933,0.0009759831625304761,99.87694151607269,60.193548387096776,🟢 Top 10%~100% 一般微網格 (低誤差)
34_39-35_38,34_39,35_38,False,True Stable,Tiny (<10人),4.747036091294994,0.4117487137327031,0.31416979654336785,0.16737693940051065,1.3514071992367074,0.20772142857142858,934,0.000960321905792807,99.87790183797848,60.258064516129025,🟢 Top 10%~100% 一般微網格 (低誤差)
42_46-41_46,42_46,41_46,False,Recovered,Tiny (<10人),4.74498059054128,0.4116595590039559,0.32797736861790516,1.7218274193250847,2.5173341874411927,1.7986785714285713,935,0.000959906079503897,99.87886174405799,60.322580645161295,🟢 Top 10%~100% 一般微網格 (低誤差)
37_44-37_43,37_44,37_43,False,Temporary Increase,Tiny (<10人),4.731124820885953,0.4990055806504706,0.45079541944121576,0.2615322615464789,1.1165948644444352,0.40598947368421046,936,0.0009571030675053091,99.87981884712549,60.38709677419355,🟢 Top 10%~100% 一般微網格 (低誤差)
31_70-30_70,31_70,30_70,False,True Stable,Tiny (<10人),4.718361475097211,0.41050323972521874,0.33601117404518555,2.2213264115886786,3.256735021296269,2.220035714285714,937,0.000954521052050526,99.88077336817754,60.45161290322581,🟢 Top 10%~100% 一般微網格 (低誤差)
32_56-32_56,32_56,32_56,True,Persistent Zero,Tiny (<10人),4.717831004982306,0.4104801633010465,0.1165307020676873,0.07903427349625869,2.2129596578952433,0.04120357142857143,938,0.0009544137383368918,99.88172778191588,60.51612903225806,🟢 Top 10%~100% 一般微網格 (低誤差)
39_44-40_44,39_44,40_44,False,Partial Dissipation,Tiny (<10人),4.696368922105499,0.40954543277122235,0.3122500464131087,0.1897786178416802,1.2555872894809061,0.1919428571428571,939,0.0009500719747745012,99.88267785389066,60.58064516129033,🟢 Top 10%~100% 一般微網格 (低誤差)
47_47-47_47,47_47,47_47,True,Partial Recovery,Tiny (<10人),4.645006148826756,0.4703092269898075,0.37250204206319437,0.13724966111081344,1.4842096091806298,0.2966333333333333,940,0.0009396813235611478,99.88361753521421,60.64516129032258,🟢 Top 10%~100% 一般微網格 (低誤差)
58_44-59_44,58_44,59_44,False,Partial Recovery,Tiny (<10人),4.629001823643253,0.43917545011661974,0.36702173980458097,0.16989673980458098,1.1945594915313733,0.32433333333333336,941,0.0009364436603612969,99.88455397887459,60.70967741935483,🟢 Top 10%~100% 一般微網格 (低誤差)
41_43-42_43,41_43,42_43,False,True Stable,Tiny (<10人),4.62012920413326,0.4062076001668737,0.31146001281533175,0.2122350128153317,1.1188151944183078,0.17872500000000002,942,0.0009346487359677715,99.88548862761056,60.7741935483871,🟢 Top 10%~100% 一般微網格 (低誤差)
38_45-38_44,38_45,38_44,False,True Stable,Tiny (<10人),4.486503022249557,0.40029020821727207,0.2859772536092286,1.4411419171017106,2.203119121320258,1.4504464285714287,943,0.0009076162577682288,99.88639624386832,60.83870967741936,🟢 Top 10%~100% 一般微網格 (低誤差)
30_53-30_53,30_53,30_53,True,Partial Recovery,Tiny (<10人),4.454043761553062,0.3988395560673965,0.20505414721254772,0.076339861498262,2.137516121951336,0.13985714285714285,944,0.0009010497732306783,99.88729729364155,60.90322580645161,🟢 Top 10%~100% 一般微網格 (低誤差)
38_44-37_42,38_44,37_42,False,Temporary Increase,Tiny (<10人),4.44400925502886,0.4216163780039319,0.3812382215724033,0.32746222157240323,1.2081612863203204,0.40929599999999994,945,0.0008990197999497329,99.8881963134415,60.967741935483865,🟢 Top 10%~100% 一般微網格 (低誤差)
35_39-34_38,35_39,34_38,False,True Stable,Tiny (<10人),4.419901834651159,0.42914167409353093,0.32575043549693583,0.25572960216360247,1.2096444364814714,0.24192083333333333,946,0.0008941428865588035,99.88909045632806,61.03225806451613,🟢 Top 10%~100% 一般微網格 (低誤差)
47_49-47_49,47_49,47_49,True,Persistent Low Volume,Tiny (<10人),4.382420719326006,0.4934245816133745,0.3821949701148709,0.20591719233709313,1.39922923191627,0.2582111111111111,947,0.0008865604845277137,99.88997701681258,61.096774193548384,🟢 Top 10%~100% 一般微網格 (低誤差)
61_49-61_49,61_49,61_49,True,Persistent Zero,Tiny (<10人),4.359553697306825,0.40948155294727095,0.11479172393352363,0.0825186470104467,2.145484822271614,0.03740384615384616,948,0.0008819345028113464,99.89085895131538,61.16129032258064,🟢 Top 10%~100% 一般微網格 (低誤差)
45_66-45_66,45_66,45_66,True,Persistent Zero,Tiny (<10人),4.353666000306464,0.39431975786094786,0.1107369095697774,0.07591548099834884,2.1256334679537674,0.03830000000000001,949,0.0008807434260435745,99.89173969474143,61.22580645161291,🟢 Top 10%~100% 一般微網格 (低誤差)
60_62-60_61,60_62,60_61,False,Temporary Increase,Tiny (<10人),4.3435825369785865,0.3938628539850328,0.32511507539696066,1.6203860372289702,2.3245460986300057,1.5198750000000003,950,0.0008787035488372947,99.89261839829027,61.29032258064516,🟢 Top 10%~100% 一般微網格 (低誤差)
41_46-39_44,41_46,39_44,False,Temporary Increase,Tiny (<10人),4.298856979281046,0.3918298181645885,0.2234413958339124,0.15624496726248385,1.3017458152328032,0.09341785714285715,951,0.0008696556014487105,99.89348805389172,61.354838709677416,🟢 Top 10%~100% 一般微網格 (低誤差)
41_47-39_45,41_47,39_45,False,Partial Dissipation,Tiny (<10人),4.24862269333685,0.38953372737419073,0.30463354252664476,1.5299465667679468,2.203119121320258,1.4645107142857146,952,0.0008594932423921754,99.89434754713412,61.41935483870967,🟢 Top 10%~100% 一般微網格 (低誤差)
60_48-60_48,60_48,60_48,True,Persistent Low Volume,Tiny (<10人),4.227188764410725,0.38854990323043836,0.2138433487466838,0.0745683487466838,2.0879137649071464,0.15311785714285714,953,0.0008551571743532763,99.89520270430847,61.483870967741936,🟢 Top 10%~100% 一般微網格 (低誤差)
57_62-57_62,57_62,57_62,True,Persistent Low Volume,Tiny (<10人),4.222188235504733,0.38832001877615313,0.12908829676929248,0.07468472534072103,2.091172309540189,0.05868214285714285,954,0.0008541455710377296,99.89605684987951,61.54838709677419,🟢 Top 10%~100% 一般微網格 (低誤差)
36_51-36_51,36_51,36_51,True,Persistent Low Volume,Tiny (<10人),4.15124536686154,0.38504384568799155,0.149855248806377,0.10627310594923413,1.5842004579717153,0.05254642857142856,955,0.0008397938809499352,99.89689664376046,61.61290322580645,🟢 Top 10%~100% 一般微網格 (低誤差)
33_48-34_48,33_48,34_48,False,True Stable,Tiny (<10人),4.0265223859887795,0.37921546768054004,0.26013193996966216,0.15483551139823357,1.1583490279171778,0.14853214285714286,956,0.0008145625137590416,99.89771120627421,61.67741935483871,🟢 Top 10%~100% 一般微網格 (低誤差)
33_38-33_39,33_38,33_39,False,True Stable,Tiny (<10人),4.013277457175789,0.3785912541994046,0.23486241078018036,0.15314098220875177,1.2125828276007742,0.11510714285714287,957,0.0008118830744130661,99.89852308934863,61.74193548387097,🟢 Top 10%~100% 一般微網格 (低誤差)
59_49-59_49,59_49,59_49,True,Partial Recovery,Tiny (<10人),3.9591132,0.48258575586594543,0.43283529411764704,0.0,0.0,0.43283529411764704,958,0.0008009256850702109,99.8993240150337,61.806451612903224,🟢 Top 10%~100% 一般微網格 (低誤差)
32_68-32_68,32_68,32_68,True,Persistent Low Volume,Tiny (<10人),3.917592444241896,0.49482272357392654,0.4029750724314849,0.19448132243148492,1.1165251234962426,0.35598124999999997,959,0.0007925260667541211,99.90011654110045,61.87096774193548,🟢 Top 10%~100% 一般微網格 (低誤差)
48_41-48_41,48_41,48_41,True,Persistent Low Volume,Tiny (<10人),3.845285737850623,0.44987049234960375,0.3186735883069223,0.1783683251490275,1.2072983864107907,0.20136842105263156,960,0.0007778984732941511,99.90089443957373,61.935483870967744,🟢 Top 10%~100% 一般微網格 (低誤差)
45_41-45_42,45_41,45_42,False,Delayed Increase,Tiny (<10人),3.830189862750344,0.36985469457372927,0.21227828048723632,0.1485889947729506,1.2087841701579949,0.0899892857142857,961,0.0007748445888772,99.90166928416262,62.0,🟢 Top 10%~100% 一般微網格 (低誤差)
39_44-41_46,39_44,41_46,False,Recovered,Tiny (<10人),3.8244614675915996,0.3695780155215443,0.23197557361423157,0.14933628789994582,1.2081612863203204,0.11648928571428573,962,0.0007736857387546851,99.90244296990136,62.064516129032256,🟢 Top 10%~100% 一般微網格 (低誤差)
38_43-38_44,38_43,38_44,False,True Stable,Tiny (<10人),3.8180499005034796,0.3692680936907241,0.2951606188200661,2.166903936476635,2.8864691189937957,2.272232142857143,963,0.0007723886834539107,99.90321535858482,62.12903225806452,🟢 Top 10%~100% 一般微網格 (低誤差)
41_47-39_46,41_47,39_46,False,Partial Dissipation,Tiny (<10人),3.8100172676608635,0.4364640459225057,0.3016861325191741,0.1765711325191741,1.301767567862456,0.26799500000000004,964,0.0007707636877446721,99.90398612227257,62.193548387096776,🟢 Top 10%~100% 一般微網格 (低誤差)
35_62-35_62,35_62,35_62,True,Persistent Zero,Tiny (<10人),3.8096491492202254,0.36886162471370837,0.1435912908188475,0.10171986224741893,1.4910121957380849,0.05005714285714286,965,0.0007706892176551948,99.90475681149023,62.25806451612903,🟢 Top 10%~100% 一般微網格 (低誤差)
64_62-64_62,64_62,64_62,True,Persistent Zero,Tiny (<10人),3.7973604960664957,0.36826623211565374,0.21557793242299897,0.10159578956585613,1.4925111807106881,0.13298214285714285,966,0.000768203232170935,99.9055250147224,62.32258064516129,🟢 Top 10%~100% 一般微網格 (低誤差)
52_57-52_57,52_57,52_57,True,Persistent Zero,Tiny (<10人),3.7380016000333742,0.3653765963277466,0.14154787637651073,0.09990144780508214,1.5857931295051062,0.049575,967,0.0007561949712123094,99.9062812096936,62.38709677419355,🟢 Top 10%~100% 一般微網格 (低誤差)
34_70-32_69,34_70,32_69,False,True Stable,Tiny (<10人),3.7271445679133066,0.3648455919932483,0.2249407302895315,0.14975858743238857,1.1182591468035636,0.10969642857142858,968,0.0007539986016089866,99.90703520829523,62.45161290322581,🟢 Top 10%~100% 一般微網格 (低誤差)
40_48-41_48,40_48,41_48,False,True Stable,Tiny (<10人),3.7263651438106176,0.3940370722729556,0.2794267159010158,0.11790588256768246,0.9658363765237741,0.1874375,969,0.0007538409246869408,99.90778904921991,62.516129032258064,🟢 Top 10%~100% 一般微網格 (低誤差)
39_44-41_47,39_44,41_47,False,Partial Recovery,Tiny (<10人),3.7182256100533966,0.364408797626541,0.27028680278145456,0.1701439456385974,0.9954662429428112,0.1568857142857143,970,0.0007521943030013941,99.90854124352289,62.58064516129033,🟢 Top 10%~100% 一般微網格 (低誤差)
56_39-56_39,56_39,56_39,True,Persistent Low Volume,Tiny (<10人),3.664205092501508,0.3617519420671292,0.24261633723527942,0.12232348009242229,1.448754564785661,0.1532142857142857,971,0.0007412659920786113,99.90928250951498,62.645161290322584,🟢 Top 10%~100% 一般微網格 (低誤差)
58_41-58_41,58_41,58_41,True,Persistent Low Volume,Tiny (<10人),3.6370721647943363,0.5096968402039403,0.41763300081969906,0.13251871510541338,1.8552620114757872,0.3525285714285714,972,0.0007357770207827597,99.91001828653577,62.70967741935484,🟢 Top 10%~100% 一般微網格 (低誤差)
41_47-42_48,41_47,42_48,False,Partial Recovery,Tiny (<10人),3.628761224033991,0.3599980765838494,0.21489916406694887,0.12370630692409172,1.2938638500588149,0.11539285714285714,973,0.0007340957235866963,99.91075238225936,62.77419354838709,🟢 Top 10%~100% 一般微網格 (低誤差)
43_45-42_47,43_45,42_47,False,Partial Recovery,Tiny (<10人),3.5885551545475205,0.3579981621335267,0.2173031389176161,0.12371028177475896,1.2117697209193572,0.11917857142857145,974,0.0007259620653352899,99.9114783443247,62.83870967741936,🟢 Top 10%~100% 一般微網格 (低誤差)
45_68-45_68,45_68,45_68,True,Persistent Zero,Tiny (<10人),3.5769657714867806,0.3574196099168305,0.10012434689983198,0.06894934689983201,1.9305817131952963,0.034632142857142854,975,0.0007236175416759352,99.91220196186637,62.903225806451616,🟢 Top 10%~100% 一般微網格 (低誤差)
33_46-32_47,33_46,32_47,False,Partial Dissipation,Tiny (<10人),3.550748679089174,0.35610736137380444,0.1650114114271406,0.12297926856999775,1.3017458152328032,0.058803571428571434,976,0.0007183138431888339,99.91292027570957,62.967741935483865,🟢 Top 10%~100% 一般微網格 (低誤差)
31_64-31_64,31_64,31_64,True,Persistent Zero,Tiny (<10人),3.5298666398874703,0.35505867924931334,0.1003684970156886,0.0678684970156886,1.900317916439281,0.0347,977,0.0007140894220348019,99.9136343651316,63.032258064516135,🟢 Top 10%~100% 一般微網格 (低誤差)
40_38-41_38,40_38,41_38,False,Recovered,Tiny (<10人),3.522849158120087,0.35470556996110403,0.23133032324579167,0.14599818038864884,1.10902615719327,0.123825,978,0.0007126697906405773,99.91434703492223,63.09677419354839,🟢 Top 10%~100% 一般微網格 (低誤差)
36_42-37_43,36_42,37_43,False,Temporary Increase,Tiny (<10人),3.4414503934696605,0.3505837169976901,0.18092737601231446,0.12021309029802874,1.3470189221971045,0.0796,979,0.0006962028804897103,99.91504323780272,63.16129032258064,🟢 Top 10%~100% 一般微網格 (低誤差)
34_39-32_37,34_39,32_37,False,True Stable,Tiny (<10人),3.4171400996879404,0.3493432664958606,0.16357093892353936,0.11924951035211073,1.2508032848973114,0.058642857142857156,980,0.0006912849259585334,99.91573452272867,63.2258064516129,🟢 Top 10%~100% 一般微網格 (低誤差)
50_44-48_44,50_44,48_44,False,Partial Dissipation,Tiny (<10人),3.36535268556466,0.34668597799968054,0.15976747212390177,0.11623175783818747,1.3947276591780036,0.056678571428571425,981,0.000680808370215014,99.91641533109889,63.29032258064517,🟢 Top 10%~100% 一般微網格 (低誤差)
30_51-30_50,30_51,30_50,False,True Stable,Tiny (<10人),3.363829621625897,0.34660751896190145,0.19289286064245964,0.11909286064245964,1.3470189221971045,0.0958,982,0.0006805002555017092,99.9170958313544,63.354838709677416,🟢 Top 10%~100% 一般微網格 (低誤差)
37_43-36_42,37_43,36_42,False,True Stable,Tiny (<10人),3.3554041735554145,0.3461731695860683,0.1768265656615214,0.11901942280437859,1.212665334327434,0.07517142857142857,983,0.0006787957935611225,99.91777462714796,63.41935483870967,🟢 Top 10%~100% 一般微網格 (低誤差)
35_53-35_53,35_53,35_53,True,Persistent Zero,Tiny (<10人),3.349101189359091,0.3458478809575457,0.0952997139534707,0.06659614252489929,1.86469199069718,0.031732142857142855,984,0.0006775207044994035,99.91845214785245,63.48387096774194,🟢 Top 10%~100% 一般微網格 (低誤差)
41_48-42_47,41_48,42_47,False,Partial Recovery,Tiny (<10人),3.3325839463412956,0.48789518387964204,0.4438737193609503,0.1333808622180932,0.9375136316013024,0.37697857142857144,985,0.000674179278399362,99.91912632713085,63.54838709677419,🟢 Top 10%~100% 一般微網格 (低誤差)
48_63-48_63,48_63,48_63,True,Persistent Zero,Tiny (<10人),3.308852157141621,0.3437634234855222,0.09469320254507253,0.06638248825935826,1.8587096712620312,0.03168928571428572,986,0.0006693783549191515,99.91979570548577,63.61290322580645,🟢 Top 10%~100% 一般微網格 (低誤差)
41_47-38_45,41_47,38_45,False,Partial Dissipation,Tiny (<10人),3.306984743975513,0.3436664051069372,0.20222370655577251,0.1392987065557725,1.025343610008687,0.08965357142857144,987,0.0006690005786107161,99.92046470606438,63.677419354838705,🟢 Top 10%~100% 一般微網格 (低誤差)
32_67-32_67,32_67,32_67,True,Persistent Zero,Tiny (<10人),3.1892495851839233,0.337493364230211,0.17386434637756418,0.09471434637756418,1.3470189221971045,0.09484285714285713,988,0.000645182842681366,99.92110988890707,63.74193548387097,🟢 Top 10%~100% 一般微網格 (低誤差)
50_41-50_41,50_41,50_41,True,Persistent Zero,Tiny (<10人),3.151087592606586,0.3354680947468661,0.17510662788730497,0.09212805645873352,1.4842096091806298,0.09740000000000001,989,0.0006374626996835229,99.92174735160675,63.806451612903224,🟢 Top 10%~100% 一般微網格 (低誤差)
34_70-30_69,34_70,30_69,False,True Stable,Tiny (<10人),3.129406574985075,0.33431201075519446,0.22773908674440002,0.13631051531582858,1.0199940104016967,0.12792142857142857,990,0.0006330766457834909,99.92238042825254,63.87096774193548,🟢 Top 10%~100% 一般微網格 (低誤差)
52_58-52_58,52_58,52_58,True,Persistent Zero,Tiny (<10人),3.1100614639980715,0.3332770974942875,0.09204405029204658,0.06401547886347517,1.7924334081773048,0.030614285714285712,991,0.0006291631440755768,99.92300959139662,63.935483870967744,🟢 Top 10%~100% 一般微網格 (低誤差)
37_36-37_36,37_36,37_36,True,Persistent Low Volume,Tiny (<10人),3.1080839843744847,0.440743972191799,0.28064472784252037,0.1568697278425204,1.3941148730267927,0.204575,992,0.0006287631014038408,99.92363835449801,64.0,🟢 Top 10%~100% 一般微網格 (低誤差)
34_69-33_70,34_69,33_70,False,True Stable,Tiny (<10人),3.104682067527297,0.35966894891502293,0.3172842023445702,0.13977586901123687,1.2125828276007742,0.28558333333333336,993,0.0006280748961306535,99.92426642939415,64.06451612903226,🟢 Top 10%~100% 一般微網格 (低誤差)
49_37-49_37,49_37,49_37,True,Persistent Zero,Tiny (<10人),3.0879242555134234,0.332088857273892,0.09271257172689065,0.06437685744117637,1.8025520083529383,0.0322,994,0.000624684803099848,99.92489111419725,64.12903225806451,🟢 Top 10%~100% 一般微網格 (低誤差)
60_62-59_61,60_62,59_61,False,Persistent Decrease,Tiny (<10人),3.069185859439981,0.4858921896438773,0.3569595983010477,0.35681344445489394,1.3026126440789496,0.2919,995,0.0006208940393721934,99.92551200823662,64.19354838709678,🟢 Top 10%~100% 一般微網格 (低誤差)
39_57-39_57,39_57,39_57,True,Persistent Zero,Tiny (<10人),3.0691004968924736,0.3310751153920724,0.11207640133203786,0.063994258474895,1.79183923729706,0.05251071428571428,996,0.0006208767705916892,99.9261328850072,64.25806451612902,🟢 Top 10%~100% 一般微網格 (低誤差)
54_35-54_35,54_35,54_35,True,Persistent Low Volume,Tiny (<10人),3.060623684103271,0.33061758682498116,0.09159133539865431,0.06326633539865431,1.7714573911623208,0.030425,997,0.0006191619176063277,99.92675204692482,64.32258064516128,🟢 Top 10%~100% 一般微網格 (低誤差)
30_60-30_60,30_60,30_60,True,Persistent Low Volume,Tiny (<10人),3.043868511349157,0.3297113733116304,0.1433920350871063,0.06323489222996341,1.7705769824389757,0.08627142857142857,998,0.0006157723584958284,99.9273678192833,64.38709677419355,🟢 Top 10%~100% 一般微網格 (低誤差)
37_44-38_44,37_44,38_44,False,True Stable,Tiny (<10人),2.9791468115643416,0.326187216814228,0.23057218666865503,0.11143290095436931,1.2548781135769427,0.1529607142857143,999,0.0006026792062871313,99.9279704984896,64.45161290322581,🟢 Top 10%~100% 一般微網格 (低誤差)
51_41-51_41,51_41,51_41,True,Persistent Low Volume,Tiny (<10人),2.971179938079382,0.46068116787453073,0.38860313908497457,0.09693885337068894,1.3571439471896452,0.3764499999999999,1000,0.0006010675136475247,99.92857156600324,64.51612903225806,🟢 Top 10%~100% 一般微網格 (低誤差)
30_62-30_62,30_62,30_62,True,Persistent Low Volume,Tiny (<10人),2.957297522495561,0.343935896497912,0.13754129465493573,0.10024129465493573,1.3052843934880258,0.04497999999999999,1001,0.0005982591111972233,99.92916982511446,64.58064516129032,🟢 Top 10%~100% 一般微網格 (低誤差)
40_44-39_44,40_44,39_44,False,Temporary Increase,Tiny (<10人),2.9555304905376367,0.32489176717230644,0.20578420305855202,0.11366277448712346,1.1590036518285287,0.12078571428571427,1002,0.0005979016419332877,99.92976772675638,64.64516129032259,🟢 Top 10%~100% 一般微網格 (低誤差)
51_44-50_44,51_44,50_44,False,True Stable,Tiny (<10人),2.937699642125023,0.32391024121137013,0.2830308740036174,2.000439216272704,2.9754190062464074,1.9790607142857142,1003,0.0005942944744291468,99.9303620212308,64.70967741935483,🟢 Top 10%~100% 一般微網格 (低誤差)
40_38-40_39,40_38,40_39,False,Delayed Increase,Tiny (<10人),2.92811301941728,0.3233812996745306,0.21374270172865223,0.1107034160143665,1.2056566530680273,0.1304107142857143,1004,0.0005923551077144721,99.93095437633853,64.77419354838709,🟢 Top 10%~100% 一般微網格 (低誤差)
35_37-36_37,35_37,36_37,False,Partial Dissipation,Tiny (<10人),2.9012195058728962,0.32189281189955676,0.21018939991246546,0.11071797134103689,1.058372010297725,0.12517142857142857,1005,0.0005869145697274602,99.93154129090827,64.83870967741936,🟢 Top 10%~100% 一般微網格 (低誤差)
33_52-33_52,33_52,33_52,True,Persistent Low Volume,Tiny (<10人),2.896050983675267,0.32160595808242837,0.1644586520411327,0.08885150918398987,1.3862826964915875,0.08884285714285714,1006,0.0005858689814927168,99.93212715988976,64.90322580645162,🟢 Top 10%~100% 一般微網格 (低誤差)
46_35-47_35,46_35,47_35,False,Partial Dissipation,Tiny (<10人),2.87120388645611,0.3202233532159406,0.26659298718050783,0.10571798718050777,1.0617002258645234,0.20616785714285715,1007,0.0005808424320214213,99.93270800232177,64.96774193548387,🟢 Top 10%~100% 一般微網格 (低誤差)
47_35-46_35,47_35,46_35,False,True Stable,Tiny (<10人),2.866430951322248,0.3199570814590522,0.23996619957267382,0.10934834242981668,1.0624200141761515,0.16751785714285714,1008,0.0005798768707583879,99.93328787919255,65.03225806451613,🟢 Top 10%~100% 一般微網格 (低誤差)
35_39-35_38,35_39,35_38,False,True Stable,Tiny (<10人),2.8114396744004106,0.31687309731186497,0.16534978124950794,0.10924263839236507,1.2007479728853676,0.07397142857142858,1009,0.0005687521759298823,99.93385663136849,65.09677419354838,🟢 Top 10%~100% 一般微網格 (低誤差)
48_64-48_64,48_64,48_64,True,Persistent Zero,Tiny (<10人),2.797598884577301,0.3160921477635292,0.08773158755539055,0.060724444698247705,1.7002844515509357,0.029507142857142853,1010,0.0005659521943403216,99.9344225835628,65.16129032258064,🟢 Top 10%~100% 一般微網格 (低誤差)
43_46-43_45,43_46,43_45,False,Partial Recovery,Tiny (<10人),2.7761716906137814,0.3148793244252347,0.19937796117206366,0.10960296117206367,1.025343610008687,0.11555357142857141,1011,0.0005616174887793984,99.93498420105159,65.2258064516129,🟢 Top 10%~100% 一般微網格 (低誤差)
60_54-60_54,60_54,60_54,True,Persistent Low Volume,Tiny (<10人),2.754471246744857,0.3136462547170468,0.15501741733015587,0.059813845901584416,1.6747876852443637,0.10270357142857142,1012,0.0005572275049638192,99.93554142855655,65.29032258064517,🟢 Top 10%~100% 一般微網格 (低誤差)
55_38-55_38,55_38,55_38,True,Persistent Low Volume,Tiny (<10人),2.7484113955190703,0.3133010530463739,0.19652279469910752,0.08401208041339323,1.3521709271332836,0.12955357142857143,1013,0.0005560016015230091,99.93609743015807,65.35483870967742,🟢 Top 10%~100% 一般微網格 (低誤差)
57_40-57_40,57_40,57_40,True,Persistent Zero,Tiny (<10人),2.7255250321420115,0.3119938776953124,0.16046432709572506,0.05977504138143931,1.6737011586803008,0.10951785714285713,1014,0.0005513717070641851,99.93664880186515,65.41935483870968,🟢 Top 10%~100% 一般微網格 (低誤差)
33_70-34_69,33_70,34_69,False,True Stable,Tiny (<10人),2.7238586588012845,0.3601493512155944,0.3104485952388692,0.1992724047626787,1.2986834080330512,0.2785095238095238,1015,0.0005510346009643888,99.9371998364661,65.48387096774194,🟢 Top 10%~100% 一般微網格 (低誤差)
30_49-30_48,30_49,30_48,False,True Stable,Tiny (<10人),2.712188270591641,0.3112296046439739,0.1523709163744408,0.08618163066015505,1.254736630567164,0.07725357142857144,1016,0.0005486736900230587,99.93774851015613,65.54838709677419,🟢 Top 10%~100% 一般微網格 (低誤差)
31_60-31_60,31_60,31_60,True,Persistent Zero,Tiny (<10人),2.6947272434164242,0.3102261412154748,0.0883543854152665,0.059936528272409355,1.678222791627462,0.03165357142857143,1017,0.0005451413370829257,99.93829365149321,65.61290322580645,🟢 Top 10%~100% 一般微網格 (低誤差)
33_39-33_38,33_39,33_38,False,True Stable,Tiny (<10人),2.6755833372038436,0.3091222213903105,0.13476551433527928,0.08575837147813639,1.3058584297239106,0.058592857142857134,1018,0.0005412685389527204,99.93883492003216,65.6774193548387,🟢 Top 10%~100% 一般微網格 (低誤差)
59_64-59_64,59_64,59_64,True,Persistent Low Volume,Tiny (<10人),2.670689880192931,0.30883941043115243,0.14333804682447515,0.08597733253876086,1.2059203074592617,0.06798928571428571,1019,0.0005402785962027057,99.93937519862837,65.74193548387098,🟢 Top 10%~100% 一般微網格 (低誤差)
50_37-50_37,50_37,50_37,True,Persistent Zero,Tiny (<10人),2.636346082517582,0.3068472213215736,0.0849868218544899,0.05965467899734704,1.670331011925717,0.029175000000000003,1020,0.0005333308712220103,99.93990852949958,65.80645161290323,🟢 Top 10%~100% 一般微網格 (低誤差)
33_39-34_39,33_39,34_39,False,Delayed Increase,Tiny (<10人),2.6298964150460082,0.3064716495304727,0.16843937442497192,0.08480008871068621,1.2555872894809061,0.09765357142857142,1021,0.0005320261082417183,99.94044055560782,65.87096774193549,🟢 Top 10%~100% 一般微網格 (低誤差)
42_43-42_45,42_43,42_45,False,Partial Recovery,Tiny (<10人),2.6157568609148543,0.3056466716485168,0.18635516988618037,0.10644802702903752,1.0264238144512507,0.10342142857142858,1022,0.000529165686852635,99.94096972129468,65.93548387096774,🟢 Top 10%~100% 一般微網格 (低誤差)
56_38-56_38,56_38,56_38,True,Persistent Low Volume,Tiny (<10人),2.589397340324299,0.3041027399418715,0.21716912472938862,0.05325841044367439,1.4912354924228828,0.1759892857142857,1023,0.0005238331752469772,99.94149355446993,66.0,🟢 Top 10%~100% 一般微網格 (低誤差)
41_48-42_46,41_48,42_46,False,True Stable,Tiny (<10人),2.5804252332682087,0.3035754338633038,0.222896520879368,0.10433580659365373,1.001417782418299,0.15230357142857143,1024,0.0005220181245961339,99.94201557259453,66.06451612903226,🟢 Top 10%~100% 一般微網格 (低誤差)
33_47-31_48,33_47,31_48,False,True Stable,Tiny (<10人),2.579061091452505,0.3423887404858365,0.28747719938230865,0.054877199382308665,1.2072983864107907,0.24605454545454544,1025,0.0005217421597113018,99.94253731475425,66.12903225806451,🟢 Top 10%~100% 一般微網格 (低誤差)
58_44-57_43,58_44,57_43,False,Partial Recovery,Tiny (<10人),2.5686761336842365,0.30288353099147797,0.20083341660433973,0.10647984517576828,1.0250708845699332,0.12489642857142857,1026,0.0005196412904017363,99.94305695604466,66.19354838709678,🟢 Top 10%~100% 一般微網格 (低誤差)
63_60-63_60,63_60,63_60,True,Persistent Low Volume,Tiny (<10人),2.5257803842578124,0.30034387340999963,0.08448815899533137,0.05722387328104566,1.6022684518692785,0.02875,1027,0.000510963511879021,99.94356791955651,66.25806451612904,🟢 Top 10%~100% 一般微網格 (低誤差)
60_56-60_56,60_56,60_56,True,Persistent Zero,Tiny (<10人),2.5184474050878056,0.2999075693971517,0.11495091979162993,0.08235806264877277,1.3058584297239106,0.03984285714285714,1028,0.0005094800555925619,99.94407739961211,66.3225806451613,🟢 Top 10%~100% 一般微網格 (低誤差)
30_69-34_70,30_69,34_70,False,True Stable,Tiny (<10人),2.5155114591797667,0.2997327058742605,0.15622615838509454,0.10317972981366595,1.026101436738598,0.06796785714285715,1029,0.0005088861158972469,99.94458628572802,66.38709677419354,🟢 Top 10%~100% 一般微網格 (低誤差)
36_53-36_53,36_53,36_53,True,Persistent Zero,Tiny (<10人),2.5143066331141286,0.2996609174856837,0.15216797216331163,0.05642511502045452,1.5799032205727266,0.1021,1030,0.0005086423804713411,99.94509492810847,66.45161290322581,🟢 Top 10%~100% 一般微網格 (低誤差)
42_43-43_45,42_43,43_45,False,Partial Recovery,Tiny (<10人),2.491086825343119,0.2982740126450796,0.19704888699639675,0.10350602985353964,1.0001673244417268,0.12002857142857144,1031,0.0005039450304571523,99.94559887313895,66.51612903225806,🟢 Top 10%~100% 一般微網格 (低誤差)
38_45-41_47,38_45,41_47,False,Partial Recovery,Tiny (<10人),2.4709833467828504,0.2970680145055079,0.16790965890072557,0.10330965890072556,0.9954662429428112,0.08379285714285713,1032,0.0004998781115475902,99.94609875125049,66.58064516129032,🟢 Top 10%~100% 一般微網格 (低誤差)
34_54-34_54,34_54,34_54,True,Persistent Zero,Tiny (<10人),2.454451964252981,0.2960726240693671,0.11509888045306411,0.08139530902449267,1.2555872894809061,0.040489285714285714,1033,0.0004965338250346677,99.94659528507552,66.64516129032259,🟢 Top 10%~100% 一般微網格 (低誤差)
31_62-31_62,31_62,31_62,True,Persistent Zero,Tiny (<10人),2.445152634023503,0.29551121770002853,0.12823840178877408,0.0810919732173455,1.3052843934880258,0.05594642857142857,1034,0.0004946525773767985,99.94708993765289,66.70967741935485,🟢 Top 10%~100% 一般微網格 (低誤差)
61_41-61_41,61_41,61_41,True,Persistent Zero,Tiny (<10人),2.4073519391616927,0.2932181013683508,0.08120792652645349,0.056593640812167785,1.584621942740698,0.027450000000000002,1035,0.0004870055246407653,99.94757694317754,66.77419354838709,🟢 Top 10%~100% 一般微網格 (低誤差)
32_38-31_37,32_38,31_37,False,True Stable,Tiny (<10人),2.404461799914644,0.2930420374472531,0.20689671837855927,0.10090743266427353,0.9621563729979319,0.13516785714285715,1036,0.00048642085159923904,99.94806336402912,66.83870967741935,🟢 Top 10%~100% 一般微網格 (低誤差)
47_53-47_53,47_53,47_53,True,Persistent Zero,Tiny (<10人),2.395530390685303,0.2924972765859357,0.10009261176803952,0.05663546891089665,1.5857931295051062,0.04762142857142857,1037,0.00048461403408877934,99.94854797806322,66.90322580645162,🟢 Top 10%~100% 一般微網格 (低誤差)
61_65-61_64,61_65,61_64,False,True Stable,Tiny (<10人),2.3687866578901917,0.2908599723167117,0.1650531025073517,0.10093881679306597,0.9658363765237741,0.08261428571428572,1038,0.0004792037966370542,99.94902718185985,66.96774193548387,🟢 Top 10%~100% 一般微網格 (低誤差)
32_46-33_46,32_46,33_46,False,Delayed Increase,Tiny (<10人),2.2891099024497112,0.29117322720140015,0.11305061845912186,0.08083580364430704,1.2527482589442878,0.038592592592592595,1039,0.0004630852476813591,99.94949026710754,67.03225806451613,🟢 Top 10%~100% 一般微網格 (低誤差)
41_47-42_49,41_47,42_49,False,Delayed Increase,Tiny (<10人),2.2726864623035543,0.28489888320893497,0.12414532739945708,0.07972747025659996,1.209568883787596,0.05477499999999998,1040,0.0004597627978331784,99.94995002990537,67.0967741935484,🟢 Top 10%~100% 一般微網格 (低誤差)
47_68-47_68,47_68,47_68,True,Persistent Zero,Tiny (<10人),2.2684309190526855,0.2846320255455583,0.07970233466272274,0.05515947751986561,1.544465370556237,0.0278,1041,0.0004589019045670935,99.95040893180993,67.16129032258064,🟢 Top 10%~100% 一般微網格 (低誤差)
32_47-33_46,32_47,33_46,False,Delayed Increase,Tiny (<10人),2.2651402053528362,0.2844254989920682,0.10966420224443195,0.07764277367300336,1.2081612863203204,0.0374,1042,0.0004582361956087283,99.95086716800554,67.2258064516129,🟢 Top 10%~100% 一般微網格 (低誤差)
33_70-33_69,33_70,33_69,False,True Stable,Tiny (<10人),2.236473527377298,0.282619982572339,0.23416252031176796,0.07123394888319655,1.0624200141761515,0.19137142857142858,1043,0.00045243694776296193,99.9513196049533,67.29032258064515,🟢 Top 10%~100% 一般微網格 (低誤差)
61_56-61_56,61_56,61_56,True,Persistent Low Volume,Tiny (<10人),2.2103635911475816,0.28096540147623045,0.07872682095223534,0.05358039238080679,1.5002509866625902,0.026660714285714284,1044,0.0004471549268897207,99.95176675988019,67.35483870967742,🟢 Top 10%~100% 一般微網格 (低誤差)
35_40-34_38,35_40,34_38,False,True Stable,Tiny (<10人),2.17277105413796,0.27856591000912667,0.10633276098398876,0.07646133241256017,1.2081612863203204,0.036335714285714284,1045,0.00043954998433390834,99.95220630986454,67.41935483870968,🟢 Top 10%~100% 一般微網格 (低誤差)
52_63-52_63,52_63,52_63,True,Persistent Zero,Tiny (<10人),2.169764625297022,0.2783731196804173,0.07825896380937822,0.05358039238080679,1.5002509866625902,0.027128571428571426,1046,0.000438941785993168,99.95264525165052,67.48387096774194,🟢 Top 10%~100% 一般微網格 (低誤差)
57_43-58_43,57_43,58_43,False,Delayed Decrease,Tiny (<10人),2.168559770021989,0.27829581961479594,0.12338581918717748,0.07653939061574891,1.212665334327434,0.05521071428571429,1047,0.00043869804465822304,99.95308394969518,67.54838709677419,🟢 Top 10%~100% 一般微網格 (低誤差)
38_44-41_46,38_44,41_46,False,Recovered,Tiny (<10人),2.150212487751385,0.27711604633073494,0.12464694360469195,0.07634694360469195,1.2002007893300721,0.05702142857142858,1048,0.00043498640296488623,99.95351893609815,67.61290322580645,🟢 Top 10%~100% 一般微網格 (低誤差)
44_64-44_64,44_64,44_64,True,Persistent Zero,Tiny (<10人),2.1477510261237915,0.2769573862350225,0.07707140587193631,0.05332854872907917,1.4931993644142167,0.026228571428571424,1049,0.0004344884510901194,99.95395342454924,67.6774193548387,🟢 Top 10%~100% 一般微網格 (低誤差)
60_36-60_36,60_36,60_36,True,Persistent Zero,Tiny (<10人),2.142944883986035,0.2766473311937856,0.0771962323862293,0.05334623238622931,1.4936945068144207,0.02647857142857143,1050,0.0004335161720746501,99.95438694072132,67.74193548387096,🟢 Top 10%~100% 一般微網格 (低誤差)
37_59-37_59,37_59,37_59,True,Persistent Low Volume,Tiny (<10人),2.1411542828115393,0.28160612648609307,0.11216360666675168,0.07906360666675169,1.1131572068854725,0.039618518518518525,1051,0.00043315393477555734,99.95482009465609,67.80645161290323,🟢 Top 10%~100% 一般微網格 (低誤差)
34_37-34_39,34_37,34_39,False,Delayed Increase,Tiny (<10人),2.1371789611454446,0.2762748994043953,0.14285474319623231,0.07702974319623232,1.0950128672370922,0.07780357142857142,1052,0.00043234973012973126,99.95525244438622,67.87096774193549,🟢 Top 10%~100% 一般微網格 (低誤差)
40_46-41_48,40_46,41_48,False,True Stable,Tiny (<10人),2.120057012497352,0.2751659896769683,0.16661378485264436,0.07631378485264435,1.1152258027572188,0.10662857142857143,1053,0.0004288859725259551,99.95568133035874,67.93548387096774,🟢 Top 10%~100% 一般微網格 (低誤差)
35_40-35_41,35_40,35_41,False,Partial Dissipation,Tiny (<10人),2.1168062188735925,0.27495494558677847,0.10659589941566261,0.07638875655851973,1.1165948644444352,0.03735714285714286,1054,0.00042822833936958783,99.9561095586981,68.0,🟢 Top 10%~100% 一般微網格 (低誤差)
41_46-42_44,41_46,42_44,False,True Stable,Tiny (<10人),2.086377016264614,0.35032564819075324,0.2454957761569243,0.05455459968633608,0.9274281946677133,0.19094117647058823,1055,0.00042207253408831004,99.9565316312322,68.06451612903226,🟢 Top 10%~100% 一般微網格 (低誤差)
39_46-41_47,39_46,41_47,False,Partial Recovery,Tiny (<10人),2.080718073940415,0.2726011001144094,0.1583893989524577,0.07596082752388629,1.101559560660129,0.09765,1056,0.0004209277342230822,99.9569525589664,68.12903225806451,🟢 Top 10%~100% 一般微網格 (低誤差)
35_41-36_41,35_41,36_41,False,Temporary Increase,Tiny (<10人),2.079290687870003,0.2725075810131582,0.12161342433702634,0.0767491386227406,1.1483525706989306,0.05570714285714286,1057,0.00042063897507209244,99.95737319794148,68.19354838709677,🟢 Top 10%~100% 一般微網格 (低誤差)
50_40-50_40,50_40,50_40,True,Persistent Low Volume,Tiny (<10人),2.069272803682699,0.27185032670851245,0.09724320032787963,0.053007486042165354,1.4842096091806298,0.04914285714285715,1058,0.00041861236447766166,99.95779181030595,68.25806451612904,🟢 Top 10%~100% 一般微網格 (低誤差)
35_51-35_51,35_51,35_51,True,Persistent Low Volume,Tiny (<10人),2.0673608631061526,0.27172470726731024,0.14994560088253525,0.07520631516824951,1.0618199422574128,0.08706071428571428,1059,0.0004182255803068823,99.95821003588627,68.3225806451613,🟢 Top 10%~100% 一般微網格 (低誤差)
31_54-31_54,31_54,31_54,True,Persistent Zero,Tiny (<10人),2.0436143243573066,0.2751171012871446,0.07757609499206151,0.053657576473543,1.448754564785661,0.025822222222222222,1060,0.00041342167300373523,99.95862345755926,68.38709677419355,🟢 Top 10%~100% 一般微網格 (低誤差)
34_55-34_55,34_55,34_55,True,Persistent Zero,Tiny (<10人),2.02818867701676,0.26913808703610814,0.10546812630803647,0.07422526916517931,1.0617002258645234,0.03717142857142857,1061,0.0004103010759054055,99.95903375863517,68.45161290322581,🟢 Top 10%~100% 一般微網格 (低誤差)
46_64-46_64,46_64,46_64,True,Persistent Zero,Tiny (<10人),2.0255080595373505,0.26896017094526353,0.07527337731377362,0.05174123445663075,1.448754564785661,0.025875000000000002,1062,0.00040975878896319147,99.95944351742413,68.51612903225806,🟢 Top 10%~100% 一般微網格 (低誤差)
37_63-37_63,37_63,37_63,True,Persistent Zero,Tiny (<10人),2.0165953188728065,0.2683677726335905,0.07484427269410722,0.05219784412267866,1.4615396354350025,0.02606785714285714,1063,0.0004079557480896436,99.95985147317222,68.58064516129032,🟢 Top 10%~100% 一般微網格 (低誤差)
54_44-58_44,54_44,58_44,False,Persistent Decrease,Tiny (<10人),1.9956708162592807,0.2669718294568656,0.16838229678952518,0.07313586821809659,1.1157821273424027,0.11190357142857144,1064,0.0004037227366186678,99.96025519590884,68.64516129032258,🟢 Top 10%~100% 一般微網格 (低誤差)
34_53-34_53,34_53,34_53,True,Persistent Zero,Tiny (<10人),1.9549820289265494,0.2642362328435992,0.1024156327257275,0.07306206129715608,1.025343610008687,0.03544642857142857,1065,0.0003954914249024118,99.96065068733375,68.70967741935485,🟢 Top 10%~100% 一般微網格 (低誤差)
61_62-61_64,61_62,61_64,False,True Stable,Tiny (<10人),1.946214399615078,0.26364304870242633,0.11971267382764024,0.07316981668478308,1.1182591468035636,0.05556428571428571,1066,0.00039371773994873783,99.9610444050737,68.7741935483871,🟢 Top 10%~100% 一般微網格 (低誤差)
58_44-53_44,58_44,53_44,False,Delayed Increase,Tiny (<10人),1.943835984824385,0.26348190401568006,0.10325691206088358,0.07254976920374075,1.101559560660129,0.03682857142857143,1067,0.00039323658838792447,99.96143764166207,68.83870967741935,🟢 Top 10%~100% 一般微網格 (低誤差)
33_37-32_37,33_37,32_37,False,True Stable,Tiny (<10人),1.9135597564817695,0.26142191926911734,0.19526464176705652,0.06904678462419939,0.9957963378762804,0.14709642857142854,1068,0.0003871117296880895,99.96182475339175,68.90322580645162,🟢 Top 10%~100% 一般微網格 (低誤差)
38_44-36_42,38_44,36_42,False,True Stable,Tiny (<10人),1.9065564740600065,0.2609431023135125,0.13382615425725572,0.0725511542572557,1.0312649947614327,0.07201785714285715,1069,0.00038569497081102815,99.96221044836257,68.96774193548387,🟢 Top 10%~100% 一般微網格 (低誤差)
58_43-57_43,58_43,57_43,False,Partial Recovery,Tiny (<10人),1.885772793456372,0.25951691339434424,0.10199777904508471,0.07114063618794186,1.026101436738598,0.03577857142857143,1070,0.0003814904475289592,99.96259193881009,69.03225806451613,🟢 Top 10%~100% 一般微網格 (低誤差)
49_41-49_41,49_41,49_41,True,Persistent Low Volume,Tiny (<10人),1.8634277593431225,0.2579747883129503,0.09628012787698369,0.04984798501984085,1.3957435805555438,0.050475,1071,0.0003769700635815966,99.96296890887368,69.09677419354838,🟢 Top 10%~100% 一般微網格 (低誤差)
33_69-33_70,33_69,33_70,False,True Stable,Tiny (<10人),1.8530093998150892,0.2572526134682662,0.1948531004423538,0.06903524329949667,1.0001673244417268,0.14971785714285715,1072,0.000374862437120626,99.9633437713108,69.16129032258065,🟢 Top 10%~100% 一般微網格 (低誤差)
53_61-53_61,53_61,53_61,True,Persistent Low Volume,Tiny (<10人),1.8505829405571483,0.25708412606973813,0.10396916427516996,0.0497513071323128,1.3930365997047585,0.05907499999999999,1073,0.00037437156619946586,99.963718142877,69.2258064516129,🟢 Top 10%~100% 一般微網格 (低誤差)
34_49-33_48,34_49,33_48,False,True Stable,Tiny (<10人),1.8186844625970833,0.25485881684047035,0.13384707163022555,0.07109707163022554,1.058372010297725,0.07451428571428571,1074,0.0003679185275965631,99.96408606140459,69.29032258064515,🟢 Top 10%~100% 一般微網格 (低誤差)
33_68-33_68,33_68,33_68,True,Persistent Zero,Tiny (<10人),1.816623665079451,0.2547143824168168,0.0959513071323128,0.0497513071323128,1.3930365997047585,0.05133571428571428,1075,0.00036750162977621263,99.96445356303437,69.35483870967742,🟢 Top 10%~100% 一般微網格 (低誤差)
41_38-40_38,41_38,40_38,False,True Stable,Tiny (<10人),1.8038196390240064,0.2538151492033978,0.1353879780970747,0.07102369238278901,1.023481363204889,0.07659285714285714,1076,0.0003649113847334304,99.9648184744191,69.41935483870968,🟢 Top 10%~100% 一般微網格 (低誤差)
38_52-38_52,38_52,38_52,True,Persistent Low Volume,Tiny (<10人),1.794462474333414,0.25780142188021343,0.07177610492290683,0.0500464752932772,1.3512548329184844,0.023025925925925922,1077,0.00036301843720666416,99.96518149285632,69.48387096774194,🟢 Top 10%~100% 一般微網格 (低誤差)
57_54-57_53,57_54,57_53,False,True Stable,Tiny (<10人),1.7901993672086132,0.25285508040381927,0.14448910695736397,0.07003553552879255,1.023481363204889,0.08709642857142855,1078,0.0003621560137744524,99.9655436488701,69.54838709677419,🟢 Top 10%~100% 一般微網格 (低誤差)
57_47-57_47,57_47,57_47,True,Persistent Zero,Tiny (<10人),1.772676869562791,0.2562317288563147,0.07213866471072759,0.050264590636653526,1.3571439471896452,0.02423703703703704,1079,0.0003586112254033795,99.96590226009549,69.61290322580645,🟢 Top 10%~100% 一般微網格 (低誤差)
59_60-60_61,59_60,60_61,False,Temporary Increase,Tiny (<10人),1.7725111044172437,0.25160279810626424,0.0974040391114084,0.06976118196855126,1.0228173747490727,0.03395714285714286,1080,0.00035857769123649627,99.96626083778673,69.6774193548387,🟢 Top 10%~100% 一般微網格 (低誤差)
42_43-41_47,42_43,41_47,False,Partial Recovery,Tiny (<10人),1.7533687035601708,0.2502405059966005,0.11294079478225906,0.06986579478225904,1.0264238144512507,0.05190357142857143,1081,0.0003547051976386018,99.96661554298437,69.74193548387096,🟢 Top 10%~100% 一般微網格 (低誤差)
43_44-41_47,43_44,41_47,False,Partial Recovery,Tiny (<10人),1.7451980545752677,0.2496567682822092,0.09745361791022636,0.06892861791022638,1.0001673244417268,0.034225,1082,0.00035305228136540663,99.96696859526574,69.80645161290323,🟢 Top 10%~100% 一般微網格 (低誤差)
41_49-41_48,41_49,41_48,False,True Stable,Tiny (<10人),1.71985890776664,0.24783771387792686,0.11378735632450046,0.06888735632450045,1.001417782418299,0.05325714285714286,1083,0.0003479261906244814,99.96731652145635,69.87096774193549,🟢 Top 10%~100% 一般微網格 (低誤差)
31_58-31_58,31_58,31_58,True,Persistent Zero,Tiny (<10人),1.6964243805358632,0.2506601935139271,0.07103404015710459,0.048611817934882354,1.3125190842418235,0.023637037037037036,1084,0.0003431854030216904,99.96765970685938,69.93548387096774,🟢 Top 10%~100% 一般微網格 (低誤差)
34_49-32_48,34_49,32_48,False,True Stable,Tiny (<10人),1.6555299301721464,0.24762052285646505,0.09643980786851608,0.07007314120184942,0.9621563729979319,0.0330037037037037,1085,0.00033491248582570576,99.9679946193452,70.0,🟢 Top 10%~100% 一般微網格 (低誤差)
40_37-40_38,40_37,40_38,False,True Stable,Tiny (<10人),1.6544926740340151,0.24308234010853894,0.1365875747631534,0.06759471762029623,0.9621563729979319,0.08122142857142857,1086,0.0003347026496727445,99.96832932199489,70.06451612903226,🟢 Top 10%~100% 一般微網格 (低誤差)
36_42-37_42,36_42,37_42,False,Temporary Increase,Tiny (<10人),1.6518532972246585,0.2428883706873723,0.0954660466320201,0.0675874752034487,0.965182023513203,0.034507142857142854,1087,0.0003341687056877146,99.96866349070056,70.12903225806451,🟢 Top 10%~100% 一般微網格 (低誤差)
33_59-33_59,33_59,33_59,True,Persistent Zero,Tiny (<10人),1.6290595761677147,0.2412067560182487,0.08279587119600093,0.046617299767429496,1.3052843934880258,0.03949285714285715,1088,0.00032955755270203287,99.96899304825327,70.19354838709677,🟢 Top 10%~100% 一般微網格 (低誤差)
32_44-32_45,32_44,32_45,False,True Stable,Tiny (<10人),1.6242344515566454,0.24084927500385006,0.09404941422364733,0.06652798565221876,0.93234599534859,0.03301428571428572,1089,0.0003285814335461902,99.96932162968682,70.25806451612904,🟢 Top 10%~100% 一般微網格 (低誤差)
37_53-37_53,37_53,37_53,True,Persistent Zero,Tiny (<10人),1.6212018554288259,0.25990397709449237,0.07550886016995624,0.0542755268366229,1.3026126440789496,0.024150000000000005,1090,0.000327967941582582,99.96964959762839,70.3225806451613,🟢 Top 10%~100% 一般微網格 (低誤差)
30_50-31_48,30_50,31_48,False,True Stable,Tiny (<10人),1.6210462456813566,0.2406127776622309,0.1259675856341121,0.06780687134839782,0.9658363765237741,0.07060357142857143,1091,0.00032793646184525206,99.96997753409025,70.38709677419355,🟢 Top 10%~100% 一般微網格 (低誤差)
54_56-53_55,54_56,53_55,False,Persistent Increase,Tiny (<10人),1.615942111409152,0.2402336742936189,0.1373925856341121,0.06780687134839782,0.9658363765237741,0.0843142857142857,1092,0.00032690389924041013,99.97030443798948,70.45161290322581,🟢 Top 10%~100% 一般微網格 (低誤差)
32_45-32_44,32_45,32_44,False,True Stable,Tiny (<10人),1.6108312223490762,0.24425481703040858,0.09542161475044908,0.06899198512081946,0.93234599534859,0.03258518518518519,1093,0.00032586997014695583,99.97063030795962,70.51612903225806,🟢 Top 10%~100% 一般微網格 (低誤差)
53_55-54_56,53_55,54_56,False,True Stable,Tiny (<10人),1.603491393011246,0.2393063930412258,0.1265169174573622,0.06644906031450507,0.931882622336303,0.07040357142857143,1094,0.0003243851280765902,99.9709546930877,70.58064516129032,🟢 Top 10%~100% 一般微網格 (低誤差)
57_53-57_54,57_53,57_54,False,Partial Recovery,Tiny (<10人),1.6012159564416837,0.239136538735994,0.16579194502440595,0.0665205164529774,0.9327560212313647,0.12037857142857142,1095,0.0003239248089340836,99.97127861789664,70.64516129032258,🟢 Top 10%~100% 一般微網格 (低誤差)
34_70-31_70,34_70,31_70,False,True Stable,Tiny (<10人),1.600001358955472,0.23904582338326086,0.10939806793217341,0.06635878221788767,0.9293548356310156,0.050725,1096,0.0003236790967569908,99.9716022969934,70.70967741935485,🟢 Top 10%~100% 一般微網格 (低誤差)
53_64-53_64,53_64,53_64,True,Persistent Zero,Tiny (<10人),1.5999913818387017,0.23904507807395284,0.09196012171546612,0.04638155028689468,1.2986834080330512,0.049942857142857136,1097,0.00032367707839361487,99.9719259740718,70.7741935483871,🟢 Top 10%~100% 一般微網格 (低誤差)
40_39-40_38,40_39,40_38,False,True Stable,Tiny (<10人),1.5953440247218171,0.2386976587893008,0.10788252917871488,0.06640395775014343,0.931882622336303,0.04927857142857144,1098,0.00032273692147094676,99.97224871099327,70.83870967741936,🟢 Top 10%~100% 一般微網格 (低誤差)
35_38-34_37,35_38,34_37,False,True Stable,Tiny (<10人),1.5931251305533465,0.2385316039672541,0.12180791503654252,0.06645791503654253,0.9321305545533518,0.06531428571428573,1099,0.0003222880408145461,99.97257099903408,70.90322580645162,🟢 Top 10%~100% 一般微網格 (低誤差)
40_38-39_37,40_38,39_37,False,True Stable,Tiny (<10人),1.5875303209929998,0.23811239250411917,0.10650663719174676,0.06632092290603246,0.9293548356310156,0.047999999999999994,1100,0.0003211562149602214,99.97289215524904,70.96774193548387,🟢 Top 10%~100% 一般微網格 (低誤差)
39_45-41_46,39_45,41_46,False,Recovered,Tiny (<10人),1.5858434065373455,0.2379858494095624,0.0927615025788476,0.06629721686456189,0.928691066469839,0.033035714285714286,1101,0.0003208149534080006,99.97321297020245,71.03225806451613,🟢 Top 10%~100% 一般微網格 (低誤差)
59_50-59_50,59_50,59_50,True,Persistent Zero,Tiny (<10人),1.57597511,0.31384461820302095,0.25081875,0.0,0.0,0.25081875,1102,0.00031881860428500773,99.97353178880674,71.09677419354838,🟢 Top 10%~100% 一般微網格 (低誤差)
31_47-31_46,31_47,31_46,False,True Stable,Tiny (<10人),1.5659803993170165,0.2364907427452059,0.10637147354385616,0.06632504497242757,0.9298339770446116,0.048825000000000014,1103,0.00031679668167343725,99.97384858548841,71.16129032258065,🟢 Top 10%~100% 一般微網格 (低誤差)
42_43-41_46,42_43,41_46,False,Recovered,Tiny (<10人),1.5421544592991971,0.2346847778936063,0.138967377706597,0.0666030919923113,0.9327560212313647,0.0885,1104,0.000311976711552044,99.97416056219997,71.22580645161291,🟢 Top 10%~100% 一般微網格 (低誤差)
39_52-39_52,39_52,39_52,True,Persistent Zero,Tiny (<10人),1.5345503129634548,0.23410546409711028,0.14924514183170015,0.04317014183170011,1.208763971287603,0.11488214285714285,1105,0.0003104383983476303,99.97447100059831,71.29032258064515,🟢 Top 10%~100% 一般微網格 (低誤差)
59_55-59_55,59_55,59_55,True,Persistent Low Volume,Tiny (<10人),1.487250822078215,0.23046930552355055,0.11379240319574666,0.04484240319574665,1.2555872894809061,0.07625714285714284,1106,0.000300869746170488,99.97477187034448,71.35483870967741,🟢 Top 10%~100% 一般微網格 (低誤差)
43_45-43_46,43_45,43_46,False,Partial Recovery,Tiny (<10人),1.4128032506768007,0.22462693283028837,0.10913730130290968,0.043201587017195404,1.2096444364814714,0.07176428571428572,1107,0.00028580905729539064,99.97505767940177,71.41935483870968,🟢 Top 10%~100% 一般微網格 (低誤差)
32_69-34_70,32_69,34_70,False,True Stable,Tiny (<10人),1.3910745637631674,0.2228928765575812,0.08017081527145621,0.04330652955717051,1.2125828276007742,0.04062857142857144,1108,0.0002814133599326636,99.9753390927617,71.48387096774194,🟢 Top 10%~100% 一般微網格 (低誤差)
30_36-31_36,30_36,31_36,False,True Stable,Tiny (<10人),1.3760882590538255,0.22168899217580096,0.1324352731284828,0.04123527312848279,1.154587647597518,0.09832142857142857,1109,0.000278381641525117,99.97561747440324,71.54838709677419,🟢 Top 10%~100% 一般微網格 (低誤差)
47_59-47_59,47_59,47_59,True,Persistent Zero,Tiny (<10人),1.3664247468398818,0.22090922075755476,0.09443643955211649,0.04306858240925935,1.2059203074592617,0.05683928571428571,1110,0.00027642672011995555,99.97589390112334,71.61290322580646,🟢 Top 10%~100% 一般微網格 (低誤差)
43_54-43_54,43_54,43_54,True,Persistent Zero,Tiny (<10人),1.2919005286639338,0.2320111822613957,0.07022448531656326,0.048107818649896585,1.154587647597518,0.024183333333333334,1111,0.00026135052565880884,99.976155251649,71.67741935483872,🟢 Top 10%~100% 一般微網格 (低誤差)
32_60-32_60,32_60,32_60,True,Persistent Zero,Tiny (<10人),1.2689413145742878,0.21288337808144492,0.0746803224256135,0.041369608139899205,1.1583490279171778,0.036767857142857144,1112,0.0002567058935544721,99.97641195754257,71.74193548387096,🟢 Top 10%~100% 一般微網格 (低誤差)
60_59-60_59,60_59,60_59,True,Persistent Zero,Tiny (<10人),1.256557744142318,0.21184206921855034,0.16565950867652898,0.03555236581938611,0.9954662429428112,0.1405,1113,0.0002542007063747166,99.97666615824895,71.80645161290322,🟢 Top 10%~100% 一般微網格 (低誤差)
34_60-34_60,34_60,34_60,True,Persistent Zero,Tiny (<10人),1.23444414886225,0.2099697383691151,0.11219716923642972,0.039740026379286884,1.1127207386200328,0.07812857142857142,1114,0.0002497271423328868,99.97691588539126,71.87096774193549,🟢 Top 10%~100% 一般微網格 (低誤差)
58_62-58_62,58_62,58_62,True,Persistent Low Volume,Tiny (<10人),1.2339422488551315,0.209927049306516,0.10196477977147343,0.03974692262861629,1.112913833601256,0.06656071428571429,1115,0.00024962560833102033,99.9771655109996,71.93548387096774,🟢 Top 10%~100% 一般微網格 (低誤差)
40_35-40_35,40_35,40_35,True,Persistent Low Volume,Tiny (<10人),1.232149927544133,0.20977453266578286,0.11527124515872982,0.039878388015872686,1.1165948644444352,0.08204285714285715,1116,0.0002492630230495797,99.97741477402265,72.0,🟢 Top 10%~100% 一般微網格 (低誤差)
31_55-31_55,31_55,31_55,True,Persistent Low Volume,Tiny (<10人),1.2173677027006664,0.20851239280578798,0.05727595068989864,0.03994380783275579,1.1184266193171621,0.01876785714285714,1117,0.0002462725898486257,99.9776610466125,72.06451612903226,🟢 Top 10%~100% 一般微網格 (低誤差)
41_60-41_60,41_60,41_60,True,Persistent Zero,Tiny (<10人),1.2072629938863961,0.2291062971338087,0.06909282914393283,0.04868413349175893,1.1197350703104554,0.02275652173913043,1118,0.00024422841469609293,99.97790527502718,72.12903225806451,🟢 Top 10%~100% 一般微網格 (低誤差)
34_56-34_56,34_56,34_56,True,Persistent Zero,Tiny (<10人),1.1936518386578514,0.20647136074818942,0.08725092152704352,0.039829492955614956,1.1152258027572188,0.05153571428571429,1119,0.00024147488801592144,99.97814674991521,72.19354838709677,🟢 Top 10%~100% 一般微網格 (低誤差)
34_37-35_38,34_37,35_38,False,True Stable,Tiny (<10人),1.1886320972986992,0.2060367596621933,0.07492906548575916,0.03974692262861629,1.112913833601256,0.03816071428571429,1120,0.00024045939803524742,99.97838720931324,72.25806451612902,🟢 Top 10%~100% 一般微網格 (低誤差)
41_45-41_47,41_45,41_47,False,Partial Recovery,Tiny (<10人),1.1873695464720233,0.2059273056958297,0.08872247427727883,0.039801045705850246,1.114429279763807,0.05332857142857144,1121,0.00024020398493268918,99.97862741329816,72.3225806451613,🟢 Top 10%~100% 一般微網格 (低誤差)
31_63-31_63,31_63,31_63,True,Persistent Zero,Tiny (<10人),1.1863440586009952,0.22233084005982648,0.06272736106100092,0.04660652772766758,1.118556665464022,0.018904166666666666,1122,0.00023999652949149736,99.97886740982766,72.38709677419355,🟢 Top 10%~100% 一般微網格 (低誤差)
32_46-31_47,32_46,31_47,False,Partial Dissipation,Tiny (<10人),1.1793282067939703,0.20522881018111488,0.0721681151956299,0.03997525805277278,1.1193072254776377,0.035742857142857146,1123,0.000238577227837053,99.97910598705549,72.45161290322581,🟢 Top 10%~100% 一般微網格 (低誤差)
34_40-35_40,34_40,35_40,False,True Stable,Tiny (<10人),1.1736378034311943,0.2047330843728692,0.07514375441058009,0.03987589726772295,1.1165251234962426,0.03901785714285714,1124,0.00023742606342688728,99.97934341311891,72.51612903225806,🟢 Top 10%~100% 一般微網格 (低誤差)
61_51-61_51,61_51,61_51,True,Persistent Low Volume,Tiny (<10人),1.1720672349469434,0.20835042018346767,0.05818891749827903,0.04132595453531606,1.1158007724535337,0.019685185185185184,1125,0.00023710833857901016,99.97958052145749,72.58064516129032,🟢 Top 10%~100% 一般微網格 (低誤差)
40_38-40_37,40_38,40_37,False,True Stable,Tiny (<10人),1.1626758915662234,0.20751402376227077,0.05915977161486133,0.04121903087412059,1.112913833601256,0.02091111111111111,1126,0.00023520847672839858,99.97981572993422,72.64516129032258,🟢 Top 10%~100% 一般微網格 (低誤差)
35_55-35_55,35_55,35_55,True,Persistent Zero,Tiny (<10人),1.1577618866149195,0.21101967522329063,0.06182408296897192,0.042654852199741154,1.10902615719327,0.02218461538461539,1127,0.00023421437714517333,99.98004994431136,72.70967741935483,🟢 Top 10%~100% 一般微網格 (低誤差)
46_53-46_53,46_53,46_53,True,Persistent Zero,Tiny (<10人),1.1568450134421044,0.21511345968507917,0.06343536227543596,0.04400736227543598,1.1001840568858996,0.021948,1128,0.00023402889437745169,99.98028397320573,72.7741935483871,🟢 Top 10%~100% 一般微網格 (低誤差)
36_55-36_55,36_55,36_55,True,Persistent Zero,Tiny (<10人),1.1541817429181696,0.20302900416637956,0.08417085917449642,0.039292287745924984,1.1001840568858996,0.04896428571428572,1129,0.00023349011671155675,99.98051746332244,72.83870967741936,🟢 Top 10%~100% 一般微網格 (低誤差)
35_41-35_40,35_41,35_40,False,True Stable,Tiny (<10人),1.1422972724701426,0.2019810168299188,0.07456734435041382,0.03931020149327097,1.1006856418115871,0.03896428571428572,1130,0.00023108589709104103,99.98074854921953,72.90322580645162,🟢 Top 10%~100% 一般微網格 (低誤差)
32_69-30_68,32_69,30_68,False,True Stable,Tiny (<10人),1.1381831195895704,0.20922780367429203,0.06006587950911894,0.04211587950911893,1.0950128672370922,0.020549999999999995,1131,0.0002302536069927544,99.98097880282653,72.96774193548387,🟢 Top 10%~100% 一般微網格 (低誤差)
30_57-30_57,30_57,30_57,True,Persistent Zero,Tiny (<10人),1.1096180009669643,0.1990708776296742,0.10592757179634733,0.03779900036777589,1.058372010297725,0.07372857142857143,1132,0.00022447490452930308,99.98120327773105,73.03225806451613,🟢 Top 10%~100% 一般微網格 (低誤差)
48_40-48_40,48_40,48_40,True,Persistent Zero,Tiny (<10人),1.1046476622827692,0.21020443975166359,0.06125200903458094,0.042468009034580936,1.0617002258645234,0.02008,1133,0.00022346940867339532,99.98142674713972,73.09677419354838,🟢 Top 10%~100% 一般微網格 (低誤差)
60_58-60_58,60_58,60_58,True,Persistent Zero,Tiny (<10人),1.0918878423162093,0.20492849055934395,0.058535382394515875,0.040839228548362035,1.0618199422574128,0.01938846153846154,1134,0.00022088810648984326,99.98164763524622,73.16129032258064,🟢 Top 10%~100% 一般微網格 (低誤差)
35_70-36_70,35_70,36_70,False,True Stable,Tiny (<10人),1.0884693278075757,0.2129621765916403,0.0635383339240063,0.04426750059067298,1.0624200141761515,0.021370833333333335,1135,0.00022019654352196708,99.98186783178976,73.22580645161291,🟢 Top 10%~100% 一般微網格 (低誤差)
64_67-64_67,64_67,64_67,True,Persistent Low Volume,Tiny (<10人),1.0818007949744746,0.20801930631308957,0.061332797690296516,0.042472797690296514,1.0618199422574128,0.021076,1136,0.0002188475042401995,99.98208667929399,73.29032258064517,🟢 Top 10%~100% 一般微網格 (低誤差)
40_47-39_45,40_47,39_45,False,Partial Dissipation,Tiny (<10人),1.0774979466309555,0.19616847229494888,0.08958285764914826,0.03794357193486255,1.0624200141761515,0.05640357142857143,1137,0.00021797704118870444,99.98230465633517,73.35483870967742,🟢 Top 10%~100% 一般微網格 (低誤差)
37_62-37_62,37_62,37_62,True,Persistent Zero,Tiny (<10人),1.0721378552745524,0.19567993685704438,0.07019714336343398,0.03794357193486255,1.0624200141761515,0.03539642857142857,1138,0.00021689269865420304,99.98252154903383,73.41935483870968,🟢 Top 10%~100% 一般微網格 (低誤差)
38_53-38_53,38_53,38_53,True,Persistent Zero,Tiny (<10人),1.0660780295959886,0.19512615238023293,0.07370428365205046,0.0379221407949076,1.0618199422574128,0.03938214285714285,1139,0.00021566680038157728,99.98273721583422,73.48387096774194,🟢 Top 10%~100% 一般微網格 (低誤差)
36_70-35_70,36_70,35_70,False,True Stable,Tiny (<10人),1.0642338455013711,0.2063234204351383,0.05969680056704606,0.04249680056704606,1.0624200141761515,0.02008,1140,0.00021529372329719961,99.9829525095575,73.54838709677419,🟢 Top 10%~100% 一般微網格 (低誤差)
33_65-33_65,33_65,33_65,True,Persistent Zero,Tiny (<10人),1.0577140276549857,0.19435920607904855,0.0726844640986226,0.03683089267005117,1.0312649947614327,0.037453571428571426,1141,0.0002139747689477384,99.98316648432646,73.61290322580645,🟢 Top 10%~100% 一般微網格 (低誤差)
32_47-31_49,32_47,31_49,False,True Stable,Tiny (<10人),1.0558825749104008,0.19419086477248548,0.10459441464316739,0.03661941464316739,1.025343610008687,0.07309642857142858,1142,0.00021360426740609767,99.98338008859386,73.67741935483872,🟢 Top 10%~100% 一般微網格 (低誤差)
42_35-42_36,42_35,42_36,False,True Stable,Tiny (<10人),1.0420601466912935,0.19291561318463402,0.08843417437334189,0.0372841743733419,1.0439568824535732,0.05585,1143,0.00021080800035550603,99.98359089659422,73.74193548387098,🟢 Top 10%~100% 一般微網格 (低誤差)
42_45-42_44,42_45,42_44,False,True Stable,Tiny (<10人),1.0231216232577924,0.1911545395053243,0.07363733187169283,0.03655518901454996,1.0235452924073989,0.03956785714285714,1144,0.00020697675101027512,99.98379787334524,73.80645161290322,🟢 Top 10%~100% 一般微網格 (低誤差)
57_48-57_48,57_48,57_48,True,Persistent Zero,Tiny (<10人),1.020122132525825,0.20616762319831575,0.06174268337669716,0.04271768337669716,1.0252244010407319,0.020766666666666666,1145,0.00020636995624387066,99.98400424330147,73.87096774193549,🟢 Top 10%~100% 一般微網格 (低誤差)
43_55-43_55,43_55,43_55,True,Persistent Zero,Tiny (<10人),1.0120403993247626,0.19011654314100174,0.07204727908754467,0.03665799337325896,1.0264238144512507,0.038325000000000005,1146,0.00020473502756827343,99.98420897832904,73.93548387096774,🟢 Top 10%~100% 一般微網格 (低誤差)
54_56-53_54,54_56,53_54,False,Persistent Increase,Tiny (<10人),1.0114131761195806,0.21945963682684455,0.06677735243051104,0.04882020957336818,1.0252244010407319,0.020233333333333332,1147,0.0002046081407757204,99.98441358646981,74.0,🟢 Top 10%~100% 一般微網格 (低誤差)
30_50-32_48,30_50,32_48,False,True Stable,Tiny (<10人),1.0071936059812183,0.18966075032440144,0.06993467444892619,0.03660967444892619,1.0250708845699332,0.03616785714285714,1148,0.00020375452484380674,99.98461734099466,74.06451612903226,🟢 Top 10%~100% 一般微網格 (低誤差)
33_61-33_61,33_61,33_61,True,Persistent Zero,Tiny (<10人),1.0052582400310879,0.20466010847572452,0.058137559864108256,0.04275422653077492,1.026101436738598,0.01765833333333333,1149,0.00020336300173720052,99.9848207039964,74.12903225806453,🟢 Top 10%~100% 一般微網格 (低誤差)
41_47-41_45,41_47,41_45,False,Recovered,Tiny (<10人),1.002745638009426,0.18924149707350751,0.08539398654837506,0.03664398654837504,1.0260316233545013,0.053328571428571434,1150,0.00020285470419837076,99.9850235587006,74.19354838709677,🟢 Top 10%~100% 一般微網格 (低誤差)
41_61-41_61,41_61,41_61,True,Persistent Zero,Tiny (<10人),1.001147800119916,0.19622865392188973,0.05538808919977374,0.039318858430542974,1.0222903191941173,0.018069230769230768,1151,0.00020253146276988954,99.98522609016337,74.25806451612902,🟢 Top 10%~100% 一般微網格 (低誤差)
53_36-52_35,53_36,52_35,False,Persistent Increase,Tiny (<10人),0.9988371551958215,0.1960020756557893,0.057087341714228204,0.03942580325268974,1.0250708845699332,0.02006153846153846,1152,0.00020206402100318672,99.98542815418438,74.3225806451613,🟢 Top 10%~100% 一般微網格 (低誤差)
35_58-35_58,35_58,35_58,True,Persistent Zero,Tiny (<10人),0.9980521298116712,0.20392524465798645,0.06020667387986761,0.04256500721320095,1.021560173116823,0.019925000000000002,1153,0.00020190521094602592,99.98563005939532,74.38709677419355,🟢 Top 10%~100% 一般微網格 (低誤差)
31_37-33_38,31_37,33_38,False,True Stable,Tiny (<10人),0.9943053627345512,0.18844337561174246,0.07508933702637852,0.03664647988352136,1.026101436738598,0.04231428571428571,1154,0.0002011472427252534,99.98583120663804,74.45161290322581,🟢 Top 10%~100% 一般微網格 (低誤差)
31_47-30_48,31_47,30_48,False,True Stable,Tiny (<10人),0.9941130676195984,0.2287394596501257,0.07374338952845957,0.05395917900214378,1.0252244010407319,0.023310526315789476,1155,0.00020110834156509484,99.98603231497961,74.51612903225806,🟢 Top 10%~100% 一般微網格 (低誤差)
50_44-46_42,50_44,46_42,False,Partial Dissipation,Tiny (<10人),0.99265355226013,0.20337296938754032,0.058629178474883435,0.042616678474883436,1.0228002833972025,0.018579166666666667,1156,0.00020081308268258733,99.9862331280623,74.58064516129032,🟢 Top 10%~100% 一般微網格 (低誤差)
60_67-60_67,60_67,60_67,True,Persistent Zero,Tiny (<10人),0.9904737451241675,0.1951797736530023,0.05746181964463451,0.03910028118309605,1.0166073107604974,0.02046153846153846,1157,0.00020037210930408137,99.98643350017159,74.64516129032258,🟢 Top 10%~100% 一般微網格 (低誤差)
48_54-48_54,48_54,48_54,True,Persistent Zero,Tiny (<10人),0.9894903200137947,0.18798654207281082,0.10189883301577594,0.03572026158720453,1.0001673244417268,0.0718,1158,0.00020017316312839718,99.98663367333472,74.70967741935483,🟢 Top 10%~100% 一般微網格 (低誤差)
40_45-38_44,40_45,38_44,False,True Stable,Tiny (<10人),0.9828108639638655,0.18735097544104082,0.07082790582874603,0.036552905828746034,1.023481363204889,0.038017857142857145,1159,0.00019882191408790857,99.98683249524882,74.7741935483871,🟢 Top 10%~100% 一般微網格 (低誤差)
40_45-40_44,40_45,40_44,False,Partial Dissipation,Tiny (<10人),0.9786082403193455,0.19400716088284212,0.05650028118309606,0.03910028118309605,1.0166073107604974,0.01994615384615385,1160,0.00019797172641922064,99.98703046697524,74.83870967741936,🟢 Top 10%~100% 一般微網格 (低誤差)
32_48-32_46,32_48,32_46,False,Partial Dissipation,Tiny (<10人),0.9756794868494991,0.18667001890745788,0.06790336093970295,0.03644264665398868,1.020394106311683,0.035003571428571426,1161,0.00019737924174885598,99.987227846217,74.90322580645162,🟢 Top 10%~100% 一般微網格 (低誤差)
41_47-37_43,41_47,37_43,False,Temporary Increase,Tiny (<10人),0.9721153417623762,0.1863287553303086,0.06740112940551791,0.03664398654837504,1.0260316233545013,0.03485714285714286,1162,0.00019665821782218637,99.98742450443481,74.96774193548387,🟢 Top 10%~100% 一般微網格 (低誤差)
40_46-42_46,40_46,42_46,False,True Stable,Tiny (<10人),0.9639241757023844,0.1925461159249493,0.05590258940160487,0.038467974016989495,1.0001673244417268,0.01925769230769231,1163,0.0001950011509598085,99.98761950558578,75.03225806451613,🟢 Top 10%~100% 一般微網格 (低誤差)
34_37-33_37,34_37,33_37,False,Delayed Increase,Tiny (<10人),0.9613318180413964,0.18529241542967742,0.09115236581938611,0.03555236581938611,0.9954662429428112,0.060421428571428584,1164,0.00019447671891387107,99.98781398230469,75.09677419354838,🟢 Top 10%~100% 一般微網格 (低誤差)
45_69-45_69,45_69,45_69,True,Persistent Zero,Tiny (<10人),0.9548626526312435,0.19543414774611356,0.05752493242951226,0.04002493242951226,1.0006233107378064,0.019812000000000003,1165,0.00019316801151496183,99.98800715031621,75.16129032258064,🟢 Top 10%~100% 一般微網格 (低誤差)
30_54-30_54,30_54,30_54,True,Persistent Zero,Tiny (<10人),0.9535457238678908,0.1845405224438612,0.07887740444434739,0.03572026158720453,1.0001673244417268,0.04712142857142857,1166,0.00019290159779585501,99.988200051914,75.2258064516129,🟢 Top 10%~100% 一般微網格 (低誤差)
41_48-41_49,41_48,41_49,False,Partial Dissipation,Tiny (<10人),0.9513185179004281,0.184324879909324,0.0692130801051004,0.03555236581938611,0.9954662429428112,0.03650357142857143,1167,0.00019245103566863862,99.98839250294967,75.29032258064517,🟢 Top 10%~100% 一般微網格 (低誤差)
60_61-61_61,60_61,61_61,False,Persistent Decrease,Tiny (<10人),0.951288017393235,0.22375833032340411,0.07578268495444655,0.05369321127023603,1.0201710141344846,0.027626315789473686,1168,0.00019244486543849247,99.98858494781511,75.35483870967742,🟢 Top 10%~100% 一般微網格 (低誤差)
31_53-31_53,31_53,31_53,True,Persistent Low Volume,Tiny (<10人),0.945069352345319,0.18371847176992212,0.10277338698682197,0.03319124412967913,0.9293548356310156,0.07215357142857144,1169,0.00019118683407840805,99.98877613464919,75.41935483870968,🟢 Top 10%~100% 一般微網格 (低誤差)
31_48-30_50,31_48,30_50,False,True Stable,Tiny (<10人),0.9419920896800683,0.18341912286190612,0.0668380801051004,0.03555236581938611,0.9954662429428112,0.03427857142857143,1170,0.0001905643061071677,99.98896669895528,75.48387096774194,🟢 Top 10%~100% 一般微網格 (低誤差)
30_47-30_46,30_47,30_46,False,True Stable,Tiny (<10人),0.940790304030456,0.19022156150844163,0.05545254780549273,0.03828716319010812,0.9954662429428112,0.019573076923076922,1171,0.000190321185755185,99.98915702014104,75.54838709677419,🟢 Top 10%~100% 一般微網格 (低誤差)
32_37-33_37,32_37,33_37,False,Delayed Increase,Tiny (<10人),0.937992678680389,0.18302933787865708,0.1043243579826144,0.03447078655404297,0.965182023513203,0.07567499999999998,1172,0.0001897552282068956,99.98934677536924,75.61290322580645,🟢 Top 10%~100% 一般微網格 (低誤差)
31_68-30_68,31_68,30_68,False,True Stable,Tiny (<10人),0.9355759158100961,0.20621876246202236,0.06250301104285505,0.0452484655883096,0.9954662429428112,0.02029090909090909,1173,0.00018926631885781672,99.9895360416881,75.6774193548387,🟢 Top 10%~100% 一般微網格 (低誤差)
31_52-31_52,31_52,31_52,True,Persistent Low Volume,Tiny (<10人),0.9352716927677648,0.18276367378664612,0.10036753059277316,0.034474673449916005,0.9652908565976481,0.07110714285714285,1174,0.0001892047747603675,99.98972524646285,75.74193548387098,🟢 Top 10%~100% 一般微網格 (低誤差)
32_39-33_39,32_39,33_39,False,True Stable,Tiny (<10人),0.9351719614116223,0.19340857906635087,0.05769585351505122,0.03983185351505122,0.9957963378762804,0.020648,1175,0.00018918459918045697,99.98991443106205,75.80645161290323,🟢 Top 10%~100% 一般微網格 (低誤差)
30_68-31_70,30_68,31_70,False,True Stable,Tiny (<10人),0.9341454390302804,0.18265359867307376,0.06818450867652896,0.03555236581938611,0.9954662429428112,0.03613214285714285,1176,0.0001889769344585904,99.9901034079965,75.87096774193547,🟢 Top 10%~100% 一般微網格 (低誤差)
33_37-34_37,33_37,34_37,False,True Stable,Tiny (<10人),0.9142928303134569,0.18070228379391817,0.09582824487848741,0.034474673449916005,0.9652908565976481,0.06675357142857143,1177,0.00018496076633362933,99.99028836876283,75.93548387096774,🟢 Top 10%~100% 一般微網格 (低誤差)
37_42-36_42,37_42,36_42,False,True Stable,Tiny (<10人),0.911080197355916,0.20829011330992805,0.06525628683396205,0.045961048738723954,0.965182023513203,0.02082857142857143,1178,0.00018431085305193847,99.99047267961589,76.0,🟢 Top 10%~100% 一般微網格 (低誤差)
31_36-30_36,31_36,30_36,False,True Stable,Tiny (<10人),0.9056045871050757,0.17984165526384152,0.0973770133213547,0.034362727607068995,0.9621563729979319,0.06889285714285714,1179,0.00018320314113015463,99.99065588275701,76.06451612903226,🟢 Top 10%~100% 一般微網格 (低誤差)
41_48-40_46,41_48,40_46,False,Partial Dissipation,Tiny (<10人),0.8963482014974278,0.17892019385123994,0.08379967344991601,0.034474673449916005,0.9652908565976481,0.053674999999999994,1180,0.0001813305811376595,99.99083721333815,76.12903225806451,🟢 Top 10%~100% 一般微網格 (低誤差)
32_38-34_39,32_38,34_39,False,Delayed Increase,Tiny (<10人),0.8926542552950332,0.18182757963144883,0.053157643444367846,0.03563542122214563,0.9621563729979319,0.019270370370370368,1181,0.00018058329854094934,99.99101779663671,76.19354838709678,🟢 Top 10%~100% 一般微網格 (低誤差)
49_54-49_54,49_54,49_54,True,Persistent Zero,Tiny (<10人),0.8912867432480744,0.17841431949739053,0.09027629916156336,0.0344941563044205,0.9658363765237741,0.06148928571428571,1182,0.00018030665186081598,99.99119810328855,76.25806451612902,🟢 Top 10%~100% 一般微網格 (低誤差)
34_35-34_35,34_35,34_35,True,Persistent Zero,Tiny (<10人),0.8891752,0.17820285391333424,0.17775000000000002,0.0,0.0,0.17775000000000002,1183,0.00017987948821656367,99.99137798277678,76.32258064516128,🟢 Top 10%~100% 一般微網格 (低誤差)
60_65-61_65,60_65,61_65,False,Persistent Increase,Tiny (<10人),0.8877338527263662,0.1847798953356259,0.0541860144816836,0.03714755294322208,0.9658363765237741,0.019315384615384616,1184,0.00017958790472444243,99.99155757068151,76.38709677419355,🟢 Top 10%~100% 一般微網格 (低誤差)
42_39-42_40,42_39,42_40,False,Temporary Increase,Tiny (<10人),0.8871053063498423,0.18471446846311015,0.05442832217399131,0.03714755294322208,0.9658363765237741,0.019596153846153843,1185,0.0001794607502553013,99.99173703143177,76.45161290322581,🟢 Top 10%~100% 一般微網格 (低誤差)
33_38-33_37,33_38,33_37,False,Delayed Increase,Tiny (<10人),0.8843944167481137,0.17772314110396878,0.06903772760706901,0.034362727607068995,0.9621563729979319,0.037753571428571435,1186,0.00017891233928503294,99.99191594377106,76.51612903225806,🟢 Top 10%~100% 一般微網格 (低誤差)
34_39-39_38,34_39,39_38,False,True Stable,Tiny (<10人),0.8581704415938307,0.19316251792251662,0.05845177637381077,0.041969167678158614,0.9652908565976481,0.020352173913043475,1187,0.0001736072484213243,99.99208955101948,76.58064516129032,🟢 Top 10%~100% 一般微網格 (低誤差)
41_47-37_42,41_47,37_42,False,Temporary Increase,Tiny (<10人),0.8396279938401096,0.19995570864808435,0.06406369537683503,0.04430655251969216,0.9304376029135354,0.021642857142857144,1188,0.00016985612489446285,99.99225940714437,76.64516129032258,🟢 Top 10%~100% 一般微網格 (低誤差)
39_44-38_45,39_44,38_45,False,Partial Dissipation,Tiny (<10人),0.8374770994658911,0.17294477849734613,0.06765652222629653,0.03328152222629654,0.931882622336303,0.03710357142857142,1189,0.00016942100054636778,99.99242882814491,76.70967741935483,🟢 Top 10%~100% 一般微網格 (低誤差)
54_56-55_55,54_56,55_55,False,Temporary Increase,Tiny (<10人),0.8323902862590424,0.17241874755736836,0.0840177042989415,0.033231990013227235,0.9304957203703625,0.05546428571428571,1190,0.00016839194198029305,99.99259722008689,76.77419354838709,🟢 Top 10%~100% 一般微網格 (低誤差)
58_51-58_51,58_51,58_51,True,Persistent Zero,Tiny (<10人),0.8321459200000001,0.1723934370643417,0.1720357142857143,0.0,0.0,0.1720357142857143,1191,0.0001683425068660277,99.99276556259376,76.83870967741936,🟢 Top 10%~100% 一般微網格 (低誤差)
34_38-31_36,34_38,31_36,False,True Stable,Tiny (<10人),0.8302289779210603,0.19426188718993145,0.060373346890968294,0.04261425598187738,0.9375136316013024,0.020631818181818185,1192,0.00016795471089499692,99.99293351730465,76.90322580645162,🟢 Top 10%~100% 一般微網格 (低誤差)
40_45-42_46,40_45,42_46,False,True Stable,Tiny (<10人),0.8298790967168598,0.1786572886752799,0.05092777626016545,0.03584700702939622,0.9320221827643017,0.017026923076923075,1193,0.00016788393018502188,99.99310140123482,76.96774193548387,🟢 Top 10%~100% 一般微網格 (低誤差)
50_43-50_44,50_43,50_44,False,True Stable,Tiny (<10人),0.8293581994660884,0.1721044325263514,0.06406628647254872,0.03331271504397731,0.9327560212313647,0.033575,1194,0.0001677785530547531,99.99326917978789,77.03225806451613,🟢 Top 10%~100% 一般微網格 (低誤差)
35_38-35_39,35_38,35_39,False,True Stable,Tiny (<10人),0.8277423566094154,0.1719366948087721,0.0655139666596371,0.033167538088208534,0.928691066469839,0.03510357142857143,1195,0.00016745166923467274,99.99343663145713,77.09677419354838,🟢 Top 10%~100% 一般微網格 (低誤差)
30_37-32_38,30_37,32_38,False,Temporary Increase,Tiny (<10人),0.8276890647445975,0.18570687753650436,0.055295655015431766,0.038770655015431775,0.9304957203703625,0.018658333333333336,1196,0.0001674408883296615,99.99360407234545,77.16129032258064,🟢 Top 10%~100% 一般微網格 (低誤差)
35_37-34_37,35_37,34_37,False,True Stable,Tiny (<10人),0.8266310084231608,0.17182123272492514,0.06523454579226289,0.033116688649405736,0.9272672821833606,0.034875,1197,0.00016722684431493378,99.99377129918977,77.2258064516129,🟢 Top 10%~100% 一般微網格 (低誤差)
43_42-42_42,43_42,42_42,False,Recovered,Tiny (<10人),0.8261015867161952,0.19377840984862946,0.05894947565126023,0.04200856656035113,0.924188464327725,0.01875,1198,0.00016711974269345385,99.99393841893246,77.29032258064517,🟢 Top 10%~100% 一般微網格 (低誤差)
33_37-34_39,33_37,34_39,False,Delayed Increase,Tiny (<10人),0.8252004299329048,0.193672688966451,0.058028110884181944,0.04226447452054556,0.9298184394520024,0.018081818181818178,1199,0.00016693743933976027,99.9941053563718,77.35483870967742,🟢 Top 10%~100% 一般微網格 (低誤差)
60_62-61_61,60_62,61_61,False,Persistent Decrease,Tiny (<10人),0.8234588392275339,0.21388715083056895,0.07382681235201684,0.05177125679646128,0.931882622336303,0.025500000000000002,1200,0.00016658511682248267,99.99427194148862,77.41935483870968,🟢 Top 10%~100% 一般微網格 (低誤差)
35_70-33_70,35_70,33_70,False,True Stable,Tiny (<10人),0.8231019352171907,0.17145406873658098,0.07566770429894151,0.033231990013227235,0.9304957203703625,0.04652142857142859,1201,0.0001665129154039962,99.99443845440402,77.48387096774194,🟢 Top 10%~100% 一般微網格 (低誤差)
37_41-37_42,37_41,37_42,False,Temporary Increase,Tiny (<10人),0.8197425565369362,0.17110382776641542,0.06400467877635334,0.033129678776353345,0.9276310057378936,0.033796428571428574,1202,0.0001658333155706565,99.9946042877196,77.54838709677419,🟢 Top 10%~100% 一般微網格 (低誤差)
41_46-38_44,41_46,38_44,False,True Stable,Tiny (<10人),0.819543283514313,0.1710830294992874,0.06679601658313303,0.03300673086884732,0.924188464327725,0.03681071428571429,1203,0.00016579300278491435,99.99477008072238,77.61290322580645,🟢 Top 10%~100% 一般微網格 (低誤差)
51_58-51_58,51_58,51_58,True,Persistent Zero,Tiny (<10人),0.8186315973632219,0.1929003036619531,0.05971037248489607,0.042155827030350604,0.9274281946677133,0.020100000000000003,1204,0.00016560856934786798,99.99493568929174,77.6774193548387,🟢 Top 10%~100% 一般微網格 (低誤差)
42_45-42_43,42_45,42_43,False,True Stable,Tiny (<10人),0.8178159038843795,0.17090263559411117,0.06697926742657785,0.03331498171229214,0.93281948794418,0.03720714285714286,1205,0.0001654435551577334,99.99510113284687,77.74193548387098,🟢 Top 10%~100% 一般微網格 (低誤差)
60_62-59_60,60_62,59_60,False,Delayed Increase,Tiny (<10人),0.8175960840965946,0.1973148419702446,0.06060179061493026,0.04430655251969216,0.9304376029135354,0.019219047619047618,1206,0.00016539908577652861,99.99526653193266,77.80645161290323,🟢 Top 10%~100% 一般微網格 (低誤差)
65_66-65_66,65_66,65_66,True,Persistent Zero,Tiny (<10人),0.817457065174758,0.2021703570228284,0.06339336410916803,0.04636336410916803,0.9272672821833606,0.0198,1207,0.00016537096235100756,99.995431902895,77.87096774193549,🟢 Top 10%~100% 一般微網格 (低誤差)
43_58-43_58,43_58,43_58,True,Persistent Zero,Tiny (<10人),0.8171658290622869,0.1884912440663084,0.05626669465411354,0.040427564219330935,0.9298339770446116,0.018482608695652176,1208,0.00016531204549990612,99.9955972149405,77.93548387096774,🟢 Top 10%~100% 一般微網格 (低誤差)
36_41-35_41,36_41,35_41,False,Partial Dissipation,Tiny (<10人),0.8164395593792845,0.184440545906091,0.05421629443624329,0.03869546110290996,0.928691066469839,0.018004166666666665,1209,0.00016516512167782281,99.99576238006217,78.0,🟢 Top 10%~100% 一般微網格 (低誤差)
57_67-57_67,57_67,57_67,True,Persistent Zero,Tiny (<10人),0.8143505754684673,0.20702791261953915,0.06640097049747382,0.04893781260273697,0.9298184394520024,0.020873684210526315,1210,0.0001647425217708861,99.99592712258395,78.06451612903226,🟢 Top 10%~100% 一般微網格 (低誤差)
58_44-51_44,58_44,51_44,False,Temporary Increase,Tiny (<10人),0.8141820745701339,0.2017649715101873,0.06138774178155078,0.04646774178155078,0.9293548356310156,0.01798,1211,0.00016470843416322876,99.9960918310181,78.12903225806451,🟢 Top 10%~100% 一般微網格 (低誤差)
52_35-53_36,52_35,53_36,False,Delayed Increase,Tiny (<10人),0.8135810905082373,0.2126004456079052,0.07299380357376248,0.051343803573762496,0.924188464327725,0.02493888888888889,1212,0.00016458685553004122,99.99625641787365,78.19354838709678,🟢 Top 10%~100% 一般微網格 (低誤差)
60_61-59_60,60_61,59_60,False,Delayed Increase,Tiny (<10人),0.8134055872699093,0.1880570666475552,0.05498939222745065,0.04055460961875499,0.9327560212313647,0.01745217391304348,1213,0.00016455135135415912,99.99642096922501,78.25806451612904,🟢 Top 10%~100% 一般微網格 (低誤差)
38_43-41_46,38_43,41_46,False,Recovered,Tiny (<10人),0.812252593520279,0.19214726756511516,0.0578835274051607,0.04229261831425161,0.9304376029135354,0.01863636363636364,1214,0.0001643181015676149,99.99658528732657,78.32258064516128,🟢 Top 10%~100% 一般微網格 (低誤差)
61_62-59_61,61_62,59_61,False,Persistent Decrease,Tiny (<10人),0.8120659795683991,0.1703007821859815,0.06848348581834054,0.03322991438976912,0.9304376029135354,0.039017857142857146,1215,0.00016428034970256264,99.99674956767628,78.38709677419354,🟢 Top 10%~100% 一般微網格 (低誤差)
42_44-42_45,42_44,42_45,False,Partial Recovery,Tiny (<10人),0.8110622142946701,0.17019549833465358,0.06243735697673536,0.033298071262449644,0.93234599534859,0.032610714285714285,1216,0.000164077288726809,99.996913644965,78.45161290322581,🟢 Top 10%~100% 一般微網格 (低誤差)
70_59-70_59,70_59,70_59,True,Persistent Zero,Tiny (<10人),0.8102246097848969,0.2065027857318021,0.06604978922887317,0.0490708418604521,0.93234599534859,0.02085263157894737,1217,0.0001639078419512513,99.99707755280696,78.51612903225806,🟢 Top 10%~100% 一般微網格 (低誤差)
40_47-38_44,40_47,38_44,False,True Stable,Tiny (<10人),0.8089736775297824,0.17988592802437686,0.05233424084925459,0.037310240849254585,0.9327560212313647,0.018064,1218,0.0001636547792771646,99.99724120758623,78.58064516129032,🟢 Top 10%~100% 一般微網格 (低誤差)
61_61-61_60,61_61,61_60,False,Delayed Increase,Tiny (<10人),0.8089130380227689,0.19175185645928022,0.05758265633872738,0.04226447452054556,0.9298184394520024,0.018454545454545456,1219,0.0001636425119495476,99.99740485009818,78.64516129032259,🟢 Top 10%~100% 一般微網格 (低誤差)
39_45-37_43,39_45,37_43,False,Temporary Increase,Tiny (<10人),0.8061892553958804,0.16968345059844736,0.06263650652729649,0.03328650652729649,0.9320221827643017,0.03297857142857143,1220,0.0001630914927297832,99.9975679415909,78.70967741935485,🟢 Top 10%~100% 一般微網格 (低誤差)
41_46-41_45,41_46,41_45,False,Recovered,Tiny (<10人),0.8050630677476285,0.16956489147095916,0.06186920010405483,0.03322991438976912,0.9304376029135354,0.032167857142857144,1221,0.00016286366579780918,99.99773080525671,78.77419354838709,🟢 Top 10%~100% 一般微網格 (低誤差)
42_46-42_43,42_46,42_43,False,True Stable,Tiny (<10人),0.8046409300360121,0.18310299128678148,0.05355092428184591,0.03883425761517924,0.9320221827643017,0.017983333333333334,1222,0.00016277826764958997,99.99789358352436,78.83870967741935,🟢 Top 10%~100% 一般微網格 (低誤差)
40_47-40_48,40_47,40_48,False,True Stable,Tiny (<10人),0.802806973382237,0.1955221304466383,0.060551955546182826,0.04422338411761138,0.928691066469839,0.01988095238095238,1223,0.00016240725956896375,99.99805599078393,78.90322580645162,🟢 Top 10%~100% 一般微網格 (低誤差)
43_42-43_41,43_42,43_41,False,Persistent Increase,Tiny (<10人),0.802098006585409,0.186745351677836,0.05540243570571151,0.04055460961875499,0.9327560212313647,0.018447826086956522,1224,0.00016226383610801255,99.99821825462004,78.96774193548387,🟢 Top 10%~100% 一般微網格 (低誤差)
58_44-50_44,58_44,50_44,False,True Stable,Tiny (<10人),0.7955150640237563,0.19463213947192012,0.060725600138739774,0.04430655251969216,0.9304376029135354,0.020533333333333334,1225,0.00016093211167513463,99.99837918673171,79.03225806451613,🟢 Top 10%~100% 一般微網格 (低誤差)
35_67-35_67,35_67,35_67,True,Persistent Zero,Tiny (<10人),0.7929186039138647,0.18984666108035056,0.057828281034740976,0.04236464467110462,0.9320221827643017,0.019654545454545456,1226,0.00016040684970680484,99.99853959358143,79.09677419354838,🟢 Top 10%~100% 一般微網格 (低誤差)
41_39-40_38,41_39,40_38,False,True Stable,Tiny (<10人),0.7848515253230485,0.20881298455303765,0.06786971309061197,0.05163082420172309,0.9293548356310156,0.02158333333333333,1227,0.0001587748856480695,99.99869836846707,79.16129032258064,🟢 Top 10%~100% 一般微網格 (低誤差)
40_46-38_45,40_46,38_45,False,Partial Dissipation,Tiny (<10人),0.3531743399999999,0.11230925734646402,0.11191428571428572,0.0,0.0,0.11191428571428572,1228,7.144690892236158e-05,99.998769815376,79.2258064516129,🟢 Top 10%~100% 一般微網格 (低誤差)
34_37-35_37,34_37,35_37,False,True Stable,Tiny (<10人),0.33405708,0.10922733174439445,0.10892857142857142,0.0,0.0,0.10892857142857142,1229,6.757950130134047e-05,99.99883739487728,79.29032258064515,🟢 Top 10%~100% 一般微網格 (低誤差)
58_40-58_40,58_40,58_40,True,Persistent Decrease,Tiny (<10人),0.22311812,0.0892664790708936,0.08819285714285714,0.0,0.0,0.08819285714285714,1230,4.5136631383153554e-05,99.99888253150867,79.35483870967742,🟢 Top 10%~100% 一般微網格 (低誤差)
50_53-50_53,50_53,50_53,True,Persistent Low Volume,Tiny (<10人),0.22190474000000002,0.08902341987204428,0.0881857142857143,0.0,0.0,0.0881857142857143,1231,4.489116550262494e-05,99.99892742267417,79.41935483870968,🟢 Top 10%~100% 一般微網格 (低誤差)
35_35-35_35,35_35,35_35,True,Persistent Zero,Tiny (<10人),0.22186511,0.08901547016430025,0.088075,0.0,0.0,0.088075,1232,4.488314838280645e-05,99.99897230582255,79.48387096774194,🟢 Top 10%~100% 一般微網格 (低誤差)
51_55-51_55,51_55,51_55,True,Persistent Zero,Tiny (<10人),0.21928235999999998,0.08849583525309458,0.08825000000000001,0.0,0.0,0.08825000000000001,1233,4.436065995961231e-05,99.9990166664825,79.54838709677419,🟢 Top 10%~100% 一般微網格 (低誤差)
33_67-33_67,33_67,33_67,True,Persistent Zero,Tiny (<10人),0.18238483,0.08070776870023993,0.07915357142857142,0.0,0.0,0.07915357142857142,1234,3.6896316810078565e-05,99.99905356279933,79.61290322580645,🟢 Top 10%~100% 一般微網格 (低誤差)
51_37-51_37,51_37,51_37,True,Persistent Low Volume,Tiny (<10人),0.1803554,0.08025748741216789,0.07955000000000001,0.0,0.0,0.07955000000000001,1235,3.64857646154477e-05,99.99909004856394,79.6774193548387,🟢 Top 10%~100% 一般微網格 (低誤差)
41_48-40_48,41_48,40_48,False,True Stable,Tiny (<10人),0.15776012000000003,0.07506190778284283,0.07413571428571429,0.0,0.0,0.07413571428571429,1236,3.1914756109463776e-05,99.99912196332006,79.74193548387096,🟢 Top 10%~100% 一般微網格 (低誤差)
41_45-41_46,41_45,41_46,False,Recovered,Tiny (<10人),0.10392311,0.06092240673887681,0.060425,0.0,0.0,0.060425,1237,2.1023568629302358e-05,99.99914298688869,79.80645161290323,🟢 Top 10%~100% 一般微網格 (低誤差)
31_65-31_65,31_65,31_65,True,Persistent Zero,Tiny (<10人),0.0944737,0.05808666554628277,0.0575,0.0,0.0,0.0575,1238,1.9111959944367736e-05,99.99916209884863,79.87096774193549,🟢 Top 10%~100% 一般微網格 (低誤差)
34_39-32_38,34_39,32_38,False,Temporary Increase,Tiny (<10人),0.08862457000000001,0.05625978327620641,0.054789285714285714,0.0,0.0,0.054789285714285714,1239,1.7928685252369864e-05,99.99918002753387,79.93548387096774,🟢 Top 10%~100% 一般微網格 (低誤差)
30_50-30_51,30_50,30_51,False,True Stable,Tiny (<10人),0.08652960999999999,0.055590855491579855,0.05525357142857142,0.0,0.0,0.05525357142857142,1240,1.7504876386991956e-05,99.99919753241026,80.0,🟢 Top 10%~100% 一般微網格 (低誤差)
32_38-34_38,32_38,34_38,False,True Stable,Tiny (<10人),0.08469722,0.054999097395191085,0.05365714285714285,0.0,0.0,0.05365714285714285,1241,1.7134185239270844e-05,99.9992146665955,80.06451612903226,🟢 Top 10%~100% 一般微網格 (低誤差)
33_48-34_49,33_48,34_49,False,Partial Recovery,Tiny (<10人),0.07817228999999999,0.05283812543987532,0.05193928571428571,0.0,0.0,0.05193928571428571,1242,1.581419670489775e-05,99.9992304807922,80.12903225806451,🟢 Top 10%~100% 一般微網格 (低誤差)
34_39-36_41,34_39,36_41,False,Temporary Increase,Tiny (<10人),0.07316568000000001,0.05111809855618654,0.050407142857142866,0.0,0.0,0.050407142857142866,1243,1.480136318851096e-05,99.99924528215539,80.19354838709677,🟢 Top 10%~100% 一般微網格 (低誤差)
58_63-58_63,58_63,58_63,True,Persistent Zero,Tiny (<10人),0.0636089,0.047662841171833524,0.04698571428571429,0.0,0.0,0.04698571428571429,1244,1.2868033631638149e-05,99.99925815018904,80.25806451612904,🟢 Top 10%~100% 一般微網格 (低誤差)
36_35-36_35,36_35,36_35,True,Persistent Zero,Tiny (<10人),0.058272689999999995,0.0456198147738458,0.04443214285714286,0.0,0.0,0.04443214285714286,1245,1.1788522277952048e-05,99.9992699387113,80.3225806451613,🟢 Top 10%~100% 一般微網格 (低誤差)
67_61-67_61,67_61,67_61,True,Persistent Zero,Tiny (<10人),0.057322210000000005,0.04524623504463422,0.043225,0.0,0.0,0.043225,1246,1.1596240873837226e-05,99.99928153495217,80.38709677419355,🟢 Top 10%~100% 一般微網格 (低誤差)
48_67-48_67,48_67,48_67,True,Persistent Zero,Tiny (<10人),0.057029130000000004,0.04513041815513283,0.04448214285714286,0.0,0.0,0.04448214285714286,1247,1.1536951005646444e-05,99.99929307190318,80.45161290322581,🟢 Top 10%~100% 一般微網格 (低誤差)
39_54-39_54,39_54,39_54,True,Persistent Zero,Tiny (<10人),0.05663312000000001,0.04497345248667739,0.04396428571428571,0.0,0.0,0.04396428571428571,1248,1.1456838474248088e-05,99.99930452874165,80.51612903225806,🟢 Top 10%~100% 一般微網格 (低誤差)
63_54-63_54,63_54,63_54,True,Persistent Low Volume,Tiny (<10人),0.05636413,0.04486652028915484,0.04317500000000001,0.0,0.0,0.04317500000000001,1249,1.1402421995318654e-05,99.99931593116365,80.58064516129032,🟢 Top 10%~100% 一般微網格 (低誤差)
37_35-37_35,37_35,37_35,True,Persistent Zero,Tiny (<10人),0.05458320999999999,0.04415201419123319,0.042374999999999996,0.0,0.0,0.042374999999999996,1250,1.1042143190697648e-05,99.99932697330684,80.64516129032258,🟢 Top 10%~100% 一般微網格 (低誤差)
58_48-58_48,58_48,58_48,True,Persistent Zero,Tiny (<10人),0.05431092,0.04404174967330106,0.0434,0.0,0.0,0.0434,1251,1.098705912419817e-05,99.99933796036595,80.70967741935485,🟢 Top 10%~100% 一般微網格 (低誤差)
50_60-50_60,50_60,50_60,True,Persistent Zero,Tiny (<10人),0.052365440000000006,0.043245742977942765,0.04111428571428572,0.0,0.0,0.04111428571428572,1252,1.059348995275079e-05,99.99934855385591,80.7741935483871,🟢 Top 10%~100% 一般微網格 (低誤差)
37_55-37_55,37_55,37_55,True,Persistent Zero,Tiny (<10人),0.05102264999999999,0.04268767386494607,0.04181071428571428,0.0,0.0,0.04181071428571428,1253,1.0321844524513112e-05,99.99935887570042,80.83870967741935,🟢 Top 10%~100% 一般微網格 (低誤差)
50_56-50_56,50_56,50_56,True,Persistent Low Volume,Tiny (<10人),0.05012454,0.04231030776131441,0.040871428571428566,0.0,0.0,0.040871428571428566,1254,1.0140157532835683e-05,99.99936901585797,80.90322580645162,🟢 Top 10%~100% 一般微網格 (低誤差)
59_56-59_56,59_56,59_56,True,Persistent Zero,Tiny (<10人),0.05011304,0.042305453886838616,0.040942857142857135,0.0,0.0,0.040942857142857135,1255,1.0137831091303699e-05,99.99937915368906,80.96774193548387,🟢 Top 10%~100% 一般微網格 (低誤差)
34_39-35_41,34_39,35_41,False,Partial Dissipation,Tiny (<10人),0.04947363,0.04203469230460546,0.04114642857142858,0.0,0.0,0.04114642857142858,1256,1.0008478919132731e-05,99.99938916216797,81.03225806451613,🟢 Top 10%~100% 一般微網格 (低誤差)
36_42-36_41,36_42,36_41,False,Temporary Increase,Tiny (<10人),0.048502239999999995,0.041619981464950905,0.04104285714285714,0.0,0.0,0.04104285714285714,1257,9.81196743741497e-06,99.9993989741354,81.09677419354838,🟢 Top 10%~100% 一般微網格 (低誤差)
60_66-60_66,60_66,60_66,True,Persistent Low Volume,Tiny (<10人),0.047712550000000006,0.041279772805299486,0.04025357142857143,0.0,0.0,0.04025357142857143,1258,9.652213731902562e-06,99.99940862634912,81.16129032258065,🟢 Top 10%~100% 一般微網格 (低誤差)
32_70-30_70,32_70,30_70,False,True Stable,Tiny (<10人),0.04692551000000001,0.040937892855257854,0.03975357142857144,0.0,0.0,0.03975357142857144,1259,9.492996119438828e-06,99.99941811934525,81.2258064516129,🟢 Top 10%~100% 一般微網格 (低誤差)
31_56-31_56,31_56,31_56,True,Persistent Zero,Tiny (<10人),0.04673982,0.04085681443424445,0.04032857142857143,0.0,0.0,0.04032857142857143,1260,9.455431169171506e-06,99.9994275747764,81.29032258064515,🟢 Top 10%~100% 一般微網格 (低誤差)
40_65-40_65,40_65,40_65,True,Persistent Zero,Tiny (<10人),0.04583699,0.040460293586958275,0.03945357142857143,0.0,0.0,0.03945357142857143,1261,9.272789324969642e-06,99.99943684756573,81.35483870967742,🟢 Top 10%~100% 一般微網格 (低誤差)
34_40-34_38,34_40,34_38,False,True Stable,Tiny (<10人),0.045170140000000004,0.04016490116649468,0.03938571428571429,0.0,0.0,0.03938571428571429,1262,9.1378860610041e-06,99.9994459854518,81.41935483870968,🟢 Top 10%~100% 一般微網格 (低誤差)
33_58-33_58,33_58,33_58,True,Persistent Zero,Tiny (<10人),0.04469384,0.03995257903350635,0.03905714285714285,0.0,0.0,0.03905714285714285,1263,9.041530921727216e-06,99.99945502698273,81.48387096774194,🟢 Top 10%~100% 一般微網格 (低誤差)
30_58-30_58,30_58,30_58,True,Persistent Zero,Tiny (<10人),0.039939400000000014,0.03846085070610162,0.03465185185185185,0.0,0.0,0.03465185185185185,1264,8.079711210655253e-06,99.99946310669394,81.54838709677419,🟢 Top 10%~100% 一般微網格 (低誤差)
30_48-31_47,30_48,31_47,False,Partial Dissipation,Tiny (<10人),0.03989877,0.03774859032372695,0.03709642857142857,0.0,0.0,0.03709642857142857,1265,8.071491791573117e-06,99.99947117818571,81.61290322580645,🟢 Top 10%~100% 一般微網格 (低誤差)
32_48-30_47,32_48,30_47,False,True Stable,Tiny (<10人),0.039652320000000005,0.037631825436912916,0.03692857142857143,0.0,0.0,0.03692857142857143,1266,8.021635138046374e-06,99.99947919982085,81.6774193548387,🟢 Top 10%~100% 一般微網格 (低誤差)
45_53-45_53,45_53,45_53,True,Persistent Zero,Tiny (<10人),0.038689110000000006,0.03717195083085402,0.036060714285714286,0.0,0.0,0.036060714285714286,1267,7.826778464305275e-06,99.99948702659933,81.74193548387096,🟢 Top 10%~100% 一般微網格 (低誤差)
39_45-39_46,39_45,39_46,False,Partial Dissipation,Tiny (<10人),0.038614850000000006,0.037136259716270374,0.03485357142857143,0.0,0.0,0.03485357142857143,1268,7.811755720986566e-06,99.99949483835505,81.80645161290323,🟢 Top 10%~100% 一般微網格 (低誤差)
50_54-50_54,50_54,50_54,True,Persistent Low Volume,Tiny (<10人),0.03777758,0.03673144818427781,0.03585000000000001,0.0,0.0,0.03585000000000001,1269,7.64237661650965e-06,99.99950248073166,81.87096774193549,🟢 Top 10%~100% 一般微網格 (低誤差)
31_37-32_38,31_37,32_38,False,Temporary Increase,Tiny (<10人),0.03535017,0.036873051447865325,0.03290384615384616,0.0,0.0,0.03290384615384616,1270,7.151313360931032e-06,99.99950963204502,81.93548387096774,🟢 Top 10%~100% 一般微網格 (低誤差)
32_52-32_52,32_52,32_52,True,Persistent Low Volume,Tiny (<10人),0.034382859999999994,0.035685280708707606,0.034496296296296296,0.0,0.0,0.034496296296296296,1271,6.955627260208964e-06,99.99951658767228,82.0,🟢 Top 10%~100% 一般微網格 (低誤差)
38_43-39_45,38_43,39_45,False,Partial Dissipation,Tiny (<10人),0.03407249,0.034883730346067385,0.03283214285714286,0.0,0.0,0.03283214285714286,1272,6.892839637749662e-06,99.99952348051193,82.06451612903226,🟢 Top 10%~100% 一般微網格 (低誤差)
47_54-47_54,47_54,47_54,True,Persistent Zero,Tiny (<10人),0.03263729,0.03414114087138859,0.03304642857142857,0.0,0.0,0.03304642857142857,1273,6.602499734558017e-06,99.99953008301165,82.12903225806451,🟢 Top 10%~100% 一般微網格 (低誤差)
31_46-31_47,31_46,31_47,False,Partial Dissipation,Tiny (<10人),0.03255793,0.034099607245329296,0.033053571428571425,0.0,0.0,0.033053571428571425,1274,6.586445264994688e-06,99.99953666945692,82.19354838709677,🟢 Top 10%~100% 一般微網格 (低誤差)
51_38-51_38,51_38,51_38,True,Persistent Zero,Tiny (<10人),0.03243012000000001,0.03403261041161215,0.03295714285714286,0.0,0.0,0.03295714285714286,1275,6.56058939610748e-06,99.9995432300463,82.25806451612904,🟢 Top 10%~100% 一般微網格 (低誤差)
38_45-40_46,38_45,40_46,False,Partial Dissipation,Tiny (<10人),0.030981760000000004,0.033263965917662744,0.032221428571428574,0.0,0.0,0.032221428571428574,1276,6.2675872346061884e-06,99.99954949763354,82.3225806451613,🟢 Top 10%~100% 一般微網格 (低誤差)
34_70-33_69,34_70,33_69,False,True Stable,Tiny (<10人),0.02982254,0.032635727574020994,0.03057857142857143,0.0,0.0,0.03057857142857143,1277,6.0330778821968936e-06,99.99955553071143,82.38709677419355,🟢 Top 10%~100% 一般微網格 (低誤差)
44_52-44_52,44_52,44_52,True,Persistent Zero,Tiny (<10人),0.02897293,0.03275776978796758,0.031485185185185185,0.0,0.0,0.031485185185185185,1278,5.861202404806527e-06,99.99956139191383,82.45161290322581,🟢 Top 10%~100% 一般微網格 (低誤差)
33_66-33_66,33_66,33_66,True,Persistent Zero,Tiny (<10人),0.028938480000000003,0.03214836143347189,0.03131428571428571,0.0,0.0,0.03131428571428571,1279,5.854233195173757e-06,99.99956724614702,82.51612903225806,🟢 Top 10%~100% 一般微網格 (低誤差)
47_52-47_52,47_52,47_52,True,Persistent Low Volume,Tiny (<10人),0.028503189999999998,0.03190565892484547,0.030632142857142854,0.0,0.0,0.030632142857142854,1280,5.766174348699194e-06,99.99957301232139,82.58064516129032,🟢 Top 10%~100% 一般微網格 (低誤差)
59_42-59_42,59_42,59_42,True,Persistent Low Volume,Tiny (<10人),0.028404099999999998,0.031850151378873266,0.030335714285714282,0.0,0.0,0.030335714285714282,1281,5.746128514664035e-06,99.99957875844989,82.64516129032258,🟢 Top 10%~100% 一般微網格 (低誤差)
44_62-44_62,44_62,44_62,True,Persistent Zero,Tiny (<10人),0.028245250000000003,0.031760965485504826,0.030667857142857143,0.0,0.0,0.030667857142857143,1282,5.713993276633104e-06,99.99958447244317,82.70967741935485,🟢 Top 10%~100% 一般微網格 (低誤差)
48_58-48_58,48_58,48_58,True,Persistent Low Volume,Tiny (<10人),0.02773279,0.031471523409493316,0.029896428571428574,0.0,0.0,0.029896428571428574,1283,5.610322995982608e-06,99.99959008276616,82.7741935483871,🟢 Top 10%~100% 一般微網格 (低誤差)
42_55-42_55,42_55,42_55,True,Persistent Zero,Tiny (<10人),0.026848709999999998,0.033446916898273296,0.03077083333333333,0.0,0.0,0.03077083333333333,1284,5.431474262974198e-06,99.99959551424043,82.83870967741936,🟢 Top 10%~100% 一般微網格 (低誤差)
52_61-52_61,52_61,52_61,True,Persistent Zero,Tiny (<10人),0.026755840000000003,0.030912225967822414,0.029549999999999996,0.0,0.0,0.029549999999999996,1285,5.412686730358948e-06,99.99960092692716,82.9032258064516,🟢 Top 10%~100% 一般微網格 (低誤差)
48_61-48_61,48_61,48_61,True,Persistent Zero,Tiny (<10人),0.02590316,0.030973800159106994,0.029614814814814813,0.0,0.0,0.029614814814814813,1286,5.240190194229172e-06,99.99960616711735,82.96774193548387,🟢 Top 10%~100% 一般微網格 (低誤差)
47_57-47_57,47_57,47_57,True,Persistent Zero,Tiny (<10人),0.0257861,0.030903733443400343,0.028762962962962966,0.0,0.0,0.028762962962962966,1287,5.216509042426209e-06,99.9996113836264,83.03225806451613,🟢 Top 10%~100% 一般微網格 (低誤差)
32_64-32_64,32_64,32_64,True,Persistent Zero,Tiny (<10人),0.025381710000000002,0.030107966435100577,0.028324999999999996,0.0,0.0,0.028324999999999996,1288,5.134701243198457e-06,99.99961651832764,83.09677419354838,🟢 Top 10%~100% 一般微網格 (低誤差)
62_56-62_56,62_56,62_56,True,Persistent Zero,Tiny (<10人),0.025199459999999996,0.02999967856970661,0.028249999999999994,0.0,0.0,0.028249999999999994,1289,5.097832202398096e-06,99.99962161615983,83.16129032258065,🟢 Top 10%~100% 一般微網格 (低誤差)
59_67-59_67,59_67,59_67,True,Persistent Zero,Tiny (<10人),0.024383079999999998,0.029509732050872397,0.028599999999999993,0.0,0.0,0.028599999999999993,1290,4.932679129538846e-06,99.99962654883896,83.22580645161291,🟢 Top 10%~100% 一般微網格 (低誤差)
48_70-48_70,48_70,48_70,True,Persistent Zero,Tiny (<10人),0.02391939,0.029227793768456568,0.027939285714285715,0.0,0.0,0.027939285714285715,1291,4.838874983976601e-06,99.99963138771395,83.29032258064515,🟢 Top 10%~100% 一般微網格 (低誤差)
44_57-44_57,44_57,44_57,True,Persistent Zero,Tiny (<10人),0.02391249,0.02922357780970701,0.02808928571428571,0.0,0.0,0.02808928571428571,1292,4.83747911905741e-06,99.99963622519307,83.35483870967741,🟢 Top 10%~100% 一般微網格 (低誤差)
39_38-38_37,39_38,38_37,False,True Stable,Tiny (<10人),0.02381498,0.029699095883482653,0.027718518518518517,0.0,0.0,0.027718518518518517,1293,4.8177529178588195e-06,99.99964104294598,83.41935483870968,🟢 Top 10%~100% 一般微網格 (低誤差)
38_54-38_54,38_54,38_54,True,Persistent Zero,Tiny (<10人),0.02362061,0.02904467617801435,0.028074999999999996,0.0,0.0,0.028074999999999996,1294,4.778432009983012e-06,99.999645821378,83.48387096774194,🟢 Top 10%~100% 一般微網格 (低誤差)
36_41-36_42,36_41,36_42,False,True Stable,Tiny (<10人),0.02282242,0.02854971853751677,0.027442857142857137,0.0,0.0,0.027442857142857137,1295,4.616958760729569e-06,99.99965043833676,83.54838709677419,🟢 Top 10%~100% 一般微網格 (低誤差)
34_64-34_64,34_64,34_64,True,Persistent Zero,Tiny (<10人),0.02278716,0.02852765575467327,0.027142857142857142,0.0,0.0,0.027142857142857142,1296,4.609825688693243e-06,99.99965504816245,83.61290322580646,🟢 Top 10%~100% 一般微網格 (低誤差)
49_64-49_64,49_64,49_64,True,Persistent Zero,Tiny (<10人),0.022745079999999994,0.028501303228348797,0.02675714285714286,0.0,0.0,0.02675714285714286,1297,4.601312935678814e-06,99.99965964947538,83.6774193548387,🟢 Top 10%~100% 一般微網格 (低誤差)
51_66-51_66,51_66,51_66,True,Persistent Zero,Tiny (<10人),0.02268371,0.028462826634050243,0.027517857142857146,0.0,0.0,0.027517857142857146,1298,4.588897829868565e-06,99.99966423837321,83.74193548387096,🟢 Top 10%~100% 一般微網格 (低誤差)
41_67-41_67,41_67,41_67,True,Persistent Zero,Tiny (<10人),0.02215545,0.028129452028586896,0.02678214285714286,0.0,0.0,0.02678214285714286,1299,4.482031220852388e-06,99.99966872040443,83.80645161290322,🟢 Top 10%~100% 一般微網格 (低誤差)
30_36-31_37,30_36,31_37,False,True Stable,Tiny (<10人),0.0215321,0.02773091364215343,0.02677857142857143,0.0,0.0,0.02677857142857143,1300,4.355927974855653e-06,99.99967307633241,83.87096774193549,🟢 Top 10%~100% 一般微網格 (低誤差)
35_68-35_68,35_68,35_68,True,Persistent Zero,Tiny (<10人),0.020951730000000002,0.027856597064250328,0.026633333333333335,0.0,0.0,0.026633333333333335,1301,4.238519551210632e-06,99.99967731485195,83.93548387096774,🟢 Top 10%~100% 一般微網格 (低誤差)
32_39-32_38,32_39,32_38,False,Temporary Increase,Tiny (<10人),0.02088942,0.02731392894267894,0.025600000000000005,0.0,0.0,0.025600000000000005,1302,4.2259142840925496e-06,99.99968154076623,84.0,🟢 Top 10%~100% 一般微網格 (低誤差)
49_60-49_60,49_60,49_60,True,Persistent Zero,Tiny (<10人),0.01995388,0.026695291184562334,0.02525,0.0,0.0,0.02525,1303,4.036655230976669e-06,99.99968557742147,84.06451612903226,🟢 Top 10%~100% 一般微網格 (低誤差)
40_45-38_43,40_45,38_43,False,Partial Dissipation,Tiny (<10人),0.01988456,0.029403164573843437,0.02543478260869565,0.0,0.0,0.02543478260869565,1304,4.022631846020394e-06,99.99968960005332,84.12903225806451,🟢 Top 10%~100% 一般微網格 (低誤差)
54_63-54_63,54_63,54_63,True,Persistent Zero,Tiny (<10人),0.019103860000000004,0.0261205037142417,0.024807142857142857,0.0,0.0,0.024807142857142857,1305,3.864696810888206e-06,99.99969346475014,84.19354838709677,🟢 Top 10%~100% 一般微網格 (低誤差)
58_50-58_50,58_50,58_50,True,Persistent Zero,Tiny (<10人),0.01906633,0.026573678149070187,0.024899999999999995,0.0,0.0,0.024899999999999995,1306,3.85710451952339e-06,99.99969732185465,84.25806451612902,🟢 Top 10%~100% 一般微網格 (低誤差)
36_67-36_67,36_67,36_67,True,Persistent Zero,Tiny (<10人),0.018871930000000002,0.025961461823248707,0.02478928571428571,0.0,0.0,0.02478928571428571,1307,3.817777542669673e-06,99.99970113963221,84.3225806451613,🟢 Top 10%~100% 一般微網格 (低誤差)
31_37-34_38,31_37,34_38,False,True Stable,Tiny (<10人),0.017915720000000003,0.025759370822774096,0.024555555555555556,0.0,0.0,0.024555555555555556,1308,3.62433696377413e-06,99.99970476396916,84.38709677419355,🟢 Top 10%~100% 一般微網格 (低誤差)
38_57-38_57,38_57,38_57,True,Persistent Zero,Tiny (<10人),0.017829499999999998,0.026705430159426377,0.024568,0.0,0.0,0.024568,1309,3.606894721262156e-06,99.9997083708639,84.45161290322581,🟢 Top 10%~100% 一般微網格 (低誤差)
40_54-40_54,40_54,40_54,True,Persistent Low Volume,Tiny (<10人),0.0176654,0.025578781715986283,0.024066666666666663,0.0,0.0,0.024066666666666663,1310,3.5736974120970582e-06,99.9997119445613,84.51612903225806,🟢 Top 10%~100% 一般微網格 (低誤差)
33_55-33_55,33_55,33_55,True,Persistent Zero,Tiny (<10人),0.01703336,0.02511702978429546,0.023666666666666666,0.0,0.0,0.023666666666666666,1311,3.445836185499199e-06,99.9997153903975,84.58064516129032,🟢 Top 10%~100% 一般微網格 (低誤差)
46_68-46_68,46_68,46_68,True,Persistent Zero,Tiny (<10人),0.016634999999999997,0.024374313177136762,0.023135714285714284,0.0,0.0,0.023135714285714284,1312,3.3652482508312602e-06,99.99971875564574,84.64516129032258,🟢 Top 10%~100% 一般微網格 (低誤差)
32_65-32_65,32_65,32_65,True,Persistent Zero,Tiny (<10人),0.01656843,0.024771870247430966,0.023677777777777777,0.0,0.0,0.023677777777777777,1313,3.3517811888500266e-06,99.99972210742693,84.70967741935483,🟢 Top 10%~100% 一般微網格 (低誤差)
37_61-37_61,37_61,37_61,True,Persistent Zero,Tiny (<10人),0.01641055,0.02614905192672703,0.023020833333333334,0.0,0.0,0.023020833333333334,1314,3.3198421811048364e-06,99.99972542726911,84.7741935483871,🟢 Top 10%~100% 一般微網格 (低誤差)
37_57-37_57,37_57,37_57,True,Persistent Zero,Tiny (<10人),0.01627652,0.024552679570142115,0.022118518518518517,0.0,0.0,0.022118518518518517,1315,3.292728010797718e-06,99.99972871999712,84.83870967741936,🟢 Top 10%~100% 一般微網格 (低誤差)
49_69-49_69,49_69,49_69,True,Persistent Zero,Tiny (<10人),0.015809180000000003,0.023761598671566093,0.022128571428571425,0.0,0.0,0.022128571428571425,1316,3.1981854729231477e-06,99.99973191818259,84.90322580645162,🟢 Top 10%~100% 一般微網格 (低誤差)
59_66-59_66,59_66,59_66,True,Persistent Zero,Tiny (<10人),0.01569693,0.023677091097876506,0.021996428571428576,0.0,0.0,0.021996428571428576,1317,3.175477380578344e-06,99.99973509365996,84.96774193548387,🟢 Top 10%~100% 一般微網格 (低誤差)
41_47-36_41,41_47,36_41,False,Temporary Increase,Tiny (<10人),0.015498060000000001,0.024898240901718337,0.022520000000000002,0.0,0.0,0.022520000000000002,1318,3.1352461260161066e-06,99.99973822890608,85.03225806451613,🟢 Top 10%~100% 一般微網格 (低誤差)
48_53-48_53,48_53,48_53,True,Persistent Zero,Tiny (<10人),0.015494049999999999,0.024895019582237728,0.022636,0.0,0.0,0.022636,1319,3.1344349059688667e-06,99.999741363341,85.09677419354838,🟢 Top 10%~100% 一般微網格 (低誤差)
32_37-30_36,32_37,30_36,False,True Stable,Tiny (<10人),0.01538234,0.02706459644909528,0.02420952380952381,0.0,0.0,0.02420952380952381,1320,3.111836055226435e-06,99.99974447517705,85.16129032258064,🟢 Top 10%~100% 一般微網格 (低誤差)
57_61-56_61,57_61,56_61,False,True Stable,Tiny (<10人),0.0151238,0.023240820000286443,0.021621428571428573,0.0,0.0,0.021621428571428573,1321,3.0595336036021537e-06,99.99974753471066,85.22580645161291,🟢 Top 10%~100% 一般微網格 (低誤差)
57_43-58_44,57_43,58_44,False,Persistent Decrease,Tiny (<10人),0.01487482,0.023918788881096414,0.022776923076923077,0.0,0.0,0.022776923076923077,1322,3.0091651329383745e-06,99.99975054387579,85.29032258064517,🟢 Top 10%~100% 一般微網格 (低誤差)
31_68-30_69,31_68,30_69,False,True Stable,Tiny (<10人),0.014559270000000001,0.024132360017205114,0.022132,0.0,0.0,0.022132,1323,2.9453296002933608e-06,99.9997534892054,85.35483870967741,🟢 Top 10%~100% 一般微網格 (低誤差)
32_48-34_49,32_48,34_49,False,Partial Recovery,Tiny (<10人),0.014532670000000001,0.023200151659785267,0.021877777777777777,0.0,0.0,0.021877777777777777,1324,2.9399484398802494e-06,99.99975642915383,85.41935483870968,🟢 Top 10%~100% 一般微網格 (低誤差)
31_36-32_37,31_36,32_37,False,True Stable,Tiny (<10人),0.01450402,0.024086527354519164,0.021231999999999997,0.0,0.0,0.021231999999999997,1325,2.934152565976653e-06,99.9997593633064,85.48387096774194,🟢 Top 10%~100% 一般微網格 (低誤差)
53_38-54_38,53_38,54_38,False,Partial Recovery,Tiny (<10人),0.014238630000000002,0.02255044345461969,0.02145357142857143,0.0,0.0,0.02145357142857143,1326,2.8804643643963645e-06,99.99976224377076,85.54838709677419,🟢 Top 10%~100% 一般微網格 (低誤差)
37_69-37_69,37_69,37_69,True,Persistent Zero,Tiny (<10人),0.014231929999999999,0.02254513726473437,0.021374999999999998,0.0,0.0,0.021374999999999998,1327,2.8791089593299033e-06,99.99976512287972,85.61290322580645,🟢 Top 10%~100% 一般微網格 (低誤差)
36_42-38_44,36_42,38_44,False,True Stable,Tiny (<10人),0.01419805,0.02336832998213279,0.021257692307692307,0.0,0.0,0.021257692307692307,1328,2.8722550602774143e-06,99.99976799513479,85.67741935483872,🟢 Top 10%~100% 一般微網格 (低誤差)
57_68-57_68,57_68,57_68,True,Persistent Zero,Tiny (<10人),0.013803240000000001,0.022610420409871004,0.021051851851851853,0.0,0.0,0.021051851851851853,1329,2.792385287995437e-06,99.99977078752008,85.74193548387098,🟢 Top 10%~100% 一般微網格 (低誤差)
62_52-62_52,62_52,62_52,True,Persistent Zero,Tiny (<10人),0.01372048,0.029283613165045054,0.027487499999999998,0.0,0.0,0.027487499999999998,1330,2.775643000935696e-06,99.99977356316309,85.80645161290322,🟢 Top 10%~100% 一般微網格 (低誤差)
62_42-62_42,62_42,62_42,True,Persistent Zero,Tiny (<10人),0.013598589999999999,0.02380352739966635,0.021312499999999998,0.0,0.0,0.021312499999999998,1331,2.750984743689298e-06,99.99977631414782,85.87096774193549,🟢 Top 10%~100% 一般微網格 (低誤差)
39_44-40_46,39_44,40_46,False,Partial Dissipation,Tiny (<10人),0.01350065,0.023238459501438557,0.021195999999999996,0.0,0.0,0.021195999999999996,1332,2.731171553807338e-06,99.99977904531939,85.93548387096774,🟢 Top 10%~100% 一般微網格 (低誤差)
34_38-33_39,34_38,33_39,False,True Stable,Tiny (<10人),0.01342781,0.022725629381146535,0.020988461538461543,0.0,0.0,0.020988461538461543,1333,2.7164360754430127e-06,99.99978176175546,86.0,🟢 Top 10%~100% 一般微網格 (低誤差)
37_38-36_38,37_38,36_38,False,Delayed Increase,Tiny (<10人),0.013115130000000001,0.02245947632789057,0.021150000000000002,0.0,0.0,0.021150000000000002,1334,2.653181141684677e-06,99.9997844149366,86.06451612903226,🟢 Top 10%~100% 一般微網格 (低誤差)
54_56-56_54,54_56,56_54,False,Partial Recovery,Tiny (<10人),0.01301977,0.025514476283082902,0.023125000000000007,0.0,0.0,0.023125000000000007,1335,2.633889883902935e-06,99.99978704882648,86.12903225806451,🟢 Top 10%~100% 一般微網格 (低誤差)
42_43-43_42,42_43,43_42,False,Partial Dissipation,Tiny (<10人),0.01301389,0.022372622348961035,0.02072692307692308,0.0,0.0,0.02072692307692308,1336,2.6327003642326684e-06,99.99978968152685,86.19354838709677,🟢 Top 10%~100% 一般微網格 (低誤差)
53_63-53_63,53_63,53_63,True,Persistent Zero,Tiny (<10人),0.01297104,0.02233575953143644,0.02076923076923077,0.0,0.0,0.02076923076923077,1337,2.624031840785231e-06,99.99979230555869,86.25806451612902,🟢 Top 10%~100% 一般微網格 (低誤差)
33_47-33_46,33_47,33_46,False,Delayed Increase,Tiny (<10人),0.012957320000000001,0.02483979142616214,0.022523809523809522,0.0,0.0,0.022523809523809522,1338,2.6212562948879424e-06,99.99979492681499,86.3225806451613,🟢 Top 10%~100% 一般微網格 (低誤差)
53_66-53_66,53_66,53_66,True,Persistent Zero,Tiny (<10人),0.01269539,0.022999447457131082,0.021420833333333333,0.0,0.0,0.021420833333333333,1339,2.568268048759885e-06,99.99979749508303,86.38709677419355,🟢 Top 10%~100% 一般微網格 (低誤差)
38_67-38_67,38_67,38_67,True,Persistent Zero,Tiny (<10人),0.012509509999999998,0.02113689225703992,0.02018214285714286,0.0,0.0,0.02018214285714286,1340,2.5306646616324712e-06,99.99980002574769,86.45161290322581,🟢 Top 10%~100% 一般微網格 (低誤差)
48_55-48_55,48_55,48_55,True,Persistent Zero,Tiny (<10人),0.0124987,0.02331140791823683,0.020052173913043477,0.0,0.0,0.020052173913043477,1341,2.5284778065924066e-06,99.9998025542255,86.51612903225806,🟢 Top 10%~100% 一般微網格 (低誤差)
30_36-34_38,30_36,34_38,False,True Stable,Tiny (<10人),0.012438690000000002,0.02276573631578825,0.021179166666666666,0.0,0.0,0.021179166666666666,1342,2.5163378277807218e-06,99.99980507056333,86.58064516129032,🟢 Top 10%~100% 一般微網格 (低誤差)
58_49-58_49,58_49,58_49,True,Persistent Zero,Tiny (<10人),0.012431449999999998,0.023771115015726735,0.022304545454545452,0.0,0.0,0.022304545454545452,1343,2.514873181111889e-06,99.9998075854365,86.64516129032258,🟢 Top 10%~100% 一般微網格 (低誤差)
35_40-35_39,35_40,35_39,False,True Stable,Tiny (<10人),0.01236988,0.021812029144135475,0.02026153846153846,0.0,0.0,0.02026153846153846,1344,2.502417615448909e-06,99.99981008785412,86.70967741935483,🟢 Top 10%~100% 一般微網格 (低誤差)
35_40-34_40,35_40,34_40,False,Partial Dissipation,Tiny (<10人),0.01235445,0.022230114709555594,0.020572,0.0,0.0,0.020572,1345,2.4992961378107768e-06,99.99981258715026,86.7741935483871,🟢 Top 10%~100% 一般微網格 (低誤差)
32_37-31_36,32_37,31_36,False,True Stable,Tiny (<10人),0.01214886,0.022044373431785263,0.0202,0.0,0.0,0.0202,1346,2.4577054321968064e-06,99.9998150448557,86.83870967741936,🟢 Top 10%~100% 一般微網格 (低誤差)
34_59-34_59,34_59,34_59,True,Persistent Zero,Tiny (<10人),0.012124890000000001,0.020809415794641756,0.018924999999999997,0.0,0.0,0.018924999999999997,1347,2.4528563188470965e-06,99.999817497712,86.90322580645162,🟢 Top 10%~100% 一般微網格 (低誤差)
40_57-40_57,40_57,40_57,True,Persistent Zero,Tiny (<10人),0.01204583,0.021122070254874448,0.019885185185185186,0.0,0.0,0.019885185185185186,1348,2.4368625390628635e-06,99.99981993457455,86.96774193548387,🟢 Top 10%~100% 一般微網格 (低誤差)
30_68-31_68,30_68,31_68,False,Delayed Increase,Tiny (<10人),0.01199439,0.021076922609021144,0.02003333333333333,0.0,0.0,0.02003333333333333,1349,2.426456264940666e-06,99.99982236103082,87.03225806451613,🟢 Top 10%~100% 一般微網格 (低誤差)
40_68-40_68,40_68,40_68,True,Persistent Zero,Tiny (<10人),0.01192404,0.02183945054253884,0.020592000000000003,0.0,0.0,0.020592000000000003,1350,2.412224511742831e-06,99.99982477325533,87.09677419354838,🟢 Top 10%~100% 一般微網格 (低誤差)
30_48-30_47,30_48,30_47,False,True Stable,Tiny (<10人),0.011835459999999997,0.022684470842215036,0.02025217391304348,0.0,0.0,0.02025217391304348,1351,2.3943048429686416e-06,99.99982716756017,87.16129032258064,🟢 Top 10%~100% 一般微網格 (低誤差)
34_38-32_38,34_38,32_38,False,Temporary Increase,Tiny (<10人),0.01168931,0.023050645820177636,0.021586363636363636,0.0,0.0,0.021586363636363636,1352,2.3647388055860757e-06,99.99982953229899,87.22580645161291,🟢 Top 10%~100% 一般微網格 (低誤差)
32_47-30_48,32_47,30_48,False,True Stable,Tiny (<10人),0.011656570000000003,0.024141841271949415,0.022105000000000003,0.0,0.0,0.022105000000000003,1353,2.3581155276941486e-06,99.99983189041451,87.29032258064517,🟢 Top 10%~100% 一般微網格 (低誤差)
37_54-37_54,37_54,37_54,True,Persistent Zero,Tiny (<10人),0.011647620000000001,0.022029922832365982,0.0201,0.0,0.0,0.0201,1354,2.3563049492844733e-06,99.99983424671946,87.35483870967742,🟢 Top 10%~100% 一般微網格 (低誤差)
32_38-30_37,32_38,30_37,False,Partial Dissipation,Tiny (<10人),0.01156134,0.021948177600885226,0.020050000000000002,0.0,0.0,0.020050000000000002,1355,2.3388505688166812e-06,99.99983658557004,87.41935483870968,🟢 Top 10%~100% 一般微網格 (低誤差)
60_53-59_53,60_53,59_53,False,Partial Recovery,Tiny (<10人),0.01144351,0.0213948685436485,0.020019999999999996,0.0,0.0,0.020019999999999996,1356,2.315013646580706e-06,99.99983890058368,87.48387096774194,🟢 Top 10%~100% 一般微網格 (低誤差)
34_38-31_37,34_38,31_37,False,True Stable,Tiny (<10人),0.01130925,0.024397206483745763,0.021942105263157895,0.0,0.0,0.021942105263157895,1357,2.2878529474429477e-06,99.99984118843663,87.54838709677419,🟢 Top 10%~100% 一般微網格 (低誤差)
42_52-42_52,42_52,42_52,True,Persistent Zero,Tiny (<10人),0.01126094,0.021223515260201362,0.019448,0.0,0.0,0.019448,1358,2.2780798700159775e-06,99.99984346651651,87.61290322580645,🟢 Top 10%~100% 一般微網格 (低誤差)
58_39-58_39,58_39,58_39,True,Persistent Low Volume,Tiny (<10人),0.01125226,0.022118514770485244,0.020304347826086956,0.0,0.0,0.020304347826086956,1359,2.276323912407488e-06,99.99984574284042,87.67741935483872,🟢 Top 10%~100% 一般微網格 (低誤差)
36_41-37_42,36_41,37_42,False,Temporary Increase,Tiny (<10人),0.01118773,0.024930715103172543,0.022105555555555552,0.0,0.0,0.022105555555555552,1360,2.263269540924101e-06,99.99984800610996,87.74193548387098,🟢 Top 10%~100% 一般微網格 (低誤差)
30_47-32_48,30_47,32_48,False,True Stable,Tiny (<10人),0.01116493,0.022032515497110963,0.019804347826086956,0.0,0.0,0.019804347826086956,1361,2.2586571177128628e-06,99.99985026476709,87.80645161290323,🟢 Top 10%~100% 一般微網格 (低誤差)
43_56-43_56,43_56,43_56,True,Persistent Zero,Tiny (<10人),0.01109535,0.020657788622435624,0.01911923076923077,0.0,0.0,0.01911923076923077,1362,2.244581134948039e-06,99.99985250934822,87.87096774193547,🟢 Top 10%~100% 一般微網格 (低誤差)
31_37-30_36,31_37,30_36,False,True Stable,Tiny (<10人),0.010969409999999999,0.02137893238681483,0.0200625,0.0,0.0,0.0200625,1363,2.2191035656838556e-06,99.9998547284518,87.93548387096774,🟢 Top 10%~100% 一般微網格 (低誤差)
32_46-31_48,32_46,31_48,False,True Stable,Tiny (<10人),0.01094294,0.021812381804837362,0.020243478260869568,0.0,0.0,0.020243478260869568,1364,2.2137487041750188e-06,99.99985694220051,88.0,🟢 Top 10%~100% 一般微網格 (低誤差)
42_44-42_46,42_44,42_46,False,True Stable,Tiny (<10人),0.01087626,0.023319798455389788,0.02103,0.0,0.0,0.02103,1365,2.200259389274783e-06,99.9998591424599,88.06451612903226,🟢 Top 10%~100% 一般微網格 (低誤差)
32_38-32_39,32_38,32_39,False,Partial Dissipation,Tiny (<10人),0.01080697,0.020791315494696337,0.01918,0.0,0.0,0.01918,1366,2.186242073296418e-06,99.99986132870197,88.12903225806453,🟢 Top 10%~100% 一般微網格 (低誤差)
42_59-42_59,42_59,42_59,True,Persistent Zero,Tiny (<10人),0.010787950000000001,0.02077301133682837,0.019524,0.0,0.0,0.019524,1367,2.18239434130178e-06,99.99986351109631,88.19354838709678,🟢 Top 10%~100% 一般微網格 (低誤差)
32_48-34_48,32_48,34_48,False,True Stable,Tiny (<10人),0.010752339999999999,0.022107526484722962,0.020363636363636365,0.0,0.0,0.020363636363636365,1368,2.175190464523174e-06,99.99986568628678,88.25806451612902,🟢 Top 10%~100% 一般微網格 (低誤差)
36_68-36_68,36_68,36_68,True,Persistent Zero,Tiny (<10人),0.01044581,0.020043999677632283,0.018442307692307695,0.0,0.0,0.018442307692307695,1369,2.1131796712362904e-06,99.99986779946644,88.32258064516128,🟢 Top 10%~100% 一般微網格 (低誤差)
39_46-39_45,39_46,39_45,False,Partial Dissipation,Tiny (<10人),0.01012534,0.01973413676465616,0.018400000000000003,0.0,0.0,0.018400000000000003,1370,2.048348826214115e-06,99.99986984781528,88.38709677419355,🟢 Top 10%~100% 一般微網格 (低誤差)
30_68-32_70,30_68,32_70,False,True Stable,Tiny (<10人),0.01005164,0.020905210500900405,0.019321739130434785,0.0,0.0,0.019321739130434785,1371,2.03343937048305e-06,99.99987188125465,88.45161290322581,🟢 Top 10%~100% 一般微網格 (低誤差)
42_43-42_42,42_43,42_42,False,Recovered,Tiny (<10人),0.0100487,0.020902152999152983,0.01893913043478261,0.0,0.0,0.01893913043478261,1372,2.0328446106479168e-06,99.99987391409924,88.51612903225806,🟢 Top 10%~100% 一般微網格 (低誤差)
56_44-57_44,56_44,57_44,False,Partial Recovery,Tiny (<10人),0.009781109999999999,0.023310834390900724,0.021750000000000002,0.0,0.0,0.021750000000000002,1373,1.9787113506875956e-06,99.99987589281059,88.58064516129033,🟢 Top 10%~100% 一般微網格 (低誤差)
58_60-59_60,58_60,59_60,False,Delayed Increase,Tiny (<10人),0.00977748,0.01977622815402371,0.018216,0.0,0.0,0.018216,1374,1.9779770043605434e-06,99.99987787078759,88.64516129032258,🟢 Top 10%~100% 一般微網格 (低誤差)
40_64-40_64,40_64,40_64,True,Persistent Zero,Tiny (<10人),0.009746850000000001,0.02015238819594343,0.018870833333333333,0.0,0.0,0.018870833333333333,1375,1.9717805779149193e-06,99.99987984256818,88.70967741935483,🟢 Top 10%~100% 一般微網格 (低誤差)
37_42-37_41,37_42,37_41,False,True Stable,Tiny (<10人),0.00967623,0.019673566021441054,0.01862,0.0,0.0,0.01862,1376,1.9574942039158986e-06,99.99988180006238,88.77419354838709,🟢 Top 10%~100% 一般微網格 (低誤差)
56_61-54_60,56_61,54_60,False,Partial Recovery,Tiny (<10人),0.00950071,0.019896304095652205,0.0186875,0.0,0.0,0.0186875,1377,1.921986637159908e-06,99.99988372204902,88.83870967741936,🟢 Top 10%~100% 一般微網格 (低誤差)
43_66-43_66,43_66,43_66,True,Persistent Zero,Tiny (<10人),0.00942634,0.02170983648026857,0.020580000000000005,0.0,0.0,0.020580000000000005,1378,1.9069416409221973e-06,99.99988562899065,88.90322580645162,🟢 Top 10%~100% 一般微網格 (低誤差)
48_52-48_52,48_52,48_52,True,Persistent Low Volume,Tiny (<10人),0.00924627,0.018172064510435477,0.01716785714285714,0.0,0.0,0.01716785714285714,1379,1.8705136125165952e-06,99.99988749950427,88.96774193548387,🟢 Top 10%~100% 一般微網格 (低誤差)
36_37-34_38,36_37,34_38,False,True Stable,Tiny (<10人),0.009171120000000001,0.01915319294530288,0.01724,0.0,0.0,0.01724,1380,1.855310822853237e-06,99.9998893548151,89.03225806451613,🟢 Top 10%~100% 一般微網格 (低誤差)
34_63-34_63,34_63,34_63,True,Persistent Zero,Tiny (<10人),0.00901237,0.019795003761379878,0.01786521739130435,0.0,0.0,0.01786521739130435,1381,1.8231958147486704e-06,99.99989117801091,89.09677419354838,🟢 Top 10%~100% 一般微網格 (低誤差)
42_43-42_46,42_43,42_46,False,True Stable,Tiny (<10人),0.00895023,0.01972664276511867,0.01846521739130435,0.0,0.0,0.01846521739130435,1382,1.810624938505409e-06,99.99989298863586,89.16129032258064,🟢 Top 10%~100% 一般微網格 (低誤差)
32_69-31_70,32_69,31_70,False,True Stable,Tiny (<10人),0.00893649,0.020154505474188417,0.018940909090909095,0.0,0.0,0.018940909090909095,1383,1.8078453466228469e-06,99.9998947964812,89.2258064516129,🟢 Top 10%~100% 一般微網格 (低誤差)
36_52-36_52,36_52,36_52,True,Persistent Low Volume,Tiny (<10人),0.008696989999999998,0.038072277753417025,0.031116666666666664,0.0,0.0,0.031116666666666664,1384,1.7593946729784768e-06,99.99989655587586,89.29032258064517,🟢 Top 10%~100% 一般微網格 (低誤差)
30_48-31_49,30_48,31_49,False,True Stable,Tiny (<10人),0.00869396,0.020849412461745775,0.01996,0.0,0.0,0.01996,1385,1.7587817062096154e-06,99.99989831465757,89.35483870967742,🟢 Top 10%~100% 一般微網格 (低誤差)
38_69-38_69,38_69,38_69,True,Persistent Zero,Tiny (<10人),0.008542629999999999,0.01886644949816119,0.0170375,0.0,0.0,0.0170375,1386,1.7281677586413375e-06,99.99990004282533,89.41935483870968,🟢 Top 10%~100% 一般微網格 (低誤差)
34_38-34_40,34_38,34_40,False,Partial Dissipation,Tiny (<10人),0.008439330000000002,0.01958585992727685,0.01805,0.0,0.0,0.01805,1387,1.7072702447062095e-06,99.99990175009556,89.48387096774194,🟢 Top 10%~100% 一般微網格 (低誤差)
43_61-43_61,43_61,43_61,True,Persistent Zero,Tiny (<10人),0.008430249999999999,0.019145041360510352,0.017778260869565216,0.0,0.0,0.017778260869565216,1388,1.7054333673922593e-06,99.99990345552894,89.54838709677419,🟢 Top 10%~100% 一般微網格 (低誤差)
60_61-61_63,60_61,61_63,False,Persistent Decrease,Tiny (<10人),0.008429279999999999,0.01914393989706948,0.01828695652173913,0.0,0.0,0.01828695652173913,1389,1.7052371371065181e-06,99.99990516076608,89.61290322580645,🟢 Top 10%~100% 一般微網格 (低誤差)
32_37-34_39,32_37,34_39,False,Delayed Increase,Tiny (<10人),0.007851229999999999,0.02032787818683857,0.019384210526315792,0.0,0.0,0.019384210526315792,1390,1.588298047753166e-06,99.99990674906411,89.6774193548387,🟢 Top 10%~100% 一般微網格 (低誤差)
33_37-33_38,33_37,33_38,False,True Stable,Tiny (<10人),0.007783390000000001,0.01730205634732918,0.016619230769230768,0.0,0.0,0.016619230769230768,1391,1.5745740657070952e-06,99.99990832363818,89.74193548387098,🟢 Top 10%~100% 一般微網格 (低誤差)
39_45-40_47,39_45,40_47,False,True Stable,Tiny (<10人),0.00646258,0.030384629572955374,0.02782857142857143,0.0,0.0,0.02782857142857143,1392,1.3073751752844659e-06,99.99990963101337,89.80645161290323,🟢 Top 10%~100% 一般微網格 (低誤差)
48_39-48_39,48_39,48_39,True,Persistent Low Volume,Tiny (<10人),0.0062866,0.03236922406649048,0.03056666666666667,0.0,0.0,0.03056666666666667,1393,1.271774550867196e-06,99.99991090278792,89.87096774193549,🟢 Top 10%~100% 一般微網格 (低誤差)
51_56-51_56,51_56,51_56,True,Persistent Low Volume,Tiny (<10人),0.006203060000000001,0.035222322467435334,0.03372000000000001,0.0,0.0,0.03372000000000001,1394,1.2548744703818073e-06,99.99991215766238,89.93548387096774,🟢 Top 10%~100% 一般微網格 (低誤差)
30_55-30_55,30_55,30_55,True,Persistent Low Volume,Tiny (<10人),0.00611075,0.02256610659078492,0.021675,0.0,0.0,0.021675,1395,1.2362002253542008e-06,99.99991339386261,90.0,🟢 Top 10%~100% 一般微網格 (低誤差)
59_41-59_41,59_41,59_41,True,Persistent Zero,Tiny (<10人),0.0059971799999999995,0.027379691378830402,0.027200000000000002,0.0,0.0,0.027200000000000002,1396,1.2132250979813778e-06,99.99991460708772,90.06451612903226,🟢 Top 10%~100% 一般微網格 (低誤差)
50_39-50_39,50_39,50_39,True,Persistent Low Volume,Tiny (<10人),0.00576059,0.025299516903600265,0.024011111111111108,0.0,0.0,0.024011111111111108,1397,1.1653631151942323e-06,99.99991577245083,90.12903225806451,🟢 Top 10%~100% 一般微網格 (低誤差)
52_56-52_56,52_56,52_56,True,Persistent Low Volume,Tiny (<10人),0.005647040000000001,0.021693009626759185,0.02086666666666667,0.0,0.0,0.02086666666666667,1398,1.1423920338066827e-06,99.99991691484286,90.19354838709678,🟢 Top 10%~100% 一般微網格 (低誤差)
63_59-63_59,63_59,63_59,True,Persistent Zero,Tiny (<10人),0.0054334299999999995,0.026061058113591627,0.0256125,0.0,0.0,0.0256125,1399,1.0991788880982324e-06,99.99991801402174,90.25806451612904,🟢 Top 10%~100% 一般微網格 (低誤差)
35_39-35_40,35_39,35_40,False,True Stable,Tiny (<10人),0.005369260000000001,0.022093314496800735,0.020545454545454544,0.0,0.0,0.020545454545454544,1400,1.0861973443497602e-06,99.99991910021909,90.32258064516128,🟢 Top 10%~100% 一般微網格 (低誤差)
39_35-39_35,39_35,39_35,True,Persistent Zero,Tiny (<10人),0.00527339,0.04192608575417776,0.0415,0.0,0.0,0.0415,1401,1.0668029139435568e-06,99.99992016702201,90.38709677419355,🟢 Top 10%~100% 一般微網格 (低誤差)
38_59-38_59,38_59,38_59,True,Persistent Zero,Tiny (<10人),0.00512843,0.03202633291527458,0.029459999999999997,0.0,0.0,0.029459999999999997,1402,1.0374776126847348e-06,99.99992120449961,90.45161290322581,🟢 Top 10%~100% 一般微網格 (低誤差)
37_52-37_52,37_52,37_52,True,Persistent Low Volume,Tiny (<10人),0.0051261499999999995,0.02706117408497168,0.026271428571428574,0.0,0.0,0.026271428571428574,1403,1.037016370363611e-06,99.99992224151597,90.51612903225806,🟢 Top 10%~100% 一般微網格 (低誤差)
55_55-54_56,55_55,54_56,False,True Stable,Tiny (<10人),0.00511673,0.018469307873695034,0.0177,0.0,0.0,0.0177,1404,1.0351107113000202e-06,99.9999232766267,90.58064516129032,🟢 Top 10%~100% 一般微網格 (低誤差)
38_43-41_47,38_43,41_47,False,Partial Recovery,Tiny (<10人),0.00508955,0.025222881476944698,0.0215125,0.0,0.0,0.0215125,1405,1.0296122173139913e-06,99.99992430623891,90.64516129032259,🟢 Top 10%~100% 一般微網格 (低誤差)
31_36-34_38,31_36,34_38,False,True Stable,Tiny (<10人),0.0050783600000000005,0.03186960934809211,0.030240000000000006,0.0,0.0,0.030240000000000006,1406,1.027348488553739e-06,99.99992533358738,90.70967741935483,🟢 Top 10%~100% 一般微網格 (低誤差)
54_36-54_36,54_36,54_36,True,Persistent Low Volume,Tiny (<10人),0.004993249999999999,0.040797262980090544,0.0401,0.0,0.0,0.0401,1407,1.010130798224418e-06,99.99992634371819,90.77419354838709,🟢 Top 10%~100% 一般微網格 (低誤差)
49_39-49_39,49_39,49_39,True,Persistent Low Volume,Tiny (<10人),0.00497863,0.020368746484095025,0.019475,0.0,0.0,0.019475,1408,1.0071731829898433e-06,99.99992735089137,90.83870967741936,🟢 Top 10%~100% 一般微網格 (低誤差)
32_55-32_55,32_55,32_55,True,Persistent Low Volume,Tiny (<10人),0.004944039999999999,0.03515693388223723,0.0347,0.0,0.0,0.0347,1409,1.0001756514601615e-06,99.99992835106703,90.90322580645162,🟢 Top 10%~100% 一般微網格 (低誤差)
36_54-36_54,36_54,36_54,True,Persistent Low Volume,Tiny (<10人),0.00493113,0.03140423538314538,0.029059999999999996,0.0,0.0,0.029059999999999996,1410,9.975639679664297e-07,99.99992934863099,90.96774193548387,🟢 Top 10%~100% 一般微網格 (低誤差)
31_70-32_69,31_70,32_69,False,True Stable,Tiny (<10人),0.0049150800000000005,0.019444358485768486,0.019138461538461538,0.0,0.0,0.019138461538461538,1411,9.943170647848343e-07,99.99993034294805,91.03225806451613,🟢 Top 10%~100% 一般微網格 (低誤差)
39_37-40_38,39_37,40_38,False,True Stable,Tiny (<10人),0.00488422,0.040349390743025265,0.03966666666666666,0.0,0.0,0.03966666666666666,1412,9.8807410950857e-07,99.99993133102217,91.09677419354838,🟢 Top 10%~100% 一般微網格 (低誤差)
42_42-43_42,42_42,43_42,False,Partial Dissipation,Tiny (<10人),0.00481402,0.02832554794998089,0.0253,0.0,0.0,0.0253,1413,9.73872701200283e-07,99.99993230489487,91.16129032258064,🟢 Top 10%~100% 一般微網格 (低誤差)
59_60-58_60,59_60,58_60,False,Partial Recovery,Tiny (<10人),0.00478512,0.020856915138411748,0.020527272727272724,0.0,0.0,0.020527272727272724,1414,9.680262524807747e-07,99.99993327292111,91.2258064516129,🟢 Top 10%~100% 一般微網格 (低誤差)
46_52-46_52,46_52,46_52,True,Persistent Low Volume,Tiny (<10人),0.00478231,0.017855550024198825,0.017046666666666665,0.0,0.0,0.017046666666666665,1415,9.674577915499155e-07,99.9999342403789,91.29032258064517,🟢 Top 10%~100% 一般微網格 (低誤差)
43_45-41_48,43_45,41_48,False,True Stable,Tiny (<10人),0.00471623,0.028036375181776502,0.025183333333333332,0.0,0.0,0.025183333333333332,1416,9.5408985620787e-07,99.99993519446876,91.35483870967742,🟢 Top 10%~100% 一般微網格 (低誤差)
49_40-49_40,49_40,49_40,True,Persistent Low Volume,Tiny (<10人),0.00467478,0.027912900243435828,0.026799999999999994,0.0,0.0,0.026799999999999994,1417,9.457045517295438e-07,99.99993614017332,91.41935483870968,🟢 Top 10%~100% 一般微網格 (低誤差)
51_54-51_54,51_54,51_54,True,Persistent Low Volume,Tiny (<10人),0.00466514,0.01894351928963895,0.018030769230769232,0.0,0.0,0.018030769230769232,1418,9.437543868279499e-07,99.9999370839277,91.48387096774194,🟢 Top 10%~100% 一般微網格 (低誤差)
33_53-33_53,33_53,33_53,True,Persistent Zero,Tiny (<10人),0.00440283,0.022117941435254168,0.02183333333333333,0.0,0.0,0.02183333333333333,1419,8.906892669797055e-07,99.99993797461696,91.54838709677419,🟢 Top 10%~100% 一般微網格 (低誤差)
45_56-45_56,45_56,45_56,True,Persistent Zero,Tiny (<10人),0.00437418,0.03306879193439034,0.03275,0.0,0.0,0.03275,1420,8.848933930761098e-07,99.99993885951035,91.61290322580645,🟢 Top 10%~100% 一般微網格 (低誤差)
30_47-30_48,30_47,30_48,False,True Stable,Tiny (<10人),0.00430415,0.015051053468987339,0.0147,0.0,0.0,0.0147,1421,8.707263756426433e-07,99.99993973023673,91.6774193548387,🟢 Top 10%~100% 一般微網格 (低誤差)
62_55-62_55,62_55,62_55,True,Persistent Zero,Tiny (<10人),0.00417082,0.028881897444593217,0.02696,0.0,0.0,0.02696,1422,8.437538148200806e-07,99.99994057399054,91.74193548387096,🟢 Top 10%~100% 一般微網格 (低誤差)
45_52-45_52,45_52,45_52,True,Persistent Zero,Tiny (<10人),0.00414568,0.022764226321138174,0.02235,0.0,0.0,0.02235,1423,8.386680113318991e-07,99.99994141265856,91.80645161290323,🟢 Top 10%~100% 一般微網格 (低誤差)
30_48-32_47,30_48,32_47,False,Partial Dissipation,Tiny (<10人),0.00409521,0.021331275942459076,0.020988888888888887,0.0,0.0,0.020988888888888887,1424,8.284579674954427e-07,99.99994224111653,91.87096774193549,🟢 Top 10%~100% 一般微網格 (低誤差)
34_57-34_57,34_57,34_57,True,Persistent Zero,Tiny (<10人),0.0040923999999999995,0.022617471123005772,0.0221,0.0,0.0,0.0221,1425,8.278895065645838e-07,99.99994306900604,91.93548387096774,🟢 Top 10%~100% 一般微網格 (低誤差)
35_41-34_39,35_41,34_39,False,Delayed Increase,Tiny (<10人),0.003934389999999999,0.022176536023464078,0.0215625,0.0,0.0,0.0215625,1426,7.95924199915119e-07,99.99994386493024,92.0,🟢 Top 10%~100% 一般微網格 (低誤差)
45_64-45_64,45_64,45_64,True,Persistent Low Volume,Tiny (<10人),0.0037947699999999994,0.021779491500032777,0.0216625,0.0,0.0,0.0216625,1427,7.676791767241926e-07,99.99994463260941,92.06451612903226,🟢 Top 10%~100% 一般微網格 (低誤差)
42_42-42_43,42_42,42_43,False,True Stable,Tiny (<10人),0.0036400700000000005,0.016733361426066927,0.016084615384615385,0.0,0.0,0.016084615384615385,1428,7.36383480637412e-07,99.9999453689929,92.12903225806451,🟢 Top 10%~100% 一般微網格 (低誤差)
52_59-52_59,52_59,52_59,True,Persistent Zero,Tiny (<10人),0.00357174,0.02112977756626889,0.02075,0.0,0.0,0.02075,1429,7.22560371952152e-07,99.99994609155326,92.19354838709677,🟢 Top 10%~100% 一般微網格 (低誤差)
31_57-31_57,31_57,31_57,True,Persistent Zero,Tiny (<10人),0.0035640099999999994,0.026698352009066027,0.025500000000000002,0.0,0.0,0.025500000000000002,1430,7.209965986441311e-07,99.99994681254987,92.25806451612904,🟢 Top 10%~100% 一般微網格 (低誤差)
39_56-39_56,39_56,39_56,True,Persistent Zero,Tiny (<10人),0.0034917999999999998,0.024123985298177136,0.021833333333333333,0.0,0.0,0.021833333333333333,1431,7.06388568815906e-07,99.99994751893843,92.3225806451613,🟢 Top 10%~100% 一般微網格 (低誤差)
32_46-32_48,32_46,32_48,False,True Stable,Tiny (<10人),0.0034757100000000003,0.029477576223292175,0.027575000000000002,0.0,0.0,0.027575000000000002,1432,7.031335736637646e-07,99.99994822207199,92.38709677419354,🟢 Top 10%~100% 一般微網格 (低誤差)
55_36-55_36,55_36,55_36,True,Persistent Low Volume,Tiny (<10人),0.00342926,0.020704045498404412,0.0205,0.0,0.0,0.0205,1433,6.937367728671843e-07,99.99994891580877,92.45161290322581,🟢 Top 10%~100% 一般微網格 (低誤差)
36_69-36_69,36_69,36_69,True,Persistent Zero,Tiny (<10人),0.0034008,0.02607987730032486,0.024640000000000002,0.0,0.0,0.024640000000000002,1434,6.879793358236821e-07,99.99994960378811,92.51612903225806,🟢 Top 10%~100% 一般微網格 (低誤差)
31_61-31_61,31_61,31_61,True,Persistent Zero,Tiny (<10人),0.0033118999999999996,0.025736744160829668,0.024519999999999997,0.0,0.0,0.024519999999999997,1435,6.699949312851248e-07,99.99995027378304,92.58064516129032,🟢 Top 10%~100% 一般微網格 (低誤差)
35_57-35_57,35_57,35_57,True,Persistent Zero,Tiny (<10人),0.0033039000000000002,0.02873978079248344,0.028399999999999998,0.0,0.0,0.028399999999999998,1436,6.683765371759185e-07,99.99995094215957,92.64516129032258,🟢 Top 10%~100% 一般微網格 (低誤差)
49_53-49_53,49_53,49_53,True,Persistent Zero,Tiny (<10人),0.0032991,0.028718896218343767,0.02705,0.0,0.0,0.02705,1437,6.674055007103946e-07,99.99995160956507,92.70967741935485,🟢 Top 10%~100% 一般微網格 (低誤差)
64_57-64_57,64_57,64_57,True,Persistent Zero,Tiny (<10人),0.00329577,0.0256739946249118,0.023100000000000002,0.0,0.0,0.023100000000000002,1438,6.667318441624373e-07,99.99995227629691,92.7741935483871,🟢 Top 10%~100% 一般微網格 (低誤差)
33_60-33_60,33_60,33_60,True,Persistent Zero,Tiny (<10人),0.00329354,0.013166024856664817,0.012968421052631579,0.0,0.0,0.012968421052631579,1439,6.66280716804496e-07,99.99995294257764,92.83870967741935,🟢 Top 10%~100% 一般微網格 (低誤差)
33_38-34_37,33_38,34_37,False,True Stable,Tiny (<10人),0.0032837000000000005,0.021658716490133945,0.019857142857142854,0.0,0.0,0.019857142857142854,1440,6.642900920501721e-07,99.99995360686772,92.90322580645162,🟢 Top 10%~100% 一般微網格 (低誤差)
37_42-41_47,37_42,41_47,False,Partial Recovery,Tiny (<10人),0.00313979,0.022875714925075747,0.020116666666666668,0.0,0.0,0.020116666666666668,1441,6.351772050181837e-07,99.99995424204492,92.96774193548387,🟢 Top 10%~100% 一般微網格 (低誤差)
35_61-35_61,35_61,35_61,True,Persistent Zero,Tiny (<10人),0.00308266,0.027760853733269805,0.02595,0.0,0.0,0.02595,1442,6.236198480858127e-07,99.99995486566476,93.03225806451613,🟢 Top 10%~100% 一般微網格 (低誤差)
30_37-32_37,30_37,32_37,False,True Stable,Tiny (<10人),0.00304782,0.02760353238264987,0.02595,0.0,0.0,0.02595,1443,6.165717417402185e-07,99.99995548223652,93.09677419354838,🟢 Top 10%~100% 一般微網格 (低誤差)
39_45-38_43,39_45,38_43,False,Partial Dissipation,Tiny (<10人),0.0030445700000000003,0.02467618284905508,0.02346,0.0,0.0,0.02346,1444,6.159142691333534e-07,99.99995609815078,93.16129032258064,🟢 Top 10%~100% 一般微網格 (低誤差)
61_64-61_62,61_64,61_62,False,Temporary Increase,Tiny (<10人),0.0029715600000000003,0.013221106120851747,0.013,0.0,0.0,0.013,1445,6.011443998942076e-07,99.99995669929518,93.2258064516129,🟢 Top 10%~100% 一般微網格 (低誤差)
35_52-35_52,35_52,35_52,True,Persistent Zero,Tiny (<10人),0.00289323,0.031054951296049398,0.031033333333333333,0.0,0.0,0.031033333333333333,1446,5.852982985724395e-07,99.99995728459348,93.29032258064515,🟢 Top 10%~100% 一般微網格 (低誤差)
47_58-47_58,47_58,47_58,True,Persistent Zero,Tiny (<10人),0.0028658399999999997,0.013383385221983263,0.0132875,0.0,0.0,0.0132875,1447,5.797573217410436e-07,99.99995786435079,93.35483870967742,🟢 Top 10%~100% 一般微網格 (低誤差)
36_61-36_61,36_61,36_61,True,Persistent Zero,Tiny (<10人),0.0028657500000000002,0.012983586923949972,0.012805882352941176,0.0,0.0,0.012805882352941176,1448,5.797391148073151e-07,99.99995844408991,93.41935483870968,🟢 Top 10%~100% 一般微網格 (低誤差)
34_37-33_38,34_37,33_38,False,True Stable,Tiny (<10人),0.00283608,0.01331371473331166,0.013175,0.0,0.0,0.013175,1449,5.737368956547954e-07,99.9999590178268,93.48387096774194,🟢 Top 10%~100% 一般微網格 (低誤差)
40_46-39_44,40_46,39_44,False,Temporary Increase,Tiny (<10人),0.00279879,0.026451795780249022,0.024925,0.0,0.0,0.024925,1450,5.661931561132567e-07,99.99995958401995,93.54838709677419,🟢 Top 10%~100% 一般微網格 (低誤差)
44_54-44_54,44_54,44_54,True,Persistent Zero,Tiny (<10人),0.0027320400000000007,0.012319902597017561,0.012222222222222221,0.0,0.0,0.012222222222222221,1451,5.526896802645651e-07,99.99996013670963,93.61290322580645,🟢 Top 10%~100% 一般微網格 (低誤差)
49_63-49_63,49_63,49_63,True,Persistent Zero,Tiny (<10人),0.00270352,0.011928559272426385,0.01183157894736842,0.0,0.0,0.01183157894736842,1452,5.469201052652439e-07,99.99996068362974,93.6774193548387,🟢 Top 10%~100% 一般微網格 (低誤差)
50_64-50_64,50_64,50_64,True,Persistent Zero,Tiny (<10人),0.00268685,0.023181242417092317,0.0223,0.0,0.0,0.0223,1453,5.435477765401848e-07,99.99996122717752,93.74193548387096,🟢 Top 10%~100% 一般微網格 (低誤差)
51_63-51_63,51_63,51_63,True,Persistent Zero,Tiny (<10人),0.00268446,0.012952943680878104,0.0127875,0.0,0.0,0.0127875,1454,5.430642813000594e-07,99.99996177024181,93.80645161290323,🟢 Top 10%~100% 一般微網格 (低誤差)
45_41-45_40,45_41,45_40,False,Partial Dissipation,Tiny (<10人),0.0026528099999999994,0.029736677689345188,0.029366666666666666,0.0,0.0,0.029366666666666666,1455,5.36661509605511e-07,99.99996230690333,93.87096774193549,🟢 Top 10%~100% 一般微網格 (低誤差)
65_70-65_70,65_70,65_70,True,Persistent Zero,Tiny (<10人),0.00257306,0.012302701759704463,0.012211764705882353,0.0,0.0,0.012211764705882353,1456,5.205281433293589e-07,99.99996282743146,93.93548387096774,🟢 Top 10%~100% 一般微網格 (低誤差)
45_40-45_41,45_40,45_41,False,True Stable,Tiny (<10人),0.0025642100000000004,0.011935497941481583,0.011861111111111109,0.0,0.0,0.011861111111111109,1457,5.187377948460492e-07,99.99996334616925,94.0,🟢 Top 10%~100% 一般微網格 (低誤差)
40_46-38_43,40_46,38_43,False,Partial Dissipation,Tiny (<10人),0.00252542,0.012188277878644663,0.012094117647058825,0.0,0.0,0.012094117647058825,1458,5.108906064090341e-07,99.99996385705985,94.06451612903226,🟢 Top 10%~100% 一般微網格 (低誤差)
61_50-61_50,61_50,61_50,True,Persistent Low Volume,Tiny (<10人),0.0025171,0.012168184165369661,0.01208235294117647,0.0,0.0,0.01208235294117647,1459,5.092074765354594e-07,99.99996436626733,94.12903225806451,🟢 Top 10%~100% 一般微網格 (低誤差)
45_42-50_44,45_42,50_44,False,True Stable,Tiny (<10人),0.00250155,0.012503874399561122,0.01236875,0.0,0.0,0.01236875,1460,5.060617229856892e-07,99.99996487232906,94.19354838709677,🟢 Top 10%~100% 一般微網格 (低誤差)
34_39-36_42,34_39,36_42,False,True Stable,Tiny (<10人),0.00245705,0.013747866967418842,0.013407692307692306,0.0,0.0,0.013407692307692306,1461,4.970594057532282e-07,99.99996536938848,94.25806451612904,🟢 Top 10%~100% 一般微網格 (低誤差)
50_38-50_38,50_38,50_38,True,Persistent Low Volume,Tiny (<10人),0.0024561599999999998,0.024779830507894923,0.024599999999999997,0.0,0.0,0.024599999999999997,1462,4.968793594085789e-07,99.99996586626783,94.3225806451613,🟢 Top 10%~100% 一般微網格 (低誤差)
68_61-68_61,68_61,68_61,True,Persistent Zero,Tiny (<10人),0.0024514299999999997,0.012783922194172907,0.012713333333333333,0.0,0.0,0.012713333333333333,1463,4.959224838915106e-07,99.99996636219032,94.38709677419355,🟢 Top 10%~100% 一般微網格 (低誤差)
44_41-45_42,44_41,45_42,False,Delayed Increase,Tiny (<10人),0.0024405699999999995,0.01235053136508709,0.01221875,0.0,0.0,0.01221875,1464,4.937255138882626e-07,99.99996685591583,94.45161290322581,🟢 Top 10%~100% 一般微網格 (低誤差)
56_44-55_44,56_44,55_44,False,Recovered,Tiny (<10人),0.00240334,0.01225596793403116,0.0120875,0.0,0.0,0.0120875,1465,4.86193912302543e-07,99.99996734210974,94.51612903225806,🟢 Top 10%~100% 一般微網格 (低誤差)
38_70-38_70,38_70,38_70,True,Persistent Zero,Tiny (<10人),0.0023869900000000003,0.012614779691562857,0.012526666666666665,0.0,0.0,0.012526666666666665,1466,4.828863193418522e-07,99.99996782499606,94.58064516129032,🟢 Top 10%~100% 一般微網格 (低誤差)
65_61-65_61,65_61,65_61,True,Persistent Zero,Tiny (<10人),0.0023847100000000004,0.012608753573080358,0.012499999999999999,0.0,0.0,0.012499999999999999,1467,4.824250770207285e-07,99.99996830742114,94.64516129032258,🟢 Top 10%~100% 一般微網格 (低誤差)
36_59-36_59,36_59,36_59,True,Persistent Zero,Tiny (<10人),0.00237548,0.012184724042833306,0.012125,0.0,0.0,0.012125,1468,4.805578548172315e-07,99.999968787979,94.70967741935485,🟢 Top 10%~100% 一般微網格 (低誤差)
37_42-39_44,37_42,39_44,False,Temporary Increase,Tiny (<10人),0.00237493,0.02813615704628714,0.027366666666666668,0.0,0.0,0.027366666666666668,1469,4.804465902222234e-07,99.99996926842559,94.7741935483871,🟢 Top 10%~100% 一般微網格 (低誤差)
43_64-43_64,43_64,43_64,True,Persistent Zero,Tiny (<10人),0.00235719,0.011775323150305371,0.011699999999999999,0.0,0.0,0.011699999999999999,1470,4.76857801285058e-07,99.9999697452834,94.83870967741936,🟢 Top 10%~100% 一般微網格 (低誤差)
33_38-31_37,33_38,31_37,False,True Stable,Tiny (<10人),0.00233253,0.01207406828703565,0.01193125,0.0,0.0,0.01193125,1471,4.7186910144342897e-07,99.9999702171525,94.9032258064516,🟢 Top 10%~100% 一般微網格 (低誤差)
58_44-52_44,58_44,52_44,False,Partial Dissipation,Tiny (<10人),0.00232174,0.024092218660804156,0.0229,0.0,0.0,0.0229,1472,4.6968629238863673e-07,99.99997068683878,94.96774193548387,🟢 Top 10%~100% 一般微網格 (低誤差)
57_63-57_63,57_63,57_63,True,Persistent Low Volume,Tiny (<10人),0.00229967,0.01238189538533311,0.012273333333333334,0.0,0.0,0.012273333333333334,1473,4.6522154763986333e-07,99.99997115206033,95.03225806451613,🟢 Top 10%~100% 一般微網格 (低誤差)
43_53-43_53,43_53,43_53,True,Persistent Zero,Tiny (<10人),0.00227057,0.011912624605854077,0.01188125,0.0,0.0,0.01188125,1474,4.5933463906762464e-07,99.99997161139498,95.09677419354838,🟢 Top 10%~100% 一般微網格 (低誤差)
63_44-63_44,63_44,63_44,True,Persistent Zero,Tiny (<10人),0.0022679300000000005,0.012296151159339795,0.012206666666666666,0.0,0.0,0.012206666666666666,1475,4.588005690115866e-07,99.99997207019554,95.16129032258065,🟢 Top 10%~100% 一般微網格 (低誤差)
59_61-58_61,59_61,58_61,False,Partial Recovery,Tiny (<10人),0.00226336,0.01153857978823268,0.011494117647058825,0.0,0.0,0.011494117647058825,1476,4.578760613767023e-07,99.99997252807161,95.22580645161291,🟢 Top 10%~100% 一般微網格 (低誤差)
42_45-43_44,42_45,43_44,False,Partial Recovery,Tiny (<10人),0.00225748,0.011523581959463411,0.011447058823529411,0.0,0.0,0.011447058823529411,1477,4.5668654170643553e-07,99.99997298475814,95.29032258064515,🟢 Top 10%~100% 一般微網格 (低誤差)
32_57-32_57,32_57,32_57,True,Persistent Zero,Tiny (<10人),0.00225531,0.012692264235689841,0.012507142857142856,0.0,0.0,0.012507142857142856,1478,4.5624755230431325e-07,99.99997344100571,95.35483870967741,🟢 Top 10%~100% 一般微網格 (低誤差)
49_67-49_67,49_67,49_67,True,Persistent Zero,Tiny (<10人),0.00225027,0.01224818353879464,0.012166666666666668,0.0,0.0,0.012166666666666668,1479,4.552279640155132e-07,99.99997389623367,95.41935483870968,🟢 Top 10%~100% 一般微網格 (低誤差)
45_41-46_42,45_41,46_42,False,Partial Dissipation,Tiny (<10人),0.00225005,0.012247584795923371,0.012086666666666667,0.0,0.0,0.012086666666666667,1480,4.5518345817751e-07,99.99997435141714,95.48387096774194,🟢 Top 10%~100% 一般微網格 (低誤差)
34_39-38_44,34_39,38_44,False,True Stable,Tiny (<10人),0.0022475,0.01224064268465236,0.012159999999999999,0.0,0.0,0.012159999999999999,1481,4.5466759505520044e-07,99.99997480608472,95.54838709677419,🟢 Top 10%~100% 一般微網格 (低誤差)
40_48-40_47,40_48,40_47,False,True Stable,Tiny (<10人),0.0022366499999999997,0.011823308547103048,0.01175625,0.0,0.0,0.01175625,1482,4.524726480445891e-07,99.99997525855737,95.61290322580646,🟢 Top 10%~100% 一般微網格 (低誤差)
35_64-35_64,35_64,35_64,True,Persistent Zero,Tiny (<10人),0.00223325,0.011814318643070365,0.011668749999999999,0.0,0.0,0.011668749999999999,1483,4.517848305481764e-07,99.9999757103422,95.6774193548387,🟢 Top 10%~100% 一般微網格 (低誤差)
42_43-43_44,42_43,43_44,False,Partial Recovery,Tiny (<10人),0.0022328499999999998,0.013105635898638886,0.012900000000000002,0.0,0.0,0.012900000000000002,1484,4.51703910842716e-07,99.99997616204611,95.74193548387096,🟢 Top 10%~100% 一般微網格 (低誤差)
30_70-32_70,30_70,32_70,False,True Stable,Tiny (<10人),0.00223146,0.011809582973162093,0.0117125,0.0,0.0,0.0117125,1485,4.514227148662415e-07,99.99997661346883,95.80645161290322,🟢 Top 10%~100% 一般微網格 (低誤差)
42_63-42_63,42_63,42_63,True,Persistent Zero,Tiny (<10人),0.00222953,0.012619514366929612,0.012407142857142856,0.0,0.0,0.012407142857142856,1486,4.5103227728739535e-07,99.99997706450111,95.87096774193549,🟢 Top 10%~100% 一般微網格 (低誤差)
66_40-66_40,66_40,66_40,True,Persistent Zero,Tiny (<10人),0.0022064000000000003,0.012128204044017949,0.011946666666666668,0.0,0.0,0.011946666666666668,1487,4.4635309531915214e-07,99.9999775108542,95.93548387096774,🟢 Top 10%~100% 一般微網格 (低誤差)
41_62-41_62,41_62,41_62,True,Persistent Zero,Tiny (<10人),0.00220371,0.013551475934377036,0.013391666666666665,0.0,0.0,0.013391666666666665,1488,4.4580891029993136e-07,99.99997795666312,96.0,🟢 Top 10%~100% 一般微網格 (低誤差)
30_41-30_41,30_41,30_41,True,Persistent Zero,Tiny (<10人),0.0021847999999999998,0.01168546105209375,0.011625,0.0,0.0,0.011625,1489,4.419834312242945e-07,99.99997839864655,96.06451612903226,🟢 Top 10%~100% 一般微網格 (低誤差)
58_64-58_64,58_64,58_64,True,Persistent Zero,Tiny (<10人),0.0021847300000000006,0.01206849894007812,0.01202,0.0,0.0,0.01202,1490,4.4196927027583906e-07,99.99997884061582,96.12903225806451,🟢 Top 10%~100% 一般微網格 (低誤差)
59_61-58_60,59_61,58_60,False,Partial Recovery,Tiny (<10人),0.0021845199999999997,0.02336942446873692,0.02225,0.0,0.0,0.02225,1491,4.419267874304722e-07,99.99997928254261,96.19354838709677,🟢 Top 10%~100% 一般微網格 (低誤差)
66_64-66_64,66_64,66_64,True,Persistent Zero,Tiny (<10人),0.0021065899999999998,0.011850710245944474,0.011779999999999997,0.0,0.0,0.011779999999999997,1492,4.2616160581416447e-07,99.99997970870422,96.25806451612902,🟢 Top 10%~100% 一般微網格 (低誤差)
58_44-57_42,58_44,57_42,False,Persistent Decrease,Tiny (<10人),0.0020916999999999997,0.01222322145987476,0.01207142857142857,0.0,0.0,0.01207142857142857,1493,4.2314936977840386e-07,99.99998013185359,96.3225806451613,🟢 Top 10%~100% 一般微網格 (低誤差)
31_49-30_48,31_49,30_48,False,True Stable,Tiny (<10人),0.0020517099999999996,0.012105813243467546,0.012021428571428572,0.0,0.0,0.012021428571428572,1494,4.150594222250078e-07,99.99998054691301,96.38709677419355,🟢 Top 10%~100% 一般微網格 (低誤差)
43_42-42_43,43_42,42_43,False,True Stable,Tiny (<10人),0.00203984,0.012526402884737869,0.012399999999999998,0.0,0.0,0.012399999999999998,1495,4.1265812996547275e-07,99.99998095957112,96.45161290322581,🟢 Top 10%~100% 一般微網格 (低誤差)
62_54-62_54,62_54,62_54,True,Persistent Zero,Tiny (<10人),0.0020334100000000003,0.012506644387930517,0.012361538461538464,0.0,0.0,0.012361538461538464,1496,4.1135734570019804e-07,99.99998137092847,96.51612903225806,🟢 Top 10%~100% 一般微網格 (低誤差)
40_38-39_39,40_38,39_39,False,True Stable,Tiny (<10人),0.00199833,0.011542183502266806,0.011500000000000002,0.0,0.0,0.011500000000000002,1497,4.0426068753132757e-07,99.99998177518916,96.58064516129032,🟢 Top 10%~100% 一般微網格 (低誤差)
50_44-47_43,50_44,47_43,False,Partial Dissipation,Tiny (<10人),0.0019970800000000005,0.011538572990914722,0.011479999999999999,0.0,0.0,0.011479999999999999,1498,4.0400781345176416e-07,99.99998217919698,96.64516129032258,🟢 Top 10%~100% 一般微網格 (低誤差)
43_60-43_60,43_60,43_60,True,Persistent Zero,Tiny (<10人),0.00199284,0.012886814967244623,0.012783333333333334,0.0,0.0,0.012783333333333334,1499,4.031500645738846e-07,99.99998258234704,96.70967741935483,🟢 Top 10%~100% 一般微網格 (低誤差)
60_47-60_47,60_47,60_47,True,Persistent Zero,Tiny (<10人),0.00197934,0.012339243213298094,0.012276923076923078,0.0,0.0,0.012276923076923078,1500,4.004190245145986e-07,99.99998298276607,96.7741935483871,🟢 Top 10%~100% 一般微網格 (低誤差)
37_43-41_47,37_43,41_47,False,Partial Recovery,Tiny (<10人),0.00196935,0.01230806489820644,0.012161538461538463,0.0,0.0,0.012161538461538463,1501,3.9839805487072695e-07,99.99998338116411,96.83870967741936,🟢 Top 10%~100% 一般微網格 (低誤差)
45_42-49_44,45_42,49_44,False,Partial Dissipation,Tiny (<10人),0.00196597,0.012297498182088158,0.012176923076923078,0.0,0.0,0.012176923076923078,1502,3.9771428335958725e-07,99.9999837788784,96.90322580645162,🟢 Top 10%~100% 一般微網格 (低誤差)
57_44-55_44,57_44,55_44,False,Recovered,Tiny (<10人),0.0019652100000000002,0.011847875035513452,0.01175,0.0,0.0,0.01175,1503,3.9756053591921265e-07,99.99998417643894,96.96774193548387,🟢 Top 10%~100% 一般微網格 (低誤差)
40_38-41_39,40_38,41_39,False,Delayed Increase,Tiny (<10人),0.0019567499999999997,0.012268627908989282,0.012130769230769231,0.0,0.0,0.012130769230769231,1504,3.9584908414872676e-07,99.99998457228801,97.03225806451613,🟢 Top 10%~100% 一般微網格 (低誤差)
44_61-44_61,44_61,44_61,True,Persistent Zero,Tiny (<10人),0.00194249,0.012722977900895162,0.012641666666666669,0.0,0.0,0.012641666666666669,1505,3.9296429664906627e-07,99.99998496525231,97.09677419354838,🟢 Top 10%~100% 一般微網格 (低誤差)
32_62-32_62,32_62,32_62,True,Persistent Zero,Tiny (<10人),0.0019423499999999998,0.012722519404583355,0.012641666666666667,0.0,0.0,0.012641666666666667,1506,3.9293597475215507e-07,99.9999853581883,97.16129032258064,🟢 Top 10%~100% 一般微網格 (低誤差)
36_38-37_38,36_38,37_38,False,Partial Dissipation,Tiny (<10人),0.0019337199999999999,0.012196216311122573,0.012123076923076924,0.0,0.0,0.012123076923076924,1507,3.911901321068486e-07,99.99998574937842,97.22580645161291,🟢 Top 10%~100% 一般微網格 (低誤差)
46_55-46_55,46_55,46_55,True,Persistent Zero,Tiny (<10人),0.0019292399999999998,0.012182080155830404,0.01209230769230769,0.0,0.0,0.01209230769230769,1508,3.902838314056929e-07,99.99998613966225,97.29032258064517,🟢 Top 10%~100% 一般微網格 (低誤差)
49_68-49_68,49_68,49_68,True,Persistent Zero,Tiny (<10人),0.0019253700000000002,0.011727166263485335,0.011635714285714287,0.0,0.0,0.011635714285714287,1509,3.895009332553643e-07,99.9999865291632,97.35483870967741,🟢 Top 10%~100% 一般微網格 (低誤差)
43_41-45_42,43_41,45_42,False,Delayed Increase,Tiny (<10人),0.0019056099999999999,0.012601620266193285,0.012491666666666667,0.0,0.0,0.012491666666666667,1510,3.855034998056242e-07,99.9999869146667,97.41935483870968,🟢 Top 10%~100% 一般微網格 (低誤差)
60_68-60_68,60_68,60_68,True,Persistent Zero,Tiny (<10人),0.00188515,0.012042073677798954,0.01196153846153846,0.0,0.0,0.01196153846153846,1511,3.813644568713286e-07,99.99998729603115,97.48387096774194,🟢 Top 10%~100% 一般微網格 (低誤差)
59_65-59_65,59_65,59_65,True,Persistent Zero,Tiny (<10人),0.00188367,0.01308597444872667,0.013009090909090908,0.0,0.0,0.013009090909090908,1512,3.810650539611255e-07,99.9999876770962,97.54838709677419,🟢 Top 10%~100% 一般微網格 (低誤差)
63_68-63_68,63_68,63_68,True,Persistent Zero,Tiny (<10人),0.0018787499999999998,0.012021615148108459,0.011976923076923078,0.0,0.0,0.011976923076923078,1513,3.8006974158396336e-07,99.99998805716595,97.61290322580645,🟢 Top 10%~100% 一般微網格 (低誤差)
58_66-58_66,58_66,58_66,True,Persistent Zero,Tiny (<10人),0.0018783799999999998,0.012020431324655918,0.01196923076923077,0.0,0.0,0.01196923076923077,1514,3.799948908564126e-07,99.99998843716084,97.67741935483872,🟢 Top 10%~100% 一般微網格 (低誤差)
32_59-32_59,32_59,32_59,True,Persistent Zero,Tiny (<10人),0.00186077,0.011528752875187448,0.01149285714285714,0.0,0.0,0.01149285714285714,1515,3.7643240082352187e-07,99.99998881359323,97.74193548387096,🟢 Top 10%~100% 一般微網格 (低誤差)
55_44-54_44,55_44,54_44,False,Partial Recovery,Tiny (<10人),0.0018602500000000001,0.013004369894909803,0.0129,0.0,0.0,0.0129,1516,3.763272052064234e-07,99.99998918992044,97.80645161290322,🟢 Top 10%~100% 一般微網格 (低誤差)
43_45-44_45,43_45,44_45,False,Delayed Decrease,Tiny (<10人),0.00183233,0.011440310934835394,0.011378571428571427,0.0,0.0,0.011378571428571427,1517,3.706790097652927e-07,99.99998956059946,97.87096774193549,🟢 Top 10%~100% 一般微網格 (低誤差)
62_48-62_48,62_48,62_48,True,Persistent Zero,Tiny (<10人),0.0018232799999999998,0.011842816712771825,0.011784615384615385,0.0,0.0,0.011784615384615385,1518,3.6884820142925286e-07,99.99998992944766,97.93548387096774,🟢 Top 10%~100% 一般微網格 (低誤差)
37_65-37_65,37_65,37_65,True,Persistent Zero,Tiny (<10人),0.00182265,0.011840770505074667,0.011776923076923077,0.0,0.0,0.011776923076923077,1519,3.687207528931529e-07,99.99999029816841,98.0,🟢 Top 10%~100% 一般微網格 (低誤差)
36_57-36_57,36_57,36_57,True,Persistent Zero,Tiny (<10人),0.0018154199999999999,0.012299796746288127,0.012166666666666666,0.0,0.0,0.012166666666666666,1520,3.672581292169575e-07,99.99999066542655,98.06451612903226,🟢 Top 10%~100% 一般微網格 (低誤差)
56_54-54_56,56_54,54_56,False,True Stable,Tiny (<10人),0.00181338,0.011380999202932177,0.01134285714285714,0.0,0.0,0.01134285714285714,1521,3.6684543871910985e-07,99.99999103227198,98.12903225806451,🟢 Top 10%~100% 一般微網格 (低誤差)
61_64-60_62,61_64,60_62,False,Delayed Decrease,Tiny (<10人),0.0017993599999999998,0.012789768638180356,0.012618181818181817,0.0,0.0,0.012618181818181817,1522,3.640092030427254e-07,99.99999139628119,98.19354838709677,🟢 Top 10%~100% 一般微網格 (低誤差)
47_65-47_65,47_65,47_65,True,Persistent Low Volume,Tiny (<10人),0.00178386,0.011714094075087497,0.011661538461538463,0.0,0.0,0.011661538461538463,1523,3.608735644561378e-07,99.99999175715473,98.25806451612902,🟢 Top 10%~100% 一般微網格 (低誤差)
34_62-34_62,34_62,34_62,True,Persistent Zero,Tiny (<10人),0.0017749800000000002,0.012162031080374693,0.012066666666666668,0.0,0.0,0.012066666666666668,1524,3.590771469949187e-07,99.99999211623188,98.3225806451613,🟢 Top 10%~100% 一般微網格 (低誤差)
66_45-66_45,66_45,66_45,True,Persistent Zero,Tiny (<10人),0.00177489,0.011684605256490267,0.011623076923076923,0.0,0.0,0.011623076923076923,1525,3.590589400611901e-07,99.99999247529084,98.38709677419355,🟢 Top 10%~100% 一般微網格 (低誤差)
41_69-41_69,41_69,41_69,True,Persistent Zero,Tiny (<10人),0.0017702300000000002,0.012685818854137876,0.012554545454545455,0.0,0.0,0.012554545454545455,1526,3.5811622549257734e-07,99.99999283340706,98.45161290322581,🟢 Top 10%~100% 一般微網格 (低誤差)
38_43-40_46,38_43,40_46,False,Partial Dissipation,Tiny (<10人),0.0017660199999999999,0.012670725027687749,0.012545454545454547,0.0,0.0,0.012545454545454547,1527,3.5726454559260737e-07,99.9999931906716,98.51612903225806,🟢 Top 10%~100% 一般微網格 (低誤差)
51_44-49_44,51_44,49_44,False,Partial Dissipation,Tiny (<10人),0.0017612900000000002,0.012115038863605295,0.012041666666666668,0.0,0.0,0.012041666666666668,1528,3.5630767007553904e-07,99.99999354697928,98.58064516129032,🟢 Top 10%~100% 一般微網格 (低誤差)
42_35-41_36,42_35,41_36,False,True Stable,Tiny (<10人),0.00175997,0.012649002835293884,0.012445454545454544,0.0,0.0,0.012445454545454544,1529,3.5604063504751996e-07,99.99999390301991,98.64516129032258,🟢 Top 10%~100% 一般微網格 (低誤差)
61_55-61_55,61_55,61_55,True,Persistent Zero,Tiny (<10人),0.0017008000000000004,0.011438127872635857,0.0114,0.0,0.0,0.0114,1530,3.4407058761730146e-07,99.99999424709051,98.70967741935483,🟢 Top 10%~100% 一般微網格 (低誤差)
58_44-59_47,58_44,59_47,False,Persistent Decrease,Tiny (<10人),0.0016803400000000004,0.011369121473399918,0.011338461538461539,0.0,0.0,0.011338461538461539,1531,3.3993154468300585e-07,99.99999458702204,98.7741935483871,🟢 Top 10%~100% 一般微網格 (低誤差)
39_55-39_55,39_55,39_55,True,Persistent Zero,Tiny (<10人),0.0016683400000000001,0.011791027662308886,0.0117,0.0,0.0,0.0117,1532,3.3750395351919604e-07,99.99999492452599,98.83870967741936,🟢 Top 10%~100% 一般微網格 (低誤差)
41_39-42_40,41_39,42_40,False,Temporary Increase,Tiny (<10人),0.0016321200000000001,0.012180909056985257,0.012090909090909091,0.0,0.0,0.012090909090909091,1533,3.3017667418976366e-07,99.99999525470267,98.90322580645162,🟢 Top 10%~100% 一般微網格 (低誤差)
42_36-42_35,42_36,42_35,False,True Stable,Tiny (<10人),0.00163029,0.011198523254292197,0.011176923076923076,0.0,0.0,0.011176923076923076,1534,3.298064665372826e-07,99.99999558450914,98.96774193548387,🟢 Top 10%~100% 一般微網格 (低誤差)
37_43-39_44,37_43,39_44,False,Temporary Increase,Tiny (<10人),0.0015746500000000001,0.011964530914331745,0.011899999999999999,0.0,0.0,0.011899999999999999,1535,3.185505355077515e-07,99.99999590305967,99.03225806451613,🟢 Top 10%~100% 一般微網格 (低誤差)
54_60-55_60,54_60,55_60,False,Partial Dissipation,Tiny (<10人),0.0015617299999999999,0.012496919620450473,0.012369999999999999,0.0,0.0,0.012369999999999999,1536,3.159368290213829e-07,99.9999962189965,99.09677419354838,🟢 Top 10%~100% 一般微網格 (低誤差)
38_62-38_62,38_62,38_62,True,Persistent Zero,Tiny (<10人),0.0015583699999999997,0.011395796008470257,0.011341666666666667,0.0,0.0,0.011341666666666667,1537,3.152571034955162e-07,99.99999653425361,99.16129032258064,🟢 Top 10%~100% 一般微網格 (低誤差)
54_60-54_56,54_60,54_56,False,True Stable,Tiny (<10人),0.0015383,0.012402822259469818,0.01234,0.0,0.0,0.01234,1538,3.1119695727404444e-07,99.99999684545057,99.22580645161291,🟢 Top 10%~100% 一般微網格 (低誤差)
59_40-59_40,59_40,59_40,True,Persistent Zero,Tiny (<10人),0.00150992,0.011716034079220432,0.011672727272727272,0.0,0.0,0.011672727272727272,1539,3.054557041716344e-07,99.99999715090627,99.29032258064517,🟢 Top 10%~100% 一般微網格 (低誤差)
35_40-36_41,35_40,36_41,False,Temporary Increase,Tiny (<10人),0.0014815699999999998,0.01160552376319922,0.011536363636363635,0.0,0.0,0.011536363636363635,1540,2.997205200471338e-07,99.9999974506268,99.35483870967742,🟢 Top 10%~100% 一般微網格 (低誤差)
51_59-51_59,51_59,51_59,True,Persistent Zero,Tiny (<10人),0.0014650099999999999,0.012103759746458949,0.012050000000000002,0.0,0.0,0.012050000000000002,1541,2.9637044424107635e-07,99.99999774699724,99.41935483870967,🟢 Top 10%~100% 一般微網格 (低誤差)
32_37-30_37,32_37,30_37,False,Partial Dissipation,Tiny (<10人),0.0014461200000000004,0.011465838588845326,0.011436363636363639,0.0,0.0,0.011436363636363639,1542,2.9254901115071265e-07,99.99999803954624,99.48387096774194,🟢 Top 10%~100% 一般微網格 (低誤差)
59_60-60_62,59_60,60_62,False,Delayed Decrease,Tiny (<10人),0.00141689,0.012547199776134204,0.012477777777777775,0.0,0.0,0.012477777777777775,1543,2.866358036741993e-07,99.99999832618205,99.54838709677419,🟢 Top 10%~100% 一般微網格 (低誤差)
61_54-61_54,61_54,61_54,True,Persistent Zero,Tiny (<10人),0.0014071300000000001,0.011862251051128534,0.01177,0.0,0.0,0.01177,1544,2.846613628609674e-07,99.9999986108434,99.61290322580645,🟢 Top 10%~100% 一般微網格 (低誤差)
34_38-36_37,34_38,36_37,False,Partial Dissipation,Tiny (<10人),0.00130386,0.0120363338825962,0.01191111111111111,0.0,0.0,0.01191111111111111,1545,2.63769917903748e-07,99.99999887461331,99.67741935483872,🟢 Top 10%~100% 一般微網格 (低誤差)
32_53-32_53,32_53,32_53,True,Persistent Zero,Tiny (<10人),0.0012548400000000001,0.011807906955369638,0.01171111111111111,0.0,0.0,0.01171111111111111,1546,2.538532079995852e-07,99.99999912846653,99.74193548387098,🟢 Top 10%~100% 一般微網格 (低誤差)
51_44-47_43,51_44,47_43,False,Partial Dissipation,Tiny (<10人),0.0012472700000000002,0.011168124282976082,0.011130000000000001,0.0,0.0,0.011130000000000001,1547,2.5232180257374856e-07,99.99999938078832,99.80645161290323,🟢 Top 10%~100% 一般微網格 (低誤差)
48_60-48_60,48_60,48_60,True,Persistent Zero,Tiny (<10人),0.00123912,0.011733712115098103,0.011711111111111111,0.0,0.0,0.011711111111111111,1548,2.5067306357499445e-07,99.9999996314614,99.87096774193547,🟢 Top 10%~100% 一般微網格 (低誤差)
31_36-30_37,31_36,30_37,False,Partial Dissipation,Tiny (<10人),0.00122028,0.011644168783844843,0.011577777777777777,0.0,0.0,0.011577777777777777,1549,2.4686174544781314e-07,99.99999987832314,99.93548387096774,🟢 Top 10%~100% 一般微網格 (低誤差)
35_49-35_50,35_49,35_50,False,Delayed Decrease,Tiny (<10人),0.00060147,0.012262442660416399,0.012175,0.0,0.0,0.012175,1550,1.21676938108054e-07,100.00000000000009,100.0,🟢 Top 10%~100% 一般微網格 (低誤差)
